Group,Size,Direction,x_youbot_transformed,y_youbot_transformed,theta,x_optitrack,y_optitrack,accuracy_error
Group2,Small,Left,-182.60000000000002,40.870000000000005,-1.85,-198.501068,93.367668,54.85297721162313
Group2,Small,Left,-182.60000000000002,40.870000000000005,-1.85,-198.577362,93.320236,54.82976703338013
Group2,Small,Left,-182.60000000000002,40.870000000000005,-1.84,-198.4776,93.431023,54.90682398906831
Group2,Small,Left,-182.60000000000002,40.870000000000005,-1.92,-198.474701,93.416122,54.89172131640876
Group2,Small,Left,-182.60000000000002,40.870000000000005,-1.86,-198.458771,93.410782,54.882004252778195
Group2,Small,Left,-182.60000000000002,40.870000000000005,-1.85,-198.482742,93.457672,54.93382145653211
Group2,Small,Left,-182.60000000000002,40.870000000000005,-1.87,-198.433136,93.49781,54.95793464997201
Group2,Small,Left,-182.60000000000002,40.870000000000005,-1.84,-198.516129,93.393517,54.8820826900176
Group2,Small,Left,-182.60000000000002,40.870000000000005,-1.85,-198.434174,93.452873,54.9152037162424
Group2,Small,Left,-182.60000000000002,40.870000000000005,-1.84,-198.502426,93.419746,54.90321445370928
Group2,Small,Left,-182.60000000000002,40.870000000000005,-1.85,-198.46553,93.446182,54.91784733470552
Group2,Small,Left,-182.60000000000002,40.870000000000005,-1.86,-198.437988,93.465599,54.92848894751196
Group2,Small,Left,-182.60000000000002,40.870000000000005,-1.85,-198.441483,93.453476,54.917888996954936
Group2,Small,Left,-182.60000000000002,40.870000000000005,-1.85,-198.449127,93.458191,54.92460886810765
Group2,Small,Left,-182.60000000000002,40.870000000000005,-1.86,-198.492538,93.403473,54.88477520700228
Group2,Small,Left,-182.60000000000002,40.870000000000005,-1.85,-198.446304,93.467308,54.93252369323003
Group2,Small,Left,-182.60000000000002,40.870000000000005,-1.85,-198.451019,93.443123,54.9107281440657
Group2,Small,Left,-182.60000000000002,40.870000000000005,-1.85,-198.440857,93.411598,54.877611745483705
Group2,Small,Left,-182.60000000000002,40.870000000000005,-1.85,-198.474304,93.379524,54.85657333621005
Group2,Small,Left,-182.60000000000002,40.870000000000005,-1.84,-198.430862,93.457764,54.91893220177117
Group2,Small,Left,-182.60000000000002,40.870000000000005,-1.85,-198.417038,93.439552,54.89750894689254
Group2,Small,Left,-182.60000000000002,40.870000000000005,-1.86,-198.407776,93.458229,54.912727226232505
Group2,Small,Left,-182.60000000000002,40.870000000000005,-1.85,-198.439392,93.473206,54.93617770111149
Group2,Small,Left,-182.60000000000002,40.870000000000005,-1.85,-198.41246,93.493492,54.94784619551219
Group2,Small,Left,-182.60000000000002,40.870000000000005,-1.85,-198.370239,93.527733,54.96851173914397
Group4,Medium,Right,-215.4,33.970000000000006,-0.94,-234.946091,85.214722,54.84588595544395
Group4,Medium,Right,-215.4,33.970000000000006,-0.96,-234.968704,85.222603,54.861311418113445
Group4,Medium,Right,-215.4,33.970000000000006,-0.96,-234.988449,85.322617,54.961792246744366
Group4,Medium,Right,-215.4,33.970000000000006,-0.95,-234.982986,85.309975,54.94803339225909
Group4,Medium,Right,-215.4,33.970000000000006,-0.95,-234.987564,85.304832,54.94485999547473
Group4,Medium,Right,-215.4,33.970000000000006,-0.95,-234.96991,85.282578,54.917775250042524
Group4,Medium,Right,-215.4,33.970000000000006,-0.94,-234.990875,85.312065,54.952798124661946
Group4,Medium,Right,-215.4,33.970000000000006,-0.94,-234.99675,85.313004,54.95577012749904
Group4,Medium,Right,-215.4,33.970000000000006,-0.95,-234.986633,85.304565,54.94427864678827
Group4,Medium,Right,-215.4,33.970000000000006,-0.94,-235.001633,85.312462,54.9570051994114
Group4,Medium,Right,-215.4,33.970000000000006,-0.95,-234.960098,85.238556,54.873147058417736
Group4,Medium,Right,-215.4,33.970000000000006,-0.94,-234.985062,85.302261,54.9415659852899
Group4,Medium,Right,-215.4,33.970000000000006,-0.94,-234.977539,85.296883,54.93385979332063
Group4,Medium,Right,-215.4,33.970000000000006,-0.94,-234.988358,85.2967,54.9375454677961
Group4,Medium,Right,-215.4,33.970000000000006,-0.94,-234.974045,85.332092,54.965514027237916
Group4,Medium,Right,-215.4,33.970000000000006,-0.94,-234.972092,85.30603,54.9404656097613
Group4,Medium,Right,-215.4,33.970000000000006,-0.98,-234.969498,85.315033,54.94795415430034
Group4,Medium,Right,-215.4,33.970000000000006,-0.96,-234.976501,85.308975,54.94478815550776
Group4,Medium,Right,-215.4,33.970000000000006,-0.94,-234.992096,85.331039,54.97096099608171
Group4,Medium,Right,-215.4,33.970000000000006,-0.94,-234.998062,85.265221,54.91159924455564
Group4,Medium,Right,-215.4,33.970000000000006,-0.94,-234.984802,85.292717,54.932556372713
Group4,Medium,Right,-215.4,33.970000000000006,-0.95,-235.007736,85.321587,54.96770686925427
Group4,Medium,Right,-215.4,33.970000000000006,-0.97,-234.987686,85.313187,54.9527096161014
Group4,Medium,Right,-215.4,33.970000000000006,-0.98,-234.986465,85.304703,54.94434769195494
Group4,Medium,Right,-215.4,33.970000000000006,-0.94,-234.984329,85.313484,54.95179061357779
Group2,Large,Left,-182.60000000000002,40.870000000000005,-1.86,-196.276642,91.415649,52.36328073399684
Group2,Large,Left,-182.60000000000002,40.870000000000005,-1.85,-196.167465,91.317802,52.240375507431295
Group2,Large,Left,-182.60000000000002,40.870000000000005,-1.85,-196.174698,91.313866,52.2384536794224
Group2,Large,Left,-182.60000000000002,40.870000000000005,-1.86,-196.228317,91.222359,52.16407845555569
Group2,Large,Left,-182.60000000000002,40.870000000000005,-1.86,-196.200241,91.236946,52.170832891808395
Group2,Large,Left,-182.60000000000002,40.870000000000005,-1.85,-196.146301,91.256447,52.175629484141425
Group2,Large,Left,-182.60000000000002,40.870000000000005,-1.84,-196.188278,91.32943,52.25701268662593
Group2,Large,Left,-182.60000000000002,40.870000000000005,-1.85,-196.200912,91.335747,52.26639864673815
Group2,Large,Left,-182.60000000000002,40.870000000000005,-1.85,-196.248169,91.307228,52.25118644946298
Group2,Large,Left,-182.60000000000002,40.870000000000005,-1.86,-196.268143,91.262985,52.21370577040739
Group2,Large,Left,-182.60000000000002,40.870000000000005,-1.84,-196.201309,91.278976,52.2116889966419
Group2,Large,Left,-182.60000000000002,40.870000000000005,-1.86,-196.221191,91.236862,52.17621711072511
Group2,Large,Left,-182.60000000000002,40.870000000000005,-1.85,-196.251389,91.306831,52.251644404285315
Group2,Large,Left,-182.60000000000002,40.870000000000005,-1.85,-196.253235,91.28875,52.234674092289715
Group2,Large,Left,-182.60000000000002,40.870000000000005,-1.86,-196.25975,91.304329,52.25141444729262
Group2,Large,Left,-182.60000000000002,40.870000000000005,-1.86,-196.221786,91.363335,52.29846970277449
Group2,Large,Left,-182.60000000000002,40.870000000000005,-1.85,-196.277039,91.309258,52.260694057753234
Group2,Large,Left,-182.60000000000002,40.870000000000005,-1.85,-196.243713,91.34697,52.28838690194285
Group2,Large,Left,-182.60000000000002,40.870000000000005,-1.86,-196.27536,91.293457,52.245004421097036
Group2,Large,Left,-182.60000000000002,40.870000000000005,-1.84,-196.285446,91.281387,52.23599689373874
Group2,Large,Left,-182.60000000000002,40.870000000000005,-1.84,-196.26828,91.296684,52.24626625314248
Group2,Large,Left,-182.60000000000002,40.870000000000005,-1.85,-196.222336,91.266464,52.205091914488484
Group2,Large,Left,-182.60000000000002,40.870000000000005,-1.84,-196.217422,91.230186,52.168788713949255
Group2,Large,Left,-182.60000000000002,40.870000000000005,-1.85,-196.203293,91.269608,52.20316146554261
Group2,Large,Left,-182.60000000000002,40.870000000000005,-1.85,-196.281906,91.313431,52.26599547358297
Group3,Medium,Right,-215.4,33.970000000000006,-0.96,-235.778931,85.459595,55.375799966833746
Group3,Medium,Right,-215.4,33.970000000000006,-0.96,-235.770279,85.524757,55.43321419390083
Group3,Medium,Right,-215.4,33.970000000000006,-0.95,-235.764267,85.459396,55.37022007263565
Group3,Medium,Right,-215.4,33.970000000000006,-0.93,-235.760452,85.500137,55.40670559492841
Group3,Medium,Right,-215.4,33.970000000000006,-0.94,-235.775726,85.463097,55.37787688850562
Group3,Medium,Right,-215.4,33.970000000000006,-0.95,-235.745575,85.452003,55.35647256620163
Group3,Medium,Right,-215.4,33.970000000000006,-0.94,-235.748123,85.448364,55.35402487389353
Group3,Medium,Right,-215.4,33.970000000000006,-0.95,-235.787064,85.485802,55.403160868702244
Group3,Medium,Right,-215.4,33.970000000000006,-0.95,-235.785553,85.353149,55.27927977345588
Group3,Medium,Right,-215.4,33.970000000000006,-0.96,-235.759476,85.438301,55.3488416393801
Group3,Medium,Right,-215.4,33.970000000000006,-0.96,-235.80162,85.335571,55.26886992494456
Group3,Medium,Right,-215.4,33.970000000000006,-0.95,-235.761139,85.374954,55.29055323578736
Group3,Medium,Right,-215.4,33.970000000000006,-0.96,-235.787842,85.359032,55.28559225796525
Group3,Medium,Right,-215.4,33.970000000000006,-0.94,-235.768387,85.362602,55.281739564816256
Group3,Medium,Right,-215.4,33.970000000000006,-0.94,-235.730988,85.371399,55.27615120658586
Group3,Medium,Right,-215.4,33.970000000000006,-0.96,-235.776276,85.41053,55.32920341292719
Group3,Medium,Right,-215.4,33.970000000000006,-0.96,-235.752487,85.384941,55.296653471242266
Group3,Medium,Right,-215.4,33.970000000000006,-0.94,-235.741837,85.433357,55.33775787149329
Group3,Medium,Right,-215.4,33.970000000000006,-0.95,-235.748154,85.364967,55.27648690120243
Group3,Medium,Right,-215.4,33.970000000000006,-0.96,-235.775162,85.31916,55.24385449289217
Group3,Medium,Right,-215.4,33.970000000000006,-0.94,-235.795807,85.408707,55.33470449015787
Group3,Medium,Right,-215.4,33.970000000000006,-0.95,-235.771591,85.391716,55.30998640621725
Group3,Medium,Right,-215.4,33.970000000000006,-0.95,-235.750534,85.405098,55.31467744057411
Group3,Medium,Right,-215.4,33.970000000000006,-0.95,-235.783813,85.385193,55.30842525010288
Group3,Medium,Right,-215.4,33.970000000000006,-0.96,-235.730392,85.374565,55.2788760894511
Group3,Small,Straight,-198.8,46.17,-1.98,-215.879089,100.828949,57.26513762189453
Group3,Small,Straight,-198.8,46.17,-1.97,-216.071915,100.923874,57.41346327974911
Group3,Small,Straight,-198.8,46.17,-1.96,-215.865631,100.902794,57.331618680049466
Group3,Small,Straight,-198.8,46.17,-1.97,-215.882904,100.884987,57.31976457979729
Group3,Small,Straight,-198.8,46.17,-1.97,-215.948273,100.917267,57.370083761938304
Group3,Small,Straight,-198.8,46.17,-1.97,-215.866928,100.915039,57.343694740299945
Group3,Small,Straight,-198.8,46.17,-1.97,-215.896637,100.824722,57.26633944654618
Group3,Small,Straight,-198.8,46.17,-1.97,-215.72316,100.937378,57.32241304568819
Group3,Small,Straight,-198.8,46.17,-1.97,-215.866562,100.899315,57.32857454070412
Group3,Small,Straight,-198.8,46.17,-1.97,-215.89444,100.894638,57.332415640234835
Group3,Small,Straight,-198.8,46.17,-1.97,-215.917801,100.89859,57.34315717209596
Group3,Small,Straight,-198.8,46.17,-1.96,-215.916779,100.88588,57.330721672670755
Group3,Small,Straight,-198.8,46.17,-1.97,-215.93959,100.877289,57.329338170762284
Group3,Small,Straight,-198.8,46.17,-1.97,-215.849976,100.897957,57.3223425811823
Group3,Small,Straight,-198.8,46.17,-1.97,-215.822845,100.886475,57.30331481092215
Group3,Small,Straight,-198.8,46.17,-1.97,-215.940063,100.890335,57.34192900623586
Group3,Small,Straight,-198.8,46.17,-1.97,-215.965515,100.84845,57.30957860268844
Group3,Small,Straight,-198.8,46.17,-1.97,-215.93428,100.86248,57.31361897201048
Group3,Small,Straight,-198.8,46.17,-1.97,-215.986374,100.839409,57.30720488452702
Group3,Small,Straight,-198.8,46.17,-1.97,-216.054291,100.864151,57.35120497010924
Group3,Small,Straight,-198.8,46.17,-1.97,-215.922119,100.907921,57.353351728145775
Group3,Small,Straight,-198.8,46.17,-1.98,-215.995697,100.896812,57.36476224128496
Group3,Small,Straight,-198.8,46.17,-1.97,-216.067215,100.857079,57.34835065987919
Group3,Small,Straight,-198.8,46.17,-1.97,-215.940979,100.964996,57.41345441373874
Group4,Small,Straight,-198.8,46.17,-1.97,-216.024445,100.766335,57.24894148357897
Group4,Small,Straight,-198.8,46.17,-1.97,-216.066269,100.782951,57.277381767227816
Group4,Small,Straight,-198.8,46.17,-1.97,-216.09285,100.82785,57.32820621426245
Group4,Small,Straight,-198.8,46.17,-1.97,-216.054123,100.767326,57.25882261144918
Group4,Small,Straight,-198.8,46.17,-1.97,-216.05368,100.7799,57.2706788116956
Group4,Small,Straight,-198.8,46.17,-1.97,-216.038254,100.771751,57.25826240146059
Group4,Small,Straight,-198.8,46.17,-1.97,-216.078537,100.74469,57.24460349636872
Group4,Small,Straight,-198.8,46.17,-1.97,-216.064117,100.779152,57.27311077590244
Group4,Small,Straight,-198.8,46.17,-1.97,-216.059082,100.794235,57.28597525414006
Group4,Small,Straight,-198.8,46.17,-1.97,-216.088058,100.802025,57.302138747275286
Group4,Small,Straight,-198.8,46.17,-1.97,-216.10704,100.800308,57.30623164836844
Group4,Small,Straight,-198.8,46.17,-1.97,-215.963165,100.676979,57.14529720391404
Group4,Small,Straight,-198.8,46.17,-1.97,-216.026779,100.77356,57.25653394494327
Group4,Small,Straight,-198.8,46.17,-1.97,-216.052933,100.787498,57.27769884416179
Group4,Small,Straight,-198.8,46.17,-1.97,-216.068909,100.505463,57.013662901752326
Group4,Small,Straight,-198.8,46.17,-1.97,-216.096924,100.534225,57.049562134274105
Group4,Small,Straight,-198.8,46.17,-1.97,-216.029282,100.802612,57.2849932545869
Group4,Small,Straight,-198.8,46.17,-1.97,-216.081757,100.82251,57.31976948930576
Group4,Small,Straight,-198.8,46.17,-1.97,-216.032547,100.814079,57.29691131174044
Group4,Small,Straight,-198.8,46.17,-1.97,-216.065979,100.809418,57.3025307487127
Group4,Small,Straight,-198.8,46.17,-1.97,-216.059967,100.805603,57.29708174082427
Group4,Small,Straight,-198.8,46.17,-1.97,-216.027832,100.802765,57.284703080014715
Group4,Small,Straight,-198.8,46.17,-1.97,-216.036942,100.802299,57.2869990795186
Group4,Small,Straight,-198.8,46.17,-1.97,-216.022995,100.825653,57.30507797417637
Group4,Small,Straight,-198.8,46.17,-1.97,-216.049744,100.84169,57.328416649351446
Group1,Small,Straight,-198.8,46.17,-1.96,-216.282227,100.684891,57.24946813396094
Group1,Small,Straight,-198.8,46.17,-1.97,-216.282623,100.738655,57.30078721509115
Group1,Small,Straight,-198.8,46.17,-1.98,-216.241745,100.717499,57.26817716498427
Group1,Small,Straight,-198.8,46.17,-1.97,-216.244202,100.755981,57.3055800524623
Group1,Small,Straight,-198.8,46.17,-1.97,-216.31427,100.682518,57.25700195027001
Group1,Small,Straight,-198.8,46.17,-1.97,-216.279343,100.71299,57.27534539268837
Group1,Small,Straight,-198.8,46.17,-1.97,-216.276962,100.732933,57.29361097288189
Group1,Small,Straight,-198.8,46.17,-1.96,-216.255707,100.787338,57.338951133379595
Group1,Small,Straight,-198.8,46.17,-1.97,-216.288406,100.714005,57.27907843061776
Group1,Small,Straight,-198.8,46.17,-1.97,-216.269943,100.731697,57.29029313891715
Group1,Small,Straight,-198.8,46.17,-1.97,-216.277832,100.758423,57.31815189839212
Group1,Small,Straight,-198.8,46.17,-1.97,-216.260483,100.750946,57.305742581771014
Group1,Small,Straight,-198.8,46.17,-1.97,-216.235229,100.757423,57.304222881593724
Group1,Small,Straight,-198.8,46.17,-1.97,-216.284531,100.777771,57.33862117175823
Group1,Small,Straight,-198.8,46.17,-1.96,-216.289856,100.722359,57.287476252367895
Group1,Small,Straight,-198.8,46.17,-1.97,-216.277649,100.766907,57.32617611993538
Group1,Small,Straight,-198.8,46.17,-1.97,-216.25946,100.757126,57.311317106060955
Group1,Small,Straight,-198.8,46.17,-1.98,-216.292572,100.786339,57.34923330732595
Group1,Small,Straight,-198.8,46.17,-1.97,-216.246078,100.788071,57.33671875284742
Group1,Small,Straight,-198.8,46.17,-1.97,-216.196411,100.791695,57.32507898253561
Group1,Small,Straight,-198.8,46.17,-1.97,-216.223099,100.776123,57.3183482652364
Group1,Small,Straight,-198.8,46.17,-1.97,-216.280365,100.816643,57.37437364976347
Group1,Small,Straight,-198.8,46.17,-1.97,-216.226883,100.752686,57.297171501482374
Group1,Small,Straight,-198.8,46.17,-1.97,-216.257782,100.745567,57.29979638472559
Group1,Small,Straight,-198.8,46.17,-1.97,-216.240982,100.795952,57.34267594933661
Group1,Medium,Right,-215.4,33.970000000000006,-0.93,-235.69281,85.459557,55.344129026955954
Group1,Medium,Right,-215.4,33.970000000000006,-1.0,-235.697723,85.475967,55.36119756282207
Group1,Medium,Right,-215.4,33.970000000000006,-0.96,-235.69191,85.496925,55.378566353813504
Group1,Medium,Right,-215.4,33.970000000000006,-0.95,-235.68129,85.463181,55.343277943783384
Group1,Medium,Right,-215.4,33.970000000000006,-0.94,-235.68573,85.473289,55.35430985434124
Group1,Medium,Right,-215.4,33.970000000000006,-0.95,-235.669891,85.513474,55.38590247653781
Group1,Medium,Right,-215.4,33.970000000000006,-0.96,-235.729431,85.494179,55.38977149625914
Group1,Medium,Right,-215.4,33.970000000000006,-0.94,-235.714584,85.509422,55.39850488223612
Group1,Medium,Right,-215.4,33.970000000000006,-0.95,-235.719482,85.493797,55.385765373835284
Group1,Medium,Right,-215.4,33.970000000000006,-0.96,-235.738037,85.496368,55.39496681364465
Group1,Medium,Right,-215.4,33.970000000000006,-0.96,-235.704727,85.525467,55.409819672442694
Group1,Medium,Right,-215.4,33.970000000000006,-0.96,-235.719086,85.528427,55.41783693532006
Group1,Medium,Right,-215.4,33.970000000000006,-0.95,-235.77066,85.56382,55.469685874610825
Group1,Medium,Right,-215.4,33.970000000000006,-0.97,-235.756226,85.502037,55.40691991378373
Group1,Medium,Right,-215.4,33.970000000000006,-0.95,-235.70723,85.490601,55.37829825549084
Group1,Medium,Right,-215.4,33.970000000000006,-0.95,-235.705429,85.505501,55.39150034251682
Group1,Medium,Right,-215.4,33.970000000000006,-0.95,-235.707047,85.502365,55.389175841074156
Group1,Medium,Right,-215.4,33.970000000000006,-0.95,-235.730652,85.511795,55.40660648846064
Group1,Medium,Right,-215.4,33.970000000000006,-0.96,-235.742096,85.53698,55.43423397137923
Group1,Medium,Right,-215.4,33.970000000000006,-0.94,-235.714813,85.502899,55.392520312485956
Group1,Medium,Right,-215.4,33.970000000000006,-0.97,-235.748428,85.449806,55.35547802944907
Group1,Medium,Right,-215.4,33.970000000000006,-0.96,-235.748154,85.521187,55.421766954119065
Group1,Medium,Right,-215.4,33.970000000000006,-0.95,-235.755585,85.484406,55.39028674979992
Group1,Medium,Right,-215.4,33.970000000000006,-0.94,-235.679367,85.514328,55.3901658680697
Group1,Medium,Right,-215.4,33.970000000000006,-0.95,-235.690231,85.507904,55.388166811572454
Group2,Medium,Right,-215.4,33.970000000000006,-0.95,-235.597702,85.734055,55.56495798724073
Group2,Medium,Right,-215.4,33.970000000000006,-0.96,-235.616333,85.734863,55.572485650505655
Group2,Medium,Right,-215.4,33.970000000000006,-0.95,-235.541672,85.743332,55.553261446451614
Group2,Medium,Right,-215.4,33.970000000000006,-0.95,-235.557632,85.711113,55.52902756510501
Group2,Medium,Right,-215.4,33.970000000000006,-0.95,-235.560776,85.7174,55.536027006639344
Group2,Medium,Right,-215.4,33.970000000000006,-0.95,-235.555145,85.711578,55.52855809312096
Group2,Medium,Right,-215.4,33.970000000000006,-0.96,-235.544968,85.731377,55.543315391297554
Group2,Medium,Right,-215.4,33.970000000000006,-0.94,-235.530121,85.738785,55.54483659036963
Group2,Medium,Right,-215.4,33.970000000000006,-0.97,-235.560272,85.698463,55.51819928146402
Group2,Medium,Right,-215.4,33.970000000000006,-0.96,-235.500412,85.741043,55.53618150249073
Group2,Medium,Right,-215.4,33.970000000000006,-0.94,-235.532898,85.719994,55.52833025473068
Group2,Medium,Right,-215.4,33.970000000000006,-0.95,-235.547729,85.735855,55.548489878109784
Group2,Medium,Right,-215.4,33.970000000000006,-0.94,-235.528381,85.745811,55.55075450782718
Group2,Medium,Right,-215.4,33.970000000000006,-0.96,-235.561676,85.752579,55.56913412156263
Group2,Medium,Right,-215.4,33.970000000000006,-0.97,-235.551758,85.729202,55.543751603284484
Group2,Medium,Right,-215.4,33.970000000000006,-0.95,-235.53653,85.70121,55.51214217182579
Group2,Medium,Right,-215.4,33.970000000000006,-0.94,-235.530685,85.735291,55.54178454896733
Group2,Medium,Right,-215.4,33.970000000000006,-0.96,-235.477798,85.745949,55.53257483116917
Group2,Medium,Right,-215.4,33.970000000000006,-0.94,-235.503204,85.746643,55.542412365822436
Group2,Medium,Right,-215.4,33.970000000000006,-0.95,-235.52124,85.728058,55.53162042538435
Group2,Medium,Right,-215.4,33.970000000000006,-0.94,-235.539413,85.724358,55.53475963733643
Group2,Medium,Right,-215.4,33.970000000000006,-0.95,-235.534531,85.745796,55.55296922778814
Group2,Medium,Right,-215.4,33.970000000000006,-0.96,-235.556213,85.73381,55.549661999128936
Group2,Medium,Right,-215.4,33.970000000000006,-0.95,-235.535767,85.722656,55.53185136237242
Group2,Medium,Right,-215.4,33.970000000000006,-0.96,-235.54509,85.758987,55.56909055935924
Group3,Large,Straight,-198.8,46.17,-1.97,-214.552856,97.680466,53.86539315454674
Group3,Large,Straight,-198.8,46.17,-1.96,-214.550919,97.720299,53.90291992400746
Group3,Large,Straight,-198.8,46.17,-1.97,-214.551788,97.660339,53.84583396635122
Group3,Large,Straight,-198.8,46.17,-1.97,-214.560654,97.672585,53.86013810036083
Group3,Large,Straight,-198.8,46.17,-1.97,-214.56308,97.647278,53.83664961135383
Group3,Large,Straight,-198.8,46.17,-1.97,-214.604828,97.655342,53.85659689366334
Group3,Large,Straight,-198.8,46.17,-1.97,-214.562561,97.714119,53.90041310384254
Group3,Large,Straight,-198.8,46.17,-1.97,-214.545914,97.714783,53.896182260086704
Group3,Large,Straight,-198.8,46.17,-1.97,-214.526321,97.645363,53.82406681194585
Group3,Large,Straight,-198.8,46.17,-1.97,-214.54213,97.694687,53.87585755591152
Group3,Large,Straight,-198.8,46.17,-1.97,-214.570694,97.544411,53.740533071775126
Group3,Large,Straight,-198.8,46.17,-1.97,-214.626785,97.606995,53.81683359383241
Group3,Large,Straight,-198.8,46.17,-1.97,-214.545944,97.645828,53.83024819501317
Group3,Large,Straight,-198.8,46.17,-1.97,-214.611053,97.604301,53.8096340475143
Group3,Large,Straight,-198.8,46.17,-1.96,-214.634827,97.596619,53.80928254391699
Group3,Large,Straight,-198.8,46.17,-1.97,-214.537888,97.679543,53.86013496798344
Group3,Large,Straight,-198.8,46.17,-1.97,-214.563538,97.701561,53.88868999497171
Group3,Large,Straight,-198.8,46.17,-1.97,-214.572403,97.63678,53.82934274132287
Group3,Large,Straight,-198.8,46.17,-1.97,-214.611298,97.595558,53.801349054239964
Group3,Large,Straight,-198.8,46.17,-1.97,-214.557892,97.608971,53.79850274703288
Group3,Large,Straight,-198.8,46.17,-1.97,-214.556747,97.662498,53.849349358205
Group3,Large,Straight,-198.8,46.17,-1.97,-214.559799,97.563507,53.75559344179403
Group3,Large,Straight,-198.8,46.17,-1.97,-214.497955,97.71019,53.87779669231217
Group3,Large,Straight,-198.8,46.17,-1.98,-214.549805,97.623138,53.809680983862634
Group3,Large,Straight,-198.8,46.17,-1.97,-214.527084,97.676315,53.853891744443885
Group1,Large,Straight,-198.8,46.17,-1.97,-214.522644,98.249184,54.40076231503187
Group1,Large,Straight,-198.8,46.17,-1.97,-214.54158,97.709084,53.88946576517024
Group1,Large,Straight,-198.8,46.17,-1.97,-214.550491,97.738159,53.919875643313205
Group1,Large,Straight,-198.8,46.17,-1.97,-214.526337,97.765457,53.93893638621749
Group1,Large,Straight,-198.8,46.17,-1.97,-214.558289,97.764412,53.94726148594814
Group1,Large,Straight,-198.8,46.17,-1.97,-215.401535,97.495941,53.94407459482186
Group1,Large,Straight,-198.8,46.17,-1.97,-215.37587,97.617012,54.051406179534716
Group1,Large,Straight,-198.8,46.17,-1.97,-215.404694,97.572586,54.017975807327616
Group1,Large,Straight,-198.8,46.17,-1.97,-215.361816,97.664131,54.091952050771994
Group1,Large,Straight,-198.8,46.17,-1.97,-215.314407,97.646439,54.06060867843026
Group1,Large,Straight,-198.8,46.17,-1.97,-215.312241,97.583061,53.99960133400803
Group1,Large,Straight,-198.8,46.17,-1.97,-215.39566,97.535172,53.979596380717624
Group1,Large,Straight,-198.8,46.17,-1.97,-215.345383,97.622757,54.04753372280493
Group1,Large,Straight,-198.8,46.17,-1.97,-215.380676,97.569206,54.00738092193891
Group1,Large,Straight,-198.8,46.17,-1.96,-215.352844,97.554794,53.985124792953584
Group1,Large,Straight,-198.8,46.17,-1.97,-215.327484,97.592567,54.01331432378265
Group1,Large,Straight,-198.8,46.17,-1.97,-215.299957,97.60231,54.01417492601316
Group1,Large,Straight,-198.8,46.17,-1.96,-215.330048,97.635231,54.0547175440374
Group1,Large,Straight,-198.8,46.17,-1.98,-215.355103,97.567108,53.99753833374512
Group1,Large,Straight,-198.8,46.17,-1.97,-215.3284,97.670921,54.08819529627736
Group1,Large,Straight,-198.8,46.17,-1.96,-215.374786,97.608597,54.04306423838497
Group1,Large,Straight,-198.8,46.17,-1.97,-215.362625,97.561935,53.994921334648225
Group1,Large,Straight,-198.8,46.17,-1.98,-215.292603,97.596382,54.00628407255523
Group1,Large,Straight,-198.8,46.17,-1.97,-215.363052,97.589043,54.020854071280226
Group1,Large,Straight,-198.8,46.17,-1.96,-215.404968,97.616364,54.05972004275937
Group4,Large,Straight,-198.8,46.17,-1.97,-215.388824,97.676033,54.111556225080655
Group4,Large,Straight,-198.8,46.17,-1.98,-214.628357,97.751328,53.95526187095224
Group4,Large,Straight,-198.8,46.17,-1.98,-214.609695,97.777542,53.974853842088244
Group4,Large,Straight,-198.8,46.17,-1.97,-214.633804,97.753891,53.95931022363329
Group4,Large,Straight,-198.8,46.17,-1.97,-214.579361,97.740593,53.93064338518474
Group4,Large,Straight,-198.8,46.17,-1.97,-214.58493,97.828743,54.016569156555555
Group4,Large,Straight,-198.8,46.17,-1.97,-214.596146,97.744797,53.93957650968837
Group4,Large,Straight,-198.8,46.17,-1.97,-214.610001,97.781425,53.9786561721448
Group4,Large,Straight,-198.8,46.17,-1.97,-214.568878,97.779022,53.96432770984336
Group4,Large,Straight,-198.8,46.17,-1.97,-214.616211,97.808525,54.00638660910528
Group4,Large,Straight,-198.8,46.17,-1.97,-214.589478,97.790596,53.98141853367415
Group4,Large,Straight,-198.8,46.17,-1.97,-214.606506,97.789833,53.985672088767444
Group4,Large,Straight,-198.8,46.17,-1.97,-214.607651,97.826279,54.020856993050764
Group4,Large,Straight,-198.8,46.17,-1.97,-214.638092,97.813812,54.01785330880715
Group4,Large,Straight,-198.8,46.17,-1.97,-214.628174,97.781944,53.984477913872716
Group4,Large,Straight,-198.8,46.17,-1.97,-214.615204,97.7323,53.93321294760414
Group4,Large,Straight,-198.8,46.17,-1.97,-214.62056,97.823677,54.02214792410543
Group4,Large,Straight,-198.8,46.17,-1.97,-214.636093,97.759308,53.96516044100594
Group4,Large,Straight,-198.8,46.17,-1.97,-214.588043,97.786804,53.977372638396034
Group4,Large,Straight,-198.8,46.17,-1.96,-214.652435,97.810066,54.01847935580546
Group4,Large,Straight,-198.8,46.17,-1.97,-214.623566,97.796944,53.99746834561313
Group4,Large,Straight,-198.8,46.17,-1.97,-214.621521,97.81546,54.01457271297294
Group4,Large,Straight,-198.8,46.17,-1.97,-214.633591,97.788795,53.992616173022256
Group4,Large,Straight,-198.8,46.17,-1.97,-214.643127,97.838501,54.042933568831444
Group4,Large,Straight,-198.8,46.17,-1.97,-214.635986,97.757851,53.96373618820695
Group2,Medium,Straight,-198.8,46.17,-1.97,-214.586136,97.912567,54.09709169225259
Group2,Medium,Straight,-198.8,46.17,-1.97,-214.593262,97.910286,54.09698993439875
Group2,Medium,Straight,-198.8,46.17,-1.97,-214.580887,97.866936,54.05191565795669
Group2,Medium,Straight,-198.8,46.17,-1.97,-214.592285,97.930672,54.11620303950388
Group2,Medium,Straight,-198.8,46.17,-1.97,-214.556366,97.877968,54.055314486320206
Group2,Medium,Straight,-198.8,46.17,-1.97,-214.549683,97.885124,54.06021240187523
Group2,Medium,Straight,-198.8,46.17,-1.96,-214.56308,97.879021,54.05827914265159
Group2,Medium,Straight,-198.8,46.17,-1.97,-214.609268,97.944038,54.13394466987666
Group2,Medium,Straight,-198.8,46.17,-1.97,-214.560059,97.88781,54.065805560257594
Group2,Medium,Straight,-198.8,46.17,-1.97,-214.568497,97.893158,54.073381354710676
Group2,Medium,Straight,-198.8,46.17,-1.97,-214.552811,97.886375,54.062320497203466
Group2,Medium,Straight,-198.8,46.17,-1.98,-214.571411,97.90538,54.08592190834247
Group2,Medium,Straight,-198.8,46.17,-1.97,-214.602249,97.983604,54.16973908859832
Group2,Medium,Straight,-198.8,46.17,-1.97,-214.602249,97.916862,54.10590356241215
Group2,Medium,Straight,-198.8,46.17,-1.96,-214.561005,97.886475,54.06480430960284
Group2,Medium,Straight,-198.8,46.17,-1.97,-214.575485,97.928238,54.108974559215845
Group2,Medium,Straight,-198.8,46.17,-1.97,-214.588547,97.976852,54.1592848043723
Group2,Medium,Straight,-198.8,46.17,-1.97,-214.560867,97.905869,54.08331600204308
Group2,Medium,Straight,-198.8,46.17,-1.97,-214.621704,97.927277,54.12154875757293
Group2,Medium,Straight,-198.8,46.17,-1.97,-214.585587,97.929222,54.112861862775766
Group2,Medium,Straight,-198.8,46.17,-1.97,-214.592606,97.979439,54.16294280932265
Group2,Medium,Straight,-198.8,46.17,-1.96,-214.554779,97.910522,54.085993364006214
Group2,Medium,Straight,-198.8,46.17,-1.97,-214.594696,97.97171,54.1561592125634
Group2,Medium,Straight,-198.8,46.17,-1.97,-214.585617,98.000404,54.1809605200379
Group2,Medium,Straight,-198.8,46.17,-1.97,-214.572495,97.886154,54.06784796047223
Group4,Medium,Left,-182.60000000000002,40.870000000000005,-1.87,-195.749527,90.005371,50.86447427853126
Group4,Medium,Left,-182.60000000000002,40.870000000000005,-1.83,-195.749329,90.023216,50.88166168958023
Group4,Medium,Left,-182.60000000000002,40.870000000000005,-1.85,-195.698242,90.049896,50.89426405854965
Group4,Medium,Left,-182.60000000000002,40.870000000000005,-1.85,-195.73204,90.039536,50.89296361007968
Group4,Medium,Left,-182.60000000000002,40.870000000000005,-1.84,-195.712906,90.043312,50.89167826682648
Group4,Medium,Left,-182.60000000000002,40.870000000000005,-1.84,-195.751282,90.029633,50.888365418219244
Group4,Medium,Left,-182.60000000000002,40.870000000000005,-1.86,-195.763199,90.038132,50.89965630810314
Group4,Medium,Left,-182.60000000000002,40.870000000000005,-1.85,-195.778625,90.025734,50.89167261909732
Group4,Medium,Left,-182.60000000000002,40.870000000000005,-1.84,-195.771561,90.045807,50.90923308475554
Group4,Medium,Left,-182.60000000000002,40.870000000000005,-1.85,-195.746826,90.046349,50.90336270664323
Group4,Medium,Left,-182.60000000000002,40.870000000000005,-1.86,-195.735977,90.035782,50.89035283249716
Group4,Medium,Left,-182.60000000000002,40.870000000000005,-1.87,-195.727341,90.031799,50.88427618279228
Group4,Medium,Left,-182.60000000000002,40.870000000000005,-1.85,-195.751343,90.017525,50.8766846043379
Group4,Medium,Left,-182.60000000000002,40.870000000000005,-1.87,-195.760666,90.030022,50.89116713737305
Group4,Medium,Left,-182.60000000000002,40.870000000000005,-1.86,-195.734863,90.034828,50.8891436192274
Group4,Medium,Left,-182.60000000000002,40.870000000000005,-1.85,-195.747833,90.051201,50.908310170327695
Group4,Medium,Left,-182.60000000000002,40.870000000000005,-1.85,-195.727112,90.038109,50.89031353898721
Group4,Medium,Left,-182.60000000000002,40.870000000000005,-1.87,-195.748962,90.063354,50.92034249145188
Group4,Medium,Left,-182.60000000000002,40.870000000000005,-1.84,-195.84404,90.96463,51.815794410184424
Group4,Medium,Left,-182.60000000000002,40.870000000000005,-1.84,-195.715195,90.038506,50.88762444995895
Group4,Medium,Left,-182.60000000000002,40.870000000000005,-1.84,-195.728226,90.038727,50.89119798852847
Group4,Medium,Left,-182.60000000000002,40.870000000000005,-1.85,-195.761566,90.015709,50.877573966189026
Group4,Medium,Left,-182.60000000000002,40.870000000000005,-1.85,-195.765686,90.045547,50.90746222902693
Group4,Medium,Left,-182.60000000000002,40.870000000000005,-1.84,-195.766815,90.033791,50.896398327739306
Group4,Medium,Left,-182.60000000000002,40.870000000000005,-1.85,-195.72937,90.037308,50.890122151197104
Group2,Small,Straight,-198.8,46.17,-1.97,-218.142838,98.840729,56.11016908979766
Group2,Small,Straight,-198.8,46.17,-1.97,-218.159012,98.853462,56.127698277424365
Group2,Small,Straight,-198.8,46.17,-1.97,-218.168564,98.784958,56.06670203216754
Group2,Small,Straight,-198.8,46.17,-1.97,-218.176575,98.801247,56.08475567839834
Group2,Small,Straight,-198.8,46.17,-1.97,-218.162994,98.841164,56.11752893489638
Group2,Small,Straight,-198.8,46.17,-1.97,-218.146469,98.865387,56.13456754841645
Group2,Small,Straight,-198.8,46.17,-1.97,-218.165283,98.857872,56.13400076209135
Group2,Small,Straight,-198.8,46.17,-1.97,-218.168518,98.863358,56.140266002509186
Group2,Small,Straight,-198.8,46.17,-1.97,-218.163559,98.839127,56.11581199705311
Group2,Small,Straight,-198.8,46.17,-1.97,-218.164032,98.854904,56.13078339722545
Group2,Small,Straight,-198.8,46.17,-1.97,-218.15538,98.840508,56.11428648679821
Group2,Small,Straight,-198.8,46.17,-1.97,-218.198212,98.784958,56.07695100608367
Group2,Small,Straight,-198.8,46.17,-1.96,-218.176849,98.914536,56.191176843202854
Group2,Small,Straight,-198.8,46.17,-1.96,-218.143875,98.912758,56.17814540782018
Group2,Small,Straight,-198.8,46.17,-1.97,-218.201279,98.862755,56.151011178124534
Group2,Small,Straight,-198.8,46.17,-1.97,-218.159302,98.822845,56.09906113760932
Group2,Small,Straight,-198.8,46.17,-1.97,-218.183273,98.845535,56.128631372310814
Group2,Small,Straight,-198.8,46.17,-1.96,-218.186615,98.804253,56.09104589884408
Group2,Small,Straight,-198.8,46.17,-1.97,-218.181488,98.83429,56.11746179486598
Group2,Small,Straight,-198.8,46.17,-2.01,-218.175293,98.794617,56.07809102700036
Group2,Small,Straight,-198.8,46.17,-1.97,-218.197754,98.812859,56.10297197063982
Group2,Small,Straight,-198.8,46.17,-1.97,-218.175156,98.823685,56.10532251135858
Group2,Small,Straight,-198.8,46.17,-1.97,-218.172455,98.814278,56.09556148991031
Group2,Small,Straight,-198.8,46.17,-1.97,-218.190598,98.782043,56.071582458777215
Group2,Small,Straight,-198.8,46.17,-1.97,-218.196899,98.808296,56.098394777389274
Group3,Small,Right,-215.4,33.970000000000006,-0.93,-238.705399,87.278053,58.17980867276902
Group3,Small,Right,-215.4,33.970000000000006,-0.96,-238.648941,87.32782,58.202836810364154
Group3,Small,Right,-215.4,33.970000000000006,-0.96,-238.700516,87.317696,58.21417966762626
Group3,Small,Right,-215.4,33.970000000000006,-0.96,-238.663605,87.308167,58.190681182779706
Group3,Small,Right,-215.4,33.970000000000006,-0.96,-238.648361,87.320641,58.19602378425179
Group3,Small,Right,-215.4,33.970000000000006,-0.93,-238.718628,87.276993,58.18413799743391
Group3,Small,Right,-215.4,33.970000000000006,-0.95,-238.637375,87.325844,58.196406124802586
Group3,Small,Right,-215.4,33.970000000000006,-0.96,-238.685699,87.311539,58.20260785228717
Group3,Small,Right,-215.4,33.970000000000006,-0.94,-238.734772,87.375984,58.28130670549726
Group3,Small,Right,-215.4,33.970000000000006,-0.96,-238.73735,87.379807,58.28584209565602
Group3,Small,Right,-215.4,33.970000000000006,-0.96,-238.724167,87.402206,58.30109265074133
Group3,Small,Right,-215.4,33.970000000000006,-0.96,-238.678329,87.422775,58.30162738923215
Group3,Small,Right,-215.4,33.970000000000006,-0.95,-238.69429,87.354118,58.245068471433896
Group3,Small,Right,-215.4,33.970000000000006,-0.94,-238.709045,87.394684,58.28815007625375
Group3,Small,Right,-215.4,33.970000000000006,-0.96,-238.71553,87.402229,58.2976589160263
Group3,Small,Right,-215.4,33.970000000000006,-0.96,-238.731689,87.38266,58.28619012998122
Group3,Small,Right,-215.4,33.970000000000006,-0.95,-238.729431,87.403328,58.304227050354974
Group3,Small,Right,-215.4,33.970000000000006,-0.94,-238.742279,87.411736,58.31707413448944
Group3,Small,Right,-215.4,33.970000000000006,-0.96,-238.708038,87.315384,58.21507218510425
Group3,Small,Right,-215.4,33.970000000000006,-0.96,-238.704468,87.38961,58.281669170633094
Group3,Small,Right,-215.4,33.970000000000006,-0.95,-238.722809,87.348267,58.25111850920779
Group3,Small,Right,-215.4,33.970000000000006,-0.95,-238.676636,87.361023,58.244339814809685
Group3,Small,Right,-215.4,33.970000000000006,-0.94,-238.727402,87.410164,58.309680263370495
Group3,Small,Right,-215.4,33.970000000000006,-0.96,-238.721848,87.35775,58.259423651436876
Group3,Small,Right,-215.4,33.970000000000006,-0.95,-238.701965,87.407562,58.29712347419097
Group3,Medium,Left,-182.60000000000002,40.870000000000005,-1.85,-196.010681,90.989128,51.88230292078546
Group3,Medium,Left,-182.60000000000002,40.870000000000005,-1.87,-195.997849,90.958038,51.8489528198617
Group3,Medium,Left,-182.60000000000002,40.870000000000005,-1.86,-195.969208,90.97068,51.85377381647033
Group3,Medium,Left,-182.60000000000002,40.870000000000005,-1.86,-195.879364,90.992844,51.85210698605054
Group3,Medium,Left,-182.60000000000002,40.870000000000005,-1.85,-195.96817,91.014114,51.89547319366011
Group3,Medium,Left,-182.60000000000002,40.870000000000005,-1.86,-195.961166,91.010994,51.89065461321133
Group3,Medium,Left,-182.60000000000002,40.870000000000005,-1.85,-195.966187,91.005226,51.88637432881626
Group3,Medium,Left,-182.60000000000002,40.870000000000005,-1.85,-195.922684,91.028358,51.8975412348217
Group3,Medium,Left,-182.60000000000002,40.870000000000005,-1.86,-195.857925,91.05648,51.90814338902927
Group3,Medium,Left,-182.60000000000002,40.870000000000005,-1.85,-195.94516,91.148468,52.01939676555873
Group3,Medium,Left,-182.60000000000002,40.870000000000005,-1.86,-195.944077,91.153656,52.024133358550664
Group3,Medium,Left,-182.60000000000002,40.870000000000005,-1.84,-195.936935,91.024223,51.89720531905311
Group3,Medium,Left,-182.60000000000002,40.870000000000005,-1.87,-195.841202,91.019493,51.86811234816486
Group3,Medium,Left,-182.60000000000002,40.870000000000005,-1.84,-195.912903,91.002266,51.86981280650784
Group3,Medium,Left,-182.60000000000002,40.870000000000005,-1.85,-195.818939,91.024979,51.86773820763887
Group3,Medium,Left,-182.60000000000002,40.870000000000005,-1.86,-195.912323,91.047081,51.91297912215103
Group3,Medium,Left,-182.60000000000002,40.870000000000005,-1.86,-195.896362,91.055244,51.91677915447548
Group3,Medium,Left,-182.60000000000002,40.870000000000005,-1.85,-195.920334,90.972412,51.84286822784113
Group3,Medium,Left,-182.60000000000002,40.870000000000005,-1.86,-195.87471,91.042892,51.899296885678154
Group3,Medium,Left,-182.60000000000002,40.870000000000005,-1.84,-195.885727,91.023636,51.883501673836776
Group3,Medium,Left,-182.60000000000002,40.870000000000005,-1.86,-195.904266,91.055229,51.91878950419776
Group3,Medium,Left,-182.60000000000002,40.870000000000005,-1.85,-195.869659,91.186852,52.037192902444154
Group3,Medium,Left,-182.60000000000002,40.870000000000005,-1.86,-195.845673,91.030342,51.87974327981869
Group3,Medium,Left,-182.60000000000002,40.870000000000005,-1.87,-195.889038,91.066498,51.925783021823044
Group3,Medium,Left,-182.60000000000002,40.870000000000005,-1.85,-195.846817,91.066978,51.91545782292565
Group4,Small,Right,-215.4,33.970000000000006,-0.96,-238.463898,87.522064,58.30752052363828
Group4,Small,Right,-215.4,33.970000000000006,-0.95,-238.405396,87.519859,58.28237850359829
Group4,Small,Right,-215.4,33.970000000000006,-0.95,-238.403275,87.527176,58.2882643575926
Group4,Small,Right,-215.4,33.970000000000006,-0.95,-238.412888,87.529793,58.294463204522195
Group4,Small,Right,-215.4,33.970000000000006,-0.95,-238.402435,87.527565,58.28829028765939
Group4,Small,Right,-215.4,33.970000000000006,-0.94,-238.426468,87.522873,58.2934682027854
Group4,Small,Right,-215.4,33.970000000000006,-0.96,-238.386292,87.541962,58.29515187765366
Group4,Small,Right,-215.4,33.970000000000006,-0.96,-238.433746,87.522812,58.2962874281018
Group4,Small,Right,-215.4,33.970000000000006,-0.96,-238.406616,87.508652,58.27256333600367
Group4,Small,Right,-215.4,33.970000000000006,-0.94,-238.444595,87.527916,58.30526326994057
Group4,Small,Right,-215.4,33.970000000000006,-0.94,-238.400146,87.536911,58.29597473328014
Group4,Small,Right,-215.4,33.970000000000006,-0.97,-238.423889,87.570396,58.33611159514436
Group4,Small,Right,-215.4,33.970000000000006,-0.97,-238.404434,87.531494,58.29268927723606
Group4,Small,Right,-215.4,33.970000000000006,-0.97,-238.416458,87.558937,58.3226500397207
Group4,Small,Right,-215.4,33.970000000000006,-0.96,-238.394836,87.539459,58.29622132025004
Group4,Small,Right,-215.4,33.970000000000006,-0.94,-238.292862,87.236282,57.97740877837305
Group4,Small,Right,-215.4,33.970000000000006,-0.94,-238.392731,87.554214,58.308950160641345
Group4,Small,Right,-215.4,33.970000000000006,-0.96,-238.419083,87.623566,58.383073974202865
Group4,Small,Right,-215.4,33.970000000000006,-0.95,-238.411118,87.555191,58.31710080342131
Group4,Small,Right,-215.4,33.970000000000006,-0.95,-238.433243,87.658607,58.42085932864646
Group4,Small,Right,-215.4,33.970000000000006,-0.94,-238.389923,87.529655,58.285274326067594
Group4,Small,Right,-215.4,33.970000000000006,-0.94,-238.413284,87.5271,58.292145275968835
Group4,Small,Right,-215.4,33.970000000000006,-0.95,-238.400452,87.53933,58.29831823348941
Group4,Small,Right,-215.4,33.970000000000006,-0.95,-238.433365,87.344475,58.132353167137914
Group4,Small,Right,-215.4,33.970000000000006,-0.95,-238.415268,87.614975,58.37367475037397
Group1,Small,Right,-215.4,33.970000000000006,-0.96,-238.59906,87.320946,58.176626096556305
Group1,Small,Right,-215.4,33.970000000000006,-0.94,-238.60405,87.317345,58.17531396521659
Group1,Small,Right,-215.4,33.970000000000006,-0.97,-238.560059,87.319046,58.15934182909566
Group1,Small,Right,-215.4,33.970000000000006,-0.96,-238.592911,87.349579,58.20043449039844
Group1,Small,Right,-215.4,33.970000000000006,-0.95,-238.605637,87.349106,58.20507319757449
Group1,Small,Right,-215.4,33.970000000000006,-0.95,-238.574402,87.384888,58.225451205724006
Group1,Small,Right,-215.4,33.970000000000006,-0.92,-238.595551,87.321075,58.175345206102776
Group1,Small,Right,-215.4,33.970000000000006,-0.94,-238.546616,87.399902,58.22817410825329
Group1,Small,Right,-215.4,33.970000000000006,-0.94,-238.598709,87.321831,58.17729772273066
Group1,Small,Right,-215.4,33.970000000000006,-0.96,-238.524277,87.383278,58.20404155621852
Group1,Small,Right,-215.4,33.970000000000006,-0.95,-238.572723,87.354607,58.19700469765757
Group1,Small,Right,-215.4,33.970000000000006,-0.95,-238.576157,87.355904,58.19956184702651
Group1,Small,Right,-215.4,33.970000000000006,-0.96,-238.613312,87.315964,58.1777425576022
Group1,Small,Right,-215.4,33.970000000000006,-0.93,-238.589828,87.385216,58.23189352061497
Group1,Small,Right,-215.4,33.970000000000006,-0.96,-238.631729,87.34243,58.20935935426828
Group1,Small,Right,-215.4,33.970000000000006,-0.97,-238.596771,87.353798,58.205842264597834
Group1,Small,Right,-215.4,33.970000000000006,-0.96,-238.57605,87.382629,58.224034816338005
Group1,Small,Right,-215.4,33.970000000000006,-0.93,-238.627579,87.336151,58.201945833073665
Group1,Small,Right,-215.4,33.970000000000006,-0.94,-238.587189,87.372276,58.21897298735092
Group1,Small,Right,-215.4,33.970000000000006,-0.96,-238.60733,87.396492,58.24920783285351
Group1,Small,Right,-215.4,33.970000000000006,-0.96,-238.57019,87.353859,58.195310003195104
Group1,Small,Right,-215.4,33.970000000000006,-0.96,-238.600418,87.383667,58.23469084456113
Group1,Small,Right,-215.4,33.970000000000006,-0.94,-238.581985,87.369118,58.214003742382715
Group1,Small,Right,-215.4,33.970000000000006,-0.96,-238.547989,87.3731,58.20412772608245
Group1,Small,Right,-215.4,33.970000000000006,-0.93,-238.593796,87.380295,58.228960018848355
Group3,Large,Right,-215.4,33.970000000000006,-0.96,-235.470703,85.484184,55.28602239354956
Group3,Large,Right,-215.4,33.970000000000006,-0.96,-235.45546,85.433487,55.233250583419114
Group3,Large,Right,-215.4,33.970000000000006,-0.94,-235.429031,85.467636,55.25548476293965
Group3,Large,Right,-215.4,33.970000000000006,-0.94,-235.474808,85.433884,55.24064873444481
Group3,Large,Right,-215.4,33.970000000000006,-0.94,-235.379623,85.470894,55.240631948063054
Group3,Large,Right,-215.4,33.970000000000006,-0.96,-235.425598,85.463997,55.250848883013674
Group3,Large,Right,-215.4,33.970000000000006,-0.97,-235.394623,85.486458,55.26056816372677
Group3,Large,Right,-215.4,33.970000000000006,-0.95,-235.444717,85.431313,55.22732489713817
Group3,Large,Right,-215.4,33.970000000000006,-0.95,-235.451645,85.480568,55.275736837139036
Group3,Large,Right,-215.4,33.970000000000006,-0.96,-235.447693,85.455482,55.25092624920031
Group3,Large,Right,-215.4,33.970000000000006,-0.94,-235.435867,85.462982,55.25362577871258
Group3,Large,Right,-215.4,33.970000000000006,-0.95,-235.409027,85.470467,55.25087567364718
Group3,Large,Right,-215.4,33.970000000000006,-0.97,-235.420258,85.474365,55.25857711197229
Group3,Large,Right,-215.4,33.970000000000006,-0.95,-235.442215,85.53981,55.327530990839676
Group3,Large,Right,-215.4,33.970000000000006,-0.96,-235.397476,85.449722,55.22735575390025
Group3,Large,Right,-215.4,33.970000000000006,-0.94,-235.448639,85.556908,55.345794806405884
Group3,Large,Right,-215.4,33.970000000000006,-0.94,-235.418655,85.456841,55.24166311913776
Group3,Large,Right,-215.4,33.970000000000006,-0.94,-235.414368,85.519547,55.2985598577814
Group3,Large,Right,-215.4,33.970000000000006,-0.96,-235.439301,85.487961,55.27815020571981
Group3,Large,Right,-215.4,33.970000000000006,-0.94,-235.418518,85.441223,55.22705731823896
Group3,Large,Right,-215.4,33.970000000000006,-0.95,-235.448151,85.440514,55.23714483880386
Group3,Large,Right,-215.4,33.970000000000006,-0.95,-235.407715,85.444901,55.22657052978236
Group3,Large,Right,-215.4,33.970000000000006,-0.96,-235.426163,85.446899,55.23511867606305
Group3,Large,Right,-215.4,33.970000000000006,-0.94,-235.442932,85.42907,55.22458699186009
Group3,Large,Right,-215.4,33.970000000000006,-0.96,-235.368988,85.31916,55.09534203950224
Group2,Large,Straight,-198.8,46.17,-1.97,-215.183685,96.948181,53.355869403918305
Group2,Large,Straight,-198.8,46.17,-1.97,-215.087158,96.879921,53.26131432421851
Group2,Large,Straight,-198.8,46.17,-1.98,-215.156311,96.936401,53.336257649196966
Group2,Large,Straight,-198.8,46.17,-1.97,-215.12706,96.94873,53.339031755896166
Group2,Large,Straight,-198.8,46.17,-1.97,-215.080353,96.937172,53.313747257927695
Group2,Large,Straight,-198.8,46.17,-1.97,-215.095306,96.914581,53.296805706338496
Group2,Large,Straight,-198.8,46.17,-1.97,-215.083145,96.808762,53.192339937096854
Group2,Large,Straight,-198.8,46.17,-1.97,-214.989929,96.961334,53.309224441222135
Group2,Large,Straight,-198.8,46.17,-1.97,-215.06073,96.863976,53.23805540045086
Group2,Large,Straight,-198.8,46.17,-1.97,-215.128113,96.954437,53.344787145022316
Group2,Large,Straight,-198.8,46.17,-1.97,-215.22612,96.853645,53.27897604816017
Group2,Large,Straight,-198.8,46.17,-1.97,-215.105606,96.850189,53.2386546045536
Group2,Large,Straight,-198.8,46.17,-1.97,-215.146088,96.951309,53.34731424033663
Group2,Large,Straight,-198.8,46.17,-1.97,-215.150238,96.94545,53.34300896424144
Group2,Large,Straight,-198.8,46.17,-1.97,-215.094254,96.84938,53.234408709038135
Group2,Large,Straight,-198.8,46.17,-1.97,-215.12944,96.950104,53.34106835229694
Group2,Large,Straight,-198.8,46.17,-1.97,-215.100235,96.853638,53.24029321829725
Group2,Large,Straight,-198.8,46.17,-1.97,-215.159256,96.869041,53.27305149128606
Group2,Large,Straight,-198.8,46.17,-1.98,-215.058136,96.832314,53.2071146185272
Group2,Large,Straight,-198.8,46.17,-1.97,-215.110687,96.778961,53.17241243268439
Group2,Large,Straight,-198.8,46.17,-1.96,-215.091995,96.828369,53.213714875210364
Group2,Large,Straight,-198.8,46.17,-1.96,-215.111298,96.812447,53.20447237397072
Group2,Large,Straight,-198.8,46.17,-1.96,-215.062836,96.873444,53.24771420656507
Group2,Large,Straight,-198.8,46.17,-1.97,-215.111801,96.920578,53.307560619462656
Group2,Large,Straight,-198.8,46.17,-1.97,-215.283234,96.790527,53.23659227313938
Group1,Medium,Left,-182.60000000000002,40.870000000000005,-1.87,-195.690506,90.261063,51.09636436779043
Group1,Medium,Left,-182.60000000000002,40.870000000000005,-1.84,-195.760529,90.154358,51.011248436320436
Group1,Medium,Left,-182.60000000000002,40.870000000000005,-1.85,-195.802353,90.23259,51.09762632691179
Group1,Medium,Left,-182.60000000000002,40.870000000000005,-1.85,-195.741226,90.173454,51.024723390854284
Group1,Medium,Left,-182.60000000000002,40.870000000000005,-1.86,-195.764404,90.159523,51.01723836354476
Group1,Medium,Left,-182.60000000000002,40.870000000000005,-1.86,-195.711823,90.145668,50.99030652221608
Group1,Medium,Left,-182.60000000000002,40.870000000000005,-1.85,-195.735626,90.113739,50.965581534129434
Group1,Medium,Left,-182.60000000000002,40.870000000000005,-1.85,-195.70343,90.157852,50.99992384836279
Group1,Medium,Left,-182.60000000000002,40.870000000000005,-1.84,-195.69754,90.336411,51.17100127291354
Group1,Medium,Left,-182.60000000000002,40.870000000000005,-1.85,-195.710083,90.161095,51.00476764544579
Group1,Medium,Left,-182.60000000000002,40.870000000000005,-1.87,-195.70343,90.253082,51.09196282766619
Group1,Medium,Left,-182.60000000000002,40.870000000000005,-1.84,-195.71312,90.14566,50.990632321731404
Group1,Medium,Left,-182.60000000000002,40.870000000000005,-1.87,-195.73526,90.182289,51.031724463191715
Group1,Medium,Left,-182.60000000000002,40.870000000000005,-1.85,-195.746689,90.141167,50.99493434846846
Group1,Medium,Left,-182.60000000000002,40.870000000000005,-1.85,-195.730804,90.233383,51.0799529648482
Group1,Medium,Left,-182.60000000000002,40.870000000000005,-1.86,-195.714325,90.098732,50.94559426028366
Group1,Medium,Left,-182.60000000000002,40.870000000000005,-1.85,-195.71756,90.149841,50.99581462570119
Group1,Medium,Left,-182.60000000000002,40.870000000000005,-1.9,-195.749985,90.141129,50.99574745441884
Group1,Medium,Left,-182.60000000000002,40.870000000000005,-1.85,-195.709549,90.223938,51.065364691650295
Group1,Medium,Left,-182.60000000000002,40.870000000000005,-1.85,-196.426712,90.090141,51.125338578740234
Group1,Medium,Left,-182.60000000000002,40.870000000000005,-1.85,-196.442108,90.089806,51.12918204471198
Group1,Medium,Left,-182.60000000000002,40.870000000000005,-1.85,-196.462616,90.0839,51.12905314567692
Group1,Medium,Left,-182.60000000000002,40.870000000000005,-1.85,-196.444504,90.111053,51.15028437413446
Group1,Medium,Left,-182.60000000000002,40.870000000000005,-1.84,-196.465775,90.097916,51.14340065007097
Group1,Medium,Left,-182.60000000000002,40.870000000000005,-1.85,-196.516998,90.170021,51.22670108383365
Group1,Large,Right,-215.4,33.970000000000006,-0.95,-235.505035,85.539795,55.35030432340231
Group1,Large,Right,-215.4,33.970000000000006,-0.95,-235.440109,85.544388,55.33103529039037
Group1,Large,Right,-215.4,33.970000000000006,-0.96,-235.421921,85.547668,55.32750813879533
Group1,Large,Right,-215.4,33.970000000000006,-0.95,-235.42717,85.565338,55.34588007741084
Group1,Large,Right,-215.4,33.970000000000006,-0.96,-235.427673,85.580414,55.36011668201508
Group1,Large,Right,-215.4,33.970000000000006,-0.98,-235.459824,85.586624,55.377544294310766
Group1,Large,Right,-215.4,33.970000000000006,-0.98,-235.431259,85.604561,55.38392570762569
Group1,Large,Right,-215.4,33.970000000000006,-0.9900000000000002,-235.510544,85.600121,55.40851355568544
Group1,Large,Right,-215.4,33.970000000000006,-0.95,-235.505203,85.63028,55.434679735248835
Group1,Large,Right,-215.4,33.970000000000006,-0.94,-235.44957,85.664619,55.446540836557695
Group1,Large,Right,-215.4,33.970000000000006,-0.94,-235.460205,85.634064,55.42190301350288
Group1,Large,Right,-215.4,33.970000000000006,-0.96,-235.495758,85.614044,55.41612373911134
Group1,Large,Right,-215.4,33.970000000000006,-0.95,-235.484695,85.655846,55.45107438074342
Group1,Large,Right,-215.4,33.970000000000006,-0.96,-235.509918,85.653549,55.45807460778028
Group1,Large,Right,-215.4,33.970000000000006,-0.94,-235.421585,85.586456,55.36354753727546
Group1,Large,Right,-215.4,33.970000000000006,-0.96,-235.509155,85.62896,55.43488308904083
Group1,Large,Right,-215.4,33.970000000000006,-0.95,-235.342697,85.694328,55.43570393424613
Group1,Large,Right,-215.4,33.970000000000006,-0.93,-235.455368,85.669182,55.45289176485341
Group1,Large,Right,-215.4,33.970000000000006,-0.96,-235.426422,85.611343,55.38849957315808
Group1,Large,Right,-215.4,33.970000000000006,-0.96,-235.436722,85.653961,55.431958770683934
Group1,Large,Right,-215.4,33.970000000000006,-0.96,-235.438583,85.645378,55.42462900273462
Group1,Large,Right,-215.4,33.970000000000006,-0.96,-235.416489,85.65757,55.42801389543036
Group1,Large,Right,-215.4,33.970000000000006,-0.93,-235.461288,85.625031,55.41387465093832
Group1,Large,Right,-215.4,33.970000000000006,-0.9900000000000002,-235.436722,85.602585,55.38405964072613
Group1,Large,Right,-215.4,33.970000000000006,-0.93,-235.435959,85.595779,55.377438640718296
Group4,Large,Right,-215.4,33.970000000000006,-0.95,-235.618454,85.856224,55.68631899424033
Group4,Large,Right,-215.4,33.970000000000006,-0.95,-235.592102,85.815392,55.63870644445347
Group4,Large,Right,-215.4,33.970000000000006,-0.95,-235.615326,85.828659,55.65949980519549
Group4,Large,Right,-215.4,33.970000000000006,-0.95,-236.14946,85.288368,55.35444864213737
Group4,Large,Right,-215.4,33.970000000000006,-0.94,-235.62291,85.836464,55.669526464048495
Group4,Large,Right,-215.4,33.970000000000006,-0.93,-236.178207,85.263588,55.342262838165475
Group4,Large,Right,-215.4,33.970000000000006,-0.96,-236.136551,85.235535,55.300629528169246
Group4,Large,Right,-215.4,33.970000000000006,-0.96,-236.117737,85.277679,55.33265356702324
Group4,Large,Right,-215.4,33.970000000000006,-0.94,-236.121368,85.345627,55.397022857140534
Group4,Large,Right,-215.4,33.970000000000006,-0.95,-236.122971,85.293945,55.34969609157637
Group4,Large,Right,-215.4,33.970000000000006,-0.95,-236.146851,85.3283,55.39049381713617
Group4,Large,Right,-215.4,33.970000000000006,-0.97,-236.104553,85.342606,55.38793336243053
Group4,Large,Right,-215.4,33.970000000000006,-0.95,-236.134979,85.306686,55.366006570756355
Group4,Large,Right,-215.4,33.970000000000006,-0.95,-236.134811,85.319885,55.37818231685603
Group4,Large,Right,-215.4,33.970000000000006,-0.97,-236.115311,85.327354,55.377810716098516
Group4,Large,Right,-215.4,33.970000000000006,-0.96,-236.164688,85.158539,55.23982976704277
Group4,Large,Right,-215.4,33.970000000000006,-0.95,-236.121994,85.299881,55.3548346471218
Group4,Large,Right,-215.4,33.970000000000006,-0.96,-236.165619,85.351051,55.418619022109894
Group4,Large,Right,-215.4,33.970000000000006,-0.96,-236.151001,85.250504,55.319925280101536
Group4,Large,Right,-215.4,33.970000000000006,-0.95,-236.154556,85.261856,55.331781886018014
Group4,Large,Right,-215.4,33.970000000000006,-0.95,-236.116379,85.305344,55.35779893086408
Group4,Large,Right,-215.4,33.970000000000006,-0.95,-235.986145,85.135475,55.15156568889635
Group4,Large,Right,-215.4,33.970000000000006,-0.95,-236.136169,85.298782,55.3591236057805
Group4,Large,Right,-215.4,33.970000000000006,-0.93,-236.108978,85.316109,55.36501313324476
Group4,Large,Right,-215.4,33.970000000000006,-0.97,-236.171143,85.354141,55.42355390837301
Group2,Medium,Left,-182.60000000000002,40.870000000000005,-1.87,-195.639435,91.085144,51.88051225710825
Group2,Medium,Left,-182.60000000000002,40.870000000000005,-1.85,-195.606064,91.076355,51.863626783692254
Group2,Medium,Left,-182.60000000000002,40.870000000000005,-1.85,-195.679962,91.050102,51.85680324366173
Group2,Medium,Left,-182.60000000000002,40.870000000000005,-1.85,-195.619995,91.070145,51.86111093894006
Group2,Medium,Left,-182.60000000000002,40.870000000000005,-1.86,-195.599045,91.095993,51.880878401855085
Group2,Medium,Left,-182.60000000000002,40.870000000000005,-1.85,-195.595627,91.095726,51.879763620801164
Group2,Medium,Left,-182.60000000000002,40.870000000000005,-1.84,-195.573639,91.17775,51.953681476530804
Group2,Medium,Left,-182.60000000000002,40.870000000000005,-1.85,-195.580063,91.106216,51.886023488822346
Group2,Medium,Left,-182.60000000000002,40.870000000000005,-1.85,-195.664124,91.136482,51.936408698943545
Group2,Medium,Left,-182.60000000000002,40.870000000000005,-1.86,-195.599503,91.142731,51.92624153975876
Group2,Medium,Left,-182.60000000000002,40.870000000000005,-1.86,-195.590042,91.066696,51.85026017753603
Group2,Medium,Left,-182.60000000000002,40.870000000000005,-1.86,-195.626144,91.104103,51.895525160878215
Group2,Medium,Left,-182.60000000000002,40.870000000000005,-1.85,-195.579361,91.196808,51.97356458274903
Group2,Medium,Left,-182.60000000000002,40.870000000000005,-1.83,-195.640091,90.99987,51.798145135759256
Group2,Medium,Left,-182.60000000000002,40.870000000000005,-1.85,-195.64473,91.062553,51.85997837861782
Group2,Medium,Left,-182.60000000000002,40.870000000000005,-1.85,-195.656235,91.093842,51.89315540238604
Group2,Medium,Left,-182.60000000000002,40.870000000000005,-1.85,-195.648819,91.094299,51.891732360137695
Group2,Medium,Left,-182.60000000000002,40.870000000000005,-1.84,-195.324738,102.866661,63.289058551360704
Group2,Medium,Left,-182.60000000000002,40.870000000000005,-1.84,-195.592651,91.017708,51.80349020733124
Group2,Medium,Left,-182.60000000000002,40.870000000000005,-1.85,-195.652802,91.0355,51.83582767064883
Group2,Medium,Left,-182.60000000000002,40.870000000000005,-1.85,-195.651276,91.089424,51.88763197641563
Group2,Medium,Left,-182.60000000000002,40.870000000000005,-1.85,-195.601807,91.103287,51.88863178085944
Group2,Medium,Left,-182.60000000000002,40.870000000000005,-1.86,-195.665024,91.097626,51.899029525767155
Group2,Medium,Left,-182.60000000000002,40.870000000000005,-1.85,-195.595612,91.07132,51.85613233742893
Group2,Medium,Left,-182.60000000000002,40.870000000000005,-1.87,-195.633377,91.02507,51.8208448669937
Group2,Small,Right,-215.4,33.970000000000006,-0.96,-239.244461,84.781914,56.12850367437133
Group2,Small,Right,-215.4,33.970000000000006,-0.95,-239.257782,84.76387,56.11783131533525
Group2,Small,Right,-215.4,33.970000000000006,-0.95,-239.251953,84.758713,56.11068552522395
Group2,Small,Right,-215.4,33.970000000000006,-0.95,-239.282059,84.80748,56.1676251485665
Group2,Small,Right,-215.4,33.970000000000006,-0.95,-239.259338,84.753784,56.10936398816956
Group2,Small,Right,-215.4,33.970000000000006,-0.96,-239.298767,84.858109,56.22055408581606
Group2,Small,Right,-215.4,33.970000000000006,-0.94,-239.263245,84.757004,56.113939776369655
Group2,Small,Right,-215.4,33.970000000000006,-0.95,-239.2827,84.802917,56.16376776907767
Group2,Small,Right,-215.4,33.970000000000006,-0.95,-239.268753,84.783394,56.140167256379314
Group2,Small,Right,-215.4,33.970000000000006,-0.95,-239.278915,84.81147,56.169899887200486
Group2,Small,Right,-215.4,33.970000000000006,-0.94,-239.235443,84.661072,56.015293657316775
Group2,Small,Right,-215.4,33.970000000000006,-0.95,-239.279633,84.833275,56.189942302340135
Group2,Small,Right,-215.4,33.970000000000006,-0.95,-239.223557,84.819199,56.153387316117
Group2,Small,Right,-215.4,33.970000000000006,-0.95,-239.219849,84.694519,56.038933199733215
Group2,Small,Right,-215.4,33.970000000000006,-0.95,-241.683777,90.659309,62.486115964134044
Group2,Small,Right,-215.4,33.970000000000006,-0.94,-238.999298,84.802895,56.043822854743134
Group2,Small,Right,-215.4,33.970000000000006,-0.96,-239.271454,84.803894,56.159870862363555
Group2,Small,Right,-215.4,33.970000000000006,-0.94,-239.265396,84.808258,56.16124644905399
Group2,Small,Right,-215.4,33.970000000000006,-0.94,-239.268494,84.833931,56.18580321220652
Group2,Small,Right,-215.4,33.970000000000006,-0.94,-239.249496,84.782013,56.130732442808764
Group2,Small,Right,-215.4,33.970000000000006,-0.97,-239.239044,84.806511,56.14847165762445
Group2,Small,Right,-215.4,33.970000000000006,-0.95,-239.257019,84.792343,56.143280128400136
Group2,Small,Right,-215.4,33.970000000000006,-0.96,-239.270813,84.802635,56.15845879584119
Group2,Small,Right,-215.4,33.970000000000006,-0.95,-231.572845,85.521339,54.028709665204346
Group2,Small,Right,-215.4,33.970000000000006,-0.94,-239.124268,84.694061,55.99795760978738
Group2,Large,Right,-215.4,33.970000000000006,-0.92,-235.356659,84.578506,54.40118673332703
Group2,Large,Right,-215.4,33.970000000000006,-0.95,-235.327667,84.503403,54.32068418957274
Group2,Large,Right,-215.4,33.970000000000006,-0.94,-235.36618,84.576622,54.40292762382631
Group2,Large,Right,-215.4,33.970000000000006,-0.96,-235.403793,84.61599,54.45335653076813
Group2,Large,Right,-215.4,33.970000000000006,-0.93,-235.414307,84.635887,54.47572477890512
Group2,Large,Right,-215.4,33.970000000000006,-0.95,-235.348938,84.67907,54.49192515953848
Group2,Large,Right,-215.4,33.970000000000006,-0.96,-235.42485,84.628204,54.47245404815276
Group2,Large,Right,-215.4,33.970000000000006,-0.94,-235.366196,84.578705,54.40487114668539
Group2,Large,Right,-215.4,33.970000000000006,-0.95,-235.347153,84.622055,54.43821808737344
Group2,Large,Right,-215.4,33.970000000000006,-0.94,-235.412857,84.672615,54.50935344636435
Group2,Large,Right,-215.4,33.970000000000006,-0.95,-235.372635,84.592285,54.41986666158279
Group2,Large,Right,-215.4,33.970000000000006,-0.94,-235.422333,84.638145,54.48077400793708
Group2,Large,Right,-215.4,33.970000000000006,-0.94,-235.460663,84.643707,54.500043863481594
Group2,Large,Right,-215.4,33.970000000000006,-0.97,-235.354019,84.56736,54.38984935833118
Group2,Large,Right,-215.4,33.970000000000006,-0.93,-235.427734,84.62233,54.468051769855464
Group2,Large,Right,-215.4,33.970000000000006,-0.95,-235.420685,84.632942,54.475329461735136
Group2,Large,Right,-215.4,33.970000000000006,-0.95,-235.367538,84.620193,54.44395856951157
Group2,Large,Right,-215.4,33.970000000000006,-0.96,-235.341888,84.577934,54.39523766611282
Group2,Large,Right,-215.4,33.970000000000006,-0.95,-235.32608,84.538513,54.352765993991206
Group2,Large,Right,-215.4,33.970000000000006,-0.96,-235.406525,84.555779,54.39836467774068
Group2,Large,Right,-215.4,33.970000000000006,-0.95,-235.348343,84.61779,54.43468582007017
Group2,Large,Right,-215.4,33.970000000000006,-0.97,-235.430222,84.649223,54.49397615565423
Group2,Large,Right,-215.4,33.970000000000006,-0.96,-235.402466,84.652565,54.48688870783851
Group2,Large,Right,-215.4,33.970000000000006,-0.94,-235.312744,84.598862,54.40403515387971
Group2,Large,Right,-215.4,33.970000000000006,-0.94,-235.41954,84.639809,54.48129519301171
Group3,Small,Left,-182.60000000000002,40.870000000000005,-1.85,-195.520096,94.270454,54.94121738781669
Group3,Small,Left,-182.60000000000002,40.870000000000005,-1.85,-195.544357,94.257507,54.93434519331687
Group3,Small,Left,-182.60000000000002,40.870000000000005,-1.85,-195.53627,94.307549,54.981076059316074
Group3,Small,Left,-182.60000000000002,40.870000000000005,-1.85,-195.483627,94.360405,55.02009879797703
Group3,Small,Left,-182.60000000000002,40.870000000000005,-1.85,-195.500778,94.536331,55.195155186002005
Group3,Small,Left,-182.60000000000002,40.870000000000005,-1.86,-195.56282,94.225792,54.90787960119807
Group3,Small,Left,-182.60000000000002,40.870000000000005,-1.83,-195.504288,94.239868,54.90777230160014
Group3,Small,Left,-182.60000000000002,40.870000000000005,-1.85,-195.576233,94.260864,54.94512700446495
Group3,Small,Left,-182.60000000000002,40.870000000000005,-1.83,-195.55275,94.244904,54.92407586452152
Group3,Small,Left,-182.60000000000002,40.870000000000005,-1.86,-195.527023,94.260796,54.93345994160703
Group3,Small,Left,-182.60000000000002,40.870000000000005,-1.84,-196.048294,94.25544,55.053263440998975
Group3,Small,Left,-182.60000000000002,40.870000000000005,-1.85,-196.070129,94.299194,55.10102673059982
Group3,Small,Left,-182.60000000000002,40.870000000000005,-1.84,-195.9702,94.327309,55.103957512700305
Group3,Small,Left,-182.60000000000002,40.870000000000005,-1.86,-195.970718,94.243774,55.02304836010632
Group3,Small,Left,-182.60000000000002,40.870000000000005,-1.84,-195.969681,94.302567,55.079829214071175
Group3,Small,Left,-182.60000000000002,40.870000000000005,-1.87,-196.030899,94.263336,55.05667422898967
Group3,Small,Left,-182.60000000000002,40.870000000000005,-1.85,-196.024017,94.283066,55.074130514576844
Group3,Small,Left,-182.60000000000002,40.870000000000005,-1.86,-196.033569,94.33902,55.13072533386587
Group3,Small,Left,-182.60000000000002,40.870000000000005,-1.84,-196.023102,94.314644,55.10453374804236
Group3,Small,Left,-182.60000000000002,40.870000000000005,-1.85,-196.033203,94.301674,55.0944164982395
Group3,Small,Left,-182.60000000000002,40.870000000000005,-1.84,-195.952362,94.297913,55.071112740842736
Group3,Small,Left,-182.60000000000002,40.870000000000005,-1.85,-196.039368,94.368629,55.160854934627906
Group3,Small,Left,-182.60000000000002,40.870000000000005,-1.85,-196.037918,94.335953,55.12881071067044
Group3,Small,Left,-182.60000000000002,40.870000000000005,-1.86,-195.948792,94.276711,55.04967781646669
Group3,Small,Left,-182.60000000000002,40.870000000000005,-1.86,-195.547699,94.22876,54.90719605053785
Group4,Medium,Straight,-198.8,46.17,-1.97,-214.277222,97.036835,53.169345526858876
Group4,Medium,Straight,-198.8,46.17,-1.98,-214.27681,97.054268,53.18590393771571
Group4,Medium,Straight,-198.8,46.17,-1.97,-214.258392,97.024765,53.152318918659496
Group4,Medium,Straight,-198.8,46.17,-1.97,-214.294479,97.05143,53.18833329148733
Group4,Medium,Straight,-198.8,46.17,-1.97,-214.273407,97.085114,53.214426219030535
Group4,Medium,Straight,-198.8,46.17,-1.97,-214.322632,97.122368,53.26439626068099
Group4,Medium,Straight,-198.8,46.17,-1.97,-214.323807,97.119644,53.26213296048125
Group4,Medium,Straight,-198.8,46.17,-1.97,-214.273788,97.056023,53.1867037127276
Group4,Medium,Straight,-198.8,46.17,-1.97,-214.302246,97.114639,53.25106453287893
Group4,Medium,Straight,-198.8,46.17,-1.97,-214.269943,97.040337,53.17057760563465
Group4,Medium,Straight,-198.8,46.17,-1.97,-214.291046,97.055077,53.19082221088563
Group4,Medium,Straight,-198.8,46.17,-1.97,-214.270325,97.102974,53.23061897151207
Group4,Medium,Straight,-198.8,46.17,-1.97,-214.288849,97.068985,53.203487830921624
Group4,Medium,Straight,-198.8,46.17,-1.97,-214.300369,97.109322,53.2454313998473
Group4,Medium,Straight,-198.8,46.17,-1.97,-214.301605,97.111115,53.247506561521256
Group4,Medium,Straight,-198.8,46.17,-1.97,-214.288681,97.040672,53.176352910399416
Group4,Medium,Straight,-198.8,46.17,-1.97,-214.291977,97.098068,53.23222202370621
Group4,Medium,Straight,-198.8,46.17,-1.97,-214.287979,97.055687,53.19051264056787
Group4,Medium,Straight,-198.8,46.17,-1.97,-214.285187,97.101494,53.2335241882125
Group4,Medium,Straight,-198.8,46.17,-1.97,-214.303833,97.09613,53.23381964943704
Group4,Medium,Straight,-198.8,46.17,-1.97,-214.288467,97.08136,53.21521574756311
Group4,Medium,Straight,-198.8,46.17,-1.97,-214.288467,97.093536,53.226864727817514
Group4,Medium,Straight,-198.8,46.17,-1.98,-214.308426,97.078529,53.21832017211101
Group4,Medium,Straight,-198.8,46.17,-1.96,-214.277786,97.047333,53.17955314455626
Group4,Medium,Straight,-198.8,46.17,-1.97,-214.315918,97.092964,53.23431199825935
Group1,Small,Left,-182.60000000000002,40.870000000000005,-1.85,-195.848572,94.202423,54.953362072671325
Group1,Small,Left,-182.60000000000002,40.870000000000005,-1.86,-195.821655,94.247231,54.99037143142775
Group1,Small,Left,-182.60000000000002,40.870000000000005,-1.85,-195.84668,94.26741,55.01597882188864
Group1,Small,Left,-182.60000000000002,40.870000000000005,-1.85,-195.85791,94.261406,55.01285679025344
Group1,Small,Left,-182.60000000000002,40.870000000000005,-1.85,-195.885223,94.247665,55.00611121513638
Group1,Small,Left,-182.60000000000002,40.870000000000005,-1.85,-195.901779,94.250069,55.012444873951935
Group1,Small,Left,-182.60000000000002,40.870000000000005,-1.85,-195.821991,94.229362,54.9731075986352
Group1,Small,Left,-182.60000000000002,40.870000000000005,-1.87,-195.853729,94.235748,54.98694746942172
Group1,Small,Left,-182.60000000000002,40.870000000000005,-1.84,-195.820969,94.294273,55.03586982030437
Group1,Small,Left,-182.60000000000002,40.870000000000005,-1.85,-195.794037,94.198784,54.936707357431104
Group1,Small,Left,-182.60000000000002,40.870000000000005,-1.86,-195.839935,94.272736,55.01952463525943
Group1,Small,Left,-182.60000000000002,40.870000000000005,-1.85,-195.845276,94.357399,55.10298710688357
Group1,Small,Left,-182.60000000000002,40.870000000000005,-1.85,-195.846924,94.242554,54.9919131868013
Group1,Small,Left,-182.60000000000002,40.870000000000005,-1.84,-195.777161,94.231728,54.96463942541518
Group1,Small,Left,-182.60000000000002,40.870000000000005,-1.84,-195.806,94.249237,54.98855679777537
Group1,Small,Left,-182.60000000000002,40.870000000000005,-1.87,-195.821304,94.251144,54.994085265682436
Group1,Small,Left,-182.60000000000002,40.870000000000005,-1.86,-195.846771,94.260094,55.00890000041153
Group1,Small,Left,-182.60000000000002,40.870000000000005,-1.86,-195.837982,94.268486,55.01492956029771
Group1,Small,Left,-182.60000000000002,40.870000000000005,-1.84,-195.809921,94.240349,54.980870902597026
Group1,Small,Left,-182.60000000000002,40.870000000000005,-1.86,-195.805984,94.24794,54.98729391461136
Group1,Small,Left,-182.60000000000002,40.870000000000005,-1.85,-195.62207,94.135193,54.833886351526715
Group1,Small,Left,-182.60000000000002,40.870000000000005,-1.85,-195.794571,94.244316,54.98103593369168
Group1,Small,Left,-182.60000000000002,40.870000000000005,-1.84,-195.863403,94.260788,55.0135810723257
Group1,Small,Left,-182.60000000000002,40.870000000000005,-1.84,-195.885986,94.268166,55.02618972958013
Group1,Small,Left,-182.60000000000002,40.870000000000005,-1.86,-195.90979,94.284279,55.04757679438705
Group4,Small,Left,-182.60000000000002,40.870000000000005,-1.85,-195.665771,94.25399,54.95966484745463
Group4,Small,Left,-182.60000000000002,40.870000000000005,-1.86,-195.627243,94.193588,54.89183998897097
Group4,Small,Left,-182.60000000000002,40.870000000000005,-1.85,-195.626175,94.202026,54.89978353687107
Group4,Small,Left,-182.60000000000002,40.870000000000005,-1.85,-195.692856,94.200668,54.914324429632735
Group4,Small,Left,-182.60000000000002,40.870000000000005,-1.86,-195.63858,94.197945,54.8987639782484
Group4,Small,Left,-182.60000000000002,40.870000000000005,-1.86,-195.5896,94.243011,54.930938562581645
Group4,Small,Left,-182.60000000000002,40.870000000000005,-1.85,-195.677505,94.193939,54.904131060428824
Group4,Small,Left,-182.60000000000002,40.870000000000005,-1.83,-195.641022,94.223679,54.92434175881878
Group4,Small,Left,-182.60000000000002,40.870000000000005,-1.85,-195.620758,94.195343,54.892006202745144
Group4,Small,Left,-182.60000000000002,40.870000000000005,-1.86,-195.635468,94.20134,54.90132286361253
Group4,Small,Left,-182.60000000000002,40.870000000000005,-1.85,-195.682251,94.202446,54.91352372202967
Group4,Small,Left,-182.60000000000002,40.870000000000005,-1.84,-195.643372,94.206352,54.908068603787974
Group4,Small,Left,-182.60000000000002,40.870000000000005,-1.83,-195.662781,94.218079,54.92407286831705
Group4,Small,Left,-182.60000000000002,40.870000000000005,-1.85,-195.692154,94.241791,54.95409512408877
Group4,Small,Left,-182.60000000000002,40.870000000000005,-1.85,-195.630417,94.203827,54.902539737791884
Group4,Small,Left,-182.60000000000002,40.870000000000005,-1.85,-195.644073,94.210197,54.91197006507903
Group4,Small,Left,-182.60000000000002,40.870000000000005,-1.85,-195.67334,94.211472,54.92016800668388
Group4,Small,Left,-182.60000000000002,40.870000000000005,-1.85,-195.622498,94.219955,54.916328652432945
Group4,Small,Left,-182.60000000000002,40.870000000000005,-1.86,-195.61673,94.212029,54.90726106563448
Group4,Small,Left,-182.60000000000002,40.870000000000005,-1.86,-195.617538,94.194611,54.89053136819467
Group4,Small,Left,-182.60000000000002,40.870000000000005,-1.86,-195.701904,94.131599,54.84941035655731
Group4,Small,Left,-182.60000000000002,40.870000000000005,-1.85,-195.635956,94.305748,55.00286640851945
Group4,Small,Left,-182.60000000000002,40.870000000000005,-1.85,-195.619598,94.224747,54.920296425962704
Group4,Small,Left,-182.60000000000002,40.870000000000005,-1.85,-195.606583,94.198181,54.891402697550454
Group4,Small,Left,-182.60000000000002,40.870000000000005,-1.86,-195.647079,94.209511,54.912017848111915
Group3,Large,Left,-182.60000000000002,40.870000000000005,-1.84,-195.817154,90.802811,51.65248081381412
Group3,Large,Left,-182.60000000000002,40.870000000000005,-1.85,-195.80452,90.872917,51.717028694031605
Group3,Large,Left,-182.60000000000002,40.870000000000005,-1.87,-195.764999,90.775612,51.612859906854055
Group3,Large,Left,-182.60000000000002,40.870000000000005,-1.86,-195.759171,90.861816,51.69473327511321
Group3,Large,Left,-182.60000000000002,40.870000000000005,-1.85,-195.801407,90.840309,51.68470690963749
Group3,Large,Left,-182.60000000000002,40.870000000000005,-1.86,-195.678131,90.882011,51.69370130603226
Group3,Large,Left,-182.60000000000002,40.870000000000005,-1.85,-195.826859,90.774719,51.62781011697903
Group3,Large,Left,-182.60000000000002,40.870000000000005,-1.86,-195.819351,90.855667,51.7041405140448
Group3,Large,Left,-182.60000000000002,40.870000000000005,-1.87,-195.759201,90.808273,51.642963520511955
Group3,Large,Left,-182.60000000000002,40.870000000000005,-1.85,-195.866577,90.797073,51.65960398265028
Group3,Large,Left,-182.60000000000002,40.870000000000005,-1.87,-195.705765,90.797821,51.61926371078209
Group3,Large,Left,-182.60000000000002,40.870000000000005,-1.86,-195.782196,90.758942,51.60113201531318
Group3,Large,Left,-182.60000000000002,40.870000000000005,-1.85,-195.752701,90.794876,51.62835255177891
Group3,Large,Left,-182.60000000000002,40.870000000000005,-1.86,-195.846222,90.802788,51.65990432362634
Group3,Large,Left,-182.60000000000002,40.870000000000005,-1.87,-195.738037,90.752052,51.583205871136705
Group3,Large,Left,-182.60000000000002,40.870000000000005,-1.84,-195.786331,90.814331,51.65574047750279
Group3,Large,Left,-182.60000000000002,40.870000000000005,-1.85,-195.758499,90.759506,51.59562873787892
Group3,Large,Left,-182.60000000000002,40.870000000000005,-1.85,-195.740768,90.7789,51.60986420094343
Group3,Large,Left,-182.60000000000002,40.870000000000005,-1.85,-195.806122,90.797737,51.64475365630135
Group3,Large,Left,-182.60000000000002,40.870000000000005,-1.84,-195.667511,90.778885,51.591245824057644
Group3,Large,Left,-182.60000000000002,40.870000000000005,-1.85,-195.783478,90.820045,51.660537044038826
Group3,Large,Left,-182.60000000000002,40.870000000000005,-1.85,-195.746643,91.075615,51.89834293787879
Group3,Large,Left,-182.60000000000002,40.870000000000005,-1.9,-195.751877,90.80098,51.63404528393575
Group3,Large,Left,-182.60000000000002,40.870000000000005,-1.85,-195.707886,90.829872,51.65080333978726
Group3,Large,Left,-182.60000000000002,40.870000000000005,-1.85,-195.860428,90.593674,51.46146817572793
Group1,Large,Left,-182.60000000000002,40.870000000000005,-1.85,-196.469879,91.20813,52.213991184083405
Group1,Large,Left,-182.60000000000002,40.870000000000005,-1.85,-196.437927,91.052582,52.05554494810377
Group1,Large,Left,-182.60000000000002,40.870000000000005,-1.86,-196.498215,91.142288,52.15806093923706
Group1,Large,Left,-182.60000000000002,40.870000000000005,-1.85,-196.503479,91.087898,52.1070437449856
Group1,Large,Left,-182.60000000000002,40.870000000000005,-1.85,-196.483231,91.099342,52.112675048900755
Group1,Large,Left,-182.60000000000002,40.870000000000005,-1.85,-196.509735,91.062325,52.084068741562895
Group1,Large,Left,-182.60000000000002,40.870000000000005,-1.86,-196.517258,91.017151,52.042548204861795
Group1,Large,Left,-182.60000000000002,40.870000000000005,-1.82,-196.544952,91.137596,52.16601282349954
Group1,Large,Left,-182.60000000000002,40.870000000000005,-1.85,-196.546005,91.157066,52.18505592934035
Group1,Large,Left,-182.60000000000002,40.870000000000005,-1.86,-196.4384,91.071091,52.07351392166923
Group1,Large,Left,-182.60000000000002,40.870000000000005,-1.85,-196.48555,91.082298,52.09686525351887
Group1,Large,Left,-182.60000000000002,40.870000000000005,-1.86,-196.402634,91.085945,52.07834326839689
Group1,Large,Left,-182.60000000000002,40.870000000000005,-1.86,-196.511017,91.116997,52.13709908972974
Group1,Large,Left,-182.60000000000002,40.870000000000005,-1.85,-196.464081,91.136238,52.14314360150531
Group1,Large,Left,-182.60000000000002,40.870000000000005,-1.85,-196.487457,91.089478,52.10429380117662
Group1,Large,Left,-182.60000000000002,40.870000000000005,-1.86,-196.554504,91.100624,52.13294322513731
Group1,Large,Left,-182.60000000000002,40.870000000000005,-1.85,-196.468567,91.086731,52.096614313790575
Group1,Large,Left,-182.60000000000002,40.870000000000005,-1.86,-195.741211,90.860893,51.689271705876926
Group1,Large,Left,-182.60000000000002,40.870000000000005,-1.87,-195.789398,90.861252,51.70189064366898
Group1,Large,Left,-182.60000000000002,40.870000000000005,-1.85,-195.680313,90.79631,51.61134583009892
Group1,Large,Left,-182.60000000000002,40.870000000000005,-1.86,-195.764969,90.869278,51.7034255082992
Group1,Large,Left,-182.60000000000002,40.870000000000005,-1.85,-195.683075,90.873566,51.68678229655992
Group1,Large,Left,-182.60000000000002,40.870000000000005,-1.86,-195.716049,90.851227,51.673530881834736
Group1,Large,Left,-182.60000000000002,40.870000000000005,-1.85,-195.772827,90.867523,51.7037298200764
Group1,Large,Left,-182.60000000000002,40.870000000000005,-1.89,-195.682877,90.830627,51.64519262071018
Group4,Large,Left,-182.60000000000002,40.870000000000005,-1.85,-196.476135,91.040466,52.05403712677221
Group4,Large,Left,-182.60000000000002,40.870000000000005,-1.84,-196.445892,91.12896,52.13129372610335
Group4,Large,Left,-182.60000000000002,40.870000000000005,-1.85,-196.489471,91.080109,52.09580069882524
Group4,Large,Left,-182.60000000000002,40.870000000000005,-1.86,-196.453171,91.050407,52.05750275840064
Group4,Large,Left,-182.60000000000002,40.870000000000005,-1.85,-196.480637,91.08403,52.09722538069247
Group4,Large,Left,-182.60000000000002,40.870000000000005,-1.86,-196.341339,91.104713,52.08023413642924
Group4,Large,Left,-182.60000000000002,40.870000000000005,-1.85,-196.380295,91.126106,52.111157352051386
Group4,Large,Left,-182.60000000000002,40.870000000000005,-1.85,-196.424988,91.070625,52.069502048615455
Group4,Large,Left,-182.60000000000002,40.870000000000005,-1.85,-196.419006,91.060623,52.058270850616665
Group4,Large,Left,-182.60000000000002,40.870000000000005,-1.85,-196.538895,91.144875,52.1714083582823
Group4,Large,Left,-182.60000000000002,40.870000000000005,-1.85,-196.429565,91.14415,52.14160552103976
Group4,Large,Left,-182.60000000000002,40.870000000000005,-1.86,-196.40033,91.110626,52.10153173353711
Group4,Large,Left,-182.60000000000002,40.870000000000005,-1.85,-196.470779,91.180656,52.18774393683996
Group4,Large,Left,-182.60000000000002,40.870000000000005,-1.84,-196.455978,91.100433,52.10647297317264
Group4,Large,Left,-182.60000000000002,40.870000000000005,-1.84,-196.368423,91.192055,52.17162726358028
Group4,Large,Left,-182.60000000000002,40.870000000000005,-1.85,-196.453125,91.08271,52.08862944837121
Group4,Large,Left,-182.60000000000002,40.870000000000005,-1.85,-196.486771,91.083321,52.098176692236365
Group4,Large,Left,-182.60000000000002,40.870000000000005,-1.84,-196.45874,91.122948,52.12891191151319
Group4,Large,Left,-182.60000000000002,40.870000000000005,-1.86,-196.509811,91.057411,52.07935353802542
Group4,Large,Left,-182.60000000000002,40.870000000000005,-1.84,-196.501144,91.082619,52.10133310528528
Group4,Large,Left,-182.60000000000002,40.870000000000005,-1.85,-196.47287,91.078201,52.08953800614189
Group4,Large,Left,-182.60000000000002,40.870000000000005,-1.87,-196.364532,90.972488,51.95884568549581
Group4,Large,Left,-182.60000000000002,40.870000000000005,-1.85,-196.454315,91.168839,52.17197762081811
Group4,Large,Left,-182.60000000000002,40.870000000000005,-1.85,-196.714371,90.287743,51.39385947698119
Group4,Large,Left,-182.60000000000002,40.870000000000005,-1.84,-196.679764,90.256729,51.35453977610097
Group3,Medium,Straight,-198.8,46.17,-1.97,-214.948196,97.707893,54.008505338824776
Group3,Medium,Straight,-198.8,46.17,-1.97,-214.956253,97.671158,53.97586299764899
Group3,Medium,Straight,-198.8,46.17,-1.97,-214.950058,97.771515,54.069776434701375
Group3,Medium,Straight,-198.8,46.17,-1.97,-214.928848,97.681206,53.977255222746734
Group3,Medium,Straight,-198.8,46.17,-1.97,-214.949112,97.683487,53.98549028477664
Group3,Medium,Straight,-198.8,46.17,-1.97,-214.931992,97.694504,53.99088514123545
Group3,Medium,Straight,-198.8,46.17,-1.97,-214.953903,97.72419,54.0257631939569
Group3,Medium,Straight,-198.8,46.17,-1.96,-214.941864,97.682365,53.982251910120624
Group3,Medium,Straight,-198.8,46.17,-1.97,-214.949982,97.675667,53.978288706805195
Group3,Medium,Straight,-198.8,46.17,-1.97,-214.93483,97.685989,53.983607343127986
Group3,Medium,Straight,-198.8,46.17,-1.97,-214.929276,97.699211,53.99456575032988
Group3,Medium,Straight,-198.8,46.17,-1.97,-214.980057,97.69989,54.01040462665826
Group3,Medium,Straight,-198.8,46.17,-1.97,-214.986755,97.738876,54.04960693042458
Group3,Medium,Straight,-198.8,46.17,-1.97,-214.98494,97.720947,54.03195739005212
Group3,Medium,Straight,-198.8,46.17,-1.97,-214.953918,97.759209,54.05918563941196
Group3,Medium,Straight,-198.8,46.17,-1.97,-214.959137,97.811043,54.11021188937091
Group3,Medium,Straight,-198.8,46.17,-1.97,-214.988113,97.760658,54.07079614148226
Group3,Medium,Straight,-198.8,46.17,-1.97,-214.936905,97.689072,53.98716961204956
Group3,Medium,Straight,-198.8,46.17,-1.97,-214.931458,97.720993,54.01600518820151
Group3,Medium,Straight,-198.8,46.17,-1.97,-214.958435,97.668213,53.97370622666738
Group3,Medium,Straight,-198.8,46.17,-1.97,-214.938141,97.727257,54.02397934528638
Group3,Medium,Straight,-198.8,46.17,-1.98,-214.955856,97.695961,53.99941055295193
Group3,Medium,Straight,-198.8,46.17,-1.97,-214.964706,97.720024,54.02501915286112
Group3,Medium,Straight,-198.8,46.17,-1.97,-214.926224,97.717384,54.01099793321385
Group3,Medium,Straight,-198.8,46.17,-1.97,-214.91478,97.681694,53.973518999580115
Group1,Medium,Straight,-198.8,46.17,-1.97,-214.886765,97.788933,54.06753417924395
Group1,Medium,Straight,-198.8,46.17,-1.97,-214.860199,97.827545,54.09650587003402
Group1,Medium,Straight,-198.8,46.17,-1.97,-214.851593,97.800949,54.06855400765079
Group1,Medium,Straight,-198.8,46.17,-1.97,-214.818451,97.799431,54.05727442096172
Group1,Medium,Straight,-198.8,46.17,-1.97,-214.857651,97.764275,54.03533444343086
Group1,Medium,Straight,-198.8,46.17,-1.97,-214.830353,97.83577,54.095508196129444
Group1,Medium,Straight,-198.8,46.17,-1.97,-214.284378,97.013786,53.149379458848614
Group1,Medium,Straight,-198.8,46.17,-1.97,-214.262573,97.059265,53.186543937546396
Group1,Medium,Straight,-198.8,46.17,-1.97,-214.278122,97.079811,53.21072370023363
Group1,Medium,Straight,-198.8,46.17,-1.97,-214.322144,97.059509,53.204126537495355
Group1,Medium,Straight,-198.8,46.17,-1.97,-214.28215,97.085274,53.21712219875832
Group1,Medium,Straight,-198.8,46.17,-1.97,-214.312531,97.091339,53.231770434383286
Group1,Medium,Straight,-198.8,46.17,-1.97,-214.358215,97.048149,53.20379779350742
Group1,Medium,Straight,-198.8,46.17,-1.97,-214.365891,97.146255,53.299864319235425
Group1,Medium,Straight,-198.8,46.17,-1.97,-214.377716,97.158394,53.31492810157293
Group1,Medium,Straight,-198.8,46.17,-1.97,-214.32106,97.120346,53.26200391501727
Group1,Medium,Straight,-198.8,46.17,-1.96,-214.306503,97.188126,53.32261073729308
Group1,Medium,Straight,-198.8,46.17,-1.97,-214.271164,97.096268,53.2244463373995
Group1,Medium,Straight,-198.8,46.17,-1.97,-214.315964,97.170761,53.30874938908637
Group1,Medium,Straight,-198.8,46.17,-1.97,-214.389832,97.115089,53.27705843049281
Group1,Medium,Straight,-198.8,46.17,-1.97,-214.339325,97.100723,53.24856023178799
Group1,Medium,Straight,-198.8,46.17,-1.97,-214.384201,97.087929,53.24943956942121
Group1,Medium,Straight,-198.8,46.17,-1.96,-214.37561,97.079765,53.23911906885128
Group1,Medium,Straight,-198.8,46.17,-1.97,-214.380005,97.077522,53.23826022683789
Group1,Medium,Straight,-198.8,46.17,-1.97,-214.373657,97.04348,53.2038509852816
