Format Version,1.25,Take Name,Take 2025-11-27 04.49.49 PM,Take Notes,,Capture Frame Rate,120.000000,Export Frame Rate,120.000000,Capture Start Time,2025-11-27 04.49.49.607 PM,Capture Start Frame,2493298,Total Frames in Take,1193,Total Exported Frames,1193,Rotation Type,Quaternion,Length Units,Centimeters,Coordinate Space,Global

,Type,Rigid Body,Rigid Body,Rigid Body,Rigid Body,Rigid Body,Rigid Body,Rigid Body
,Name,SEE_large,SEE_large,SEE_large,SEE_large,SEE_large,SEE_large,SEE_large
,ID,B4680608301811F031C44B617C10C291,B4680608301811F031C44B617C10C291,B4680608301811F031C44B617C10C291,B4680608301811F031C44B617C10C291,B4680608301811F031C44B617C10C291,B4680608301811F031C44B617C10C291,B4680608301811F031C44B617C10C291
,Parent,,,,,,,
,,Rotation,Rotation,Rotation,Rotation,Position,Position,Position
Frame,Time (Seconds),X,Y,Z,W,X,Y,Z
0,0.000000,-0.012771,0.396734,0.025799,0.917482,-216.421692,92.252510,83.965172
1,0.008333,-0.012761,0.396834,0.025820,0.917439,-216.426254,92.253586,83.966377
2,0.016667,-0.012710,0.396724,0.025893,0.917485,-216.431473,92.252083,83.964348
3,0.025000,-0.012687,0.396772,0.025785,0.917467,-216.433807,92.251907,83.965591
4,0.033333,-0.012647,0.396799,0.025799,0.917456,-216.435059,92.251869,83.966240
5,0.041667,-0.012738,0.396754,0.025807,0.917474,-216.434067,92.253700,83.966652
6,0.050000,-0.012646,0.396887,0.025821,0.917417,-216.432480,92.253464,83.966156
7,0.058333,-0.012590,0.396933,0.025760,0.917400,-216.432404,92.253021,83.966278
8,0.066667,-0.012728,0.396904,0.025729,0.917411,-216.433716,92.252983,83.966087
9,0.075000,-0.012823,0.396907,0.025767,0.917408,-216.433624,92.253944,83.964493
10,0.083333,-0.012784,0.396981,0.025790,0.917376,-216.431900,92.254288,83.964836
11,0.091667,-0.012728,0.397015,0.025880,0.917359,-216.433044,92.253159,83.963417
12,0.100000,-0.012811,0.397057,0.025818,0.917341,-216.433426,92.254677,83.963730
13,0.108333,-0.012778,0.397014,0.025676,0.917365,-216.434830,92.255493,83.963509
14,0.116667,-0.012783,0.397014,0.025681,0.917364,-216.438339,92.254868,83.961609
15,0.125000,-0.012829,0.397135,0.025689,0.917311,-216.438431,92.253433,83.963043
16,0.133333,-0.012803,0.397122,0.025667,0.917318,-216.436798,92.253487,83.963318
17,0.141667,-0.012745,0.397056,0.025733,0.917345,-216.434601,92.253204,83.963882
18,0.150000,-0.012621,0.397090,0.025700,0.917333,-216.432831,92.253578,83.964470
19,0.158333,-0.012691,0.397179,0.025847,0.917289,-216.436859,92.255608,83.964607
20,0.166667,-0.012541,0.397156,0.025867,0.917301,-216.444092,92.255524,83.965431
21,0.175000,-0.012305,0.397327,0.025961,0.917227,-216.450531,92.253075,83.965500
22,0.183333,-0.012294,0.397457,0.025978,0.917171,-216.456772,92.252701,83.967781
23,0.191667,-0.012302,0.397467,0.025986,0.917166,-216.461777,92.251778,83.968147
24,0.200000,-0.012309,0.397495,0.026300,0.917145,-216.460922,92.249649,83.969658
25,0.208333,-0.012258,0.397470,0.026349,0.917155,-216.460831,92.249336,83.969276
26,0.216667,-0.012213,0.397447,0.026451,0.917162,-216.460556,92.249420,83.969429
27,0.225000,-0.012281,0.397479,0.026420,0.917149,-216.459564,92.249413,83.969849
28,0.233333,-0.012305,0.397395,0.026299,0.917188,-216.459900,92.248810,83.969261
29,0.241667,-0.012229,0.397378,0.026252,0.917198,-216.458817,92.248535,83.969025
30,0.250000,-0.012337,0.397406,0.026190,0.917186,-216.457153,92.250206,83.968353
31,0.258333,-0.012388,0.397422,0.026260,0.917176,-216.454269,92.252075,83.966774
32,0.266667,-0.012368,0.397410,0.026174,0.917185,-216.451767,92.251732,83.966133
33,0.275000,-0.012337,0.397441,0.026150,0.917172,-216.450027,92.253105,83.965042
34,0.283333,-0.012413,0.397416,0.026150,0.917182,-216.449326,92.253586,83.965164
35,0.291667,-0.012495,0.397401,0.026011,0.917191,-216.450195,92.253403,83.965370
36,0.300000,-0.012573,0.397453,0.026029,0.917167,-216.453720,92.252686,83.965202
37,0.308333,-0.012425,0.397427,0.025987,0.917181,-216.456024,92.252632,83.966080
38,0.316667,-0.012394,0.397445,0.026035,0.917173,-216.456863,92.252426,83.966721
39,0.325000,-0.012459,0.397503,0.026169,0.917143,-216.459152,92.252991,83.966995
40,0.333333,-0.012406,0.397566,0.026213,0.917115,-216.461365,92.251976,83.968788
41,0.341667,-0.012401,0.397566,0.026223,0.917115,-216.463013,92.252235,83.969345
42,0.350000,-0.012279,0.397552,0.026413,0.917117,-216.464661,92.250053,83.970184
43,0.358333,-0.012336,0.397572,0.026531,0.917104,-216.465240,92.249855,83.969711
44,0.366667,-0.012374,0.397541,0.026473,0.917119,-216.465805,92.249557,83.970634
45,0.375000,-0.012367,0.397571,0.026427,0.917108,-216.464951,92.249756,83.970604
46,0.383333,-0.012428,0.397552,0.026344,0.917117,-216.463562,92.250298,83.969566
47,0.391667,-0.012479,0.397493,0.026429,0.917140,-216.460938,92.249397,83.968643
48,0.400000,-0.012485,0.397499,0.026270,0.917141,-216.458939,92.249359,83.968407
49,0.408333,-0.012480,0.397509,0.026252,0.917138,-216.458084,92.249275,83.967896
50,0.416667,-0.012491,0.397553,0.026257,0.917119,-216.457199,92.250488,83.967720
51,0.425000,-0.012356,0.397496,0.026304,0.917144,-216.455719,92.250069,83.967743
52,0.433333,-0.012241,0.397463,0.026262,0.917161,-216.455322,92.251526,83.968712
53,0.441667,-0.012233,0.397539,0.026238,0.917128,-216.455429,92.253204,83.967346
54,0.450000,-0.012263,0.397549,0.026384,0.917119,-216.455292,92.252472,83.966751
55,0.458333,-0.012304,0.397478,0.026327,0.917151,-216.456177,92.252594,83.966911
56,0.466667,-0.012334,0.397464,0.026400,0.917155,-216.458557,92.252373,83.967216
57,0.475000,-0.012424,0.397530,0.026317,0.917128,-216.459518,92.252113,83.969208
58,0.483333,-0.012391,0.397543,0.026242,0.917124,-216.462784,92.250938,83.969963
59,0.491667,-0.012479,0.397568,0.026349,0.917110,-216.465973,92.250755,83.969734
60,0.500000,-0.012404,0.397560,0.026418,0.917112,-216.468475,92.251434,83.970222
61,0.508333,-0.012453,0.397614,0.026510,0.917085,-216.469360,92.251694,83.970604
62,0.516667,-0.012413,0.397600,0.026522,0.917092,-216.469330,92.250595,83.971527
63,0.525000,-0.012239,0.397631,0.026488,0.917081,-216.467926,92.249054,83.971115
64,0.533333,-0.012191,0.397596,0.026407,0.917100,-216.467468,92.248657,83.971161
65,0.541667,-0.012253,0.397645,0.026404,0.917077,-216.464661,92.248848,83.971062
66,0.550000,-0.012370,0.397606,0.026421,0.917092,-216.463226,92.249664,83.969856
67,0.558333,-0.012365,0.397523,0.026306,0.917132,-216.461258,92.249352,83.969513
68,0.566667,-0.012293,0.397522,0.026398,0.917130,-216.459305,92.250961,83.969200
69,0.575000,-0.012318,0.397537,0.026359,0.917125,-216.457413,92.252625,83.968636
70,0.583333,-0.012163,0.397482,0.026469,0.917148,-216.456863,92.252403,83.968628
71,0.591667,-0.012291,0.397565,0.026442,0.917111,-216.458038,92.252464,83.968842
72,0.600000,-0.012407,0.397605,0.026396,0.917093,-216.458267,92.252769,83.968010
73,0.608333,-0.012342,0.397612,0.026513,0.917088,-216.459274,92.250908,83.968498
74,0.616667,-0.012302,0.397595,0.026437,0.917098,-216.461823,92.251205,83.968338
75,0.625000,-0.012271,0.397576,0.026401,0.917108,-216.463379,92.250000,83.968811
76,0.633333,-0.012294,0.397619,0.026311,0.917091,-216.465424,92.250900,83.969604
77,0.641667,-0.012330,0.397636,0.026290,0.917084,-216.466476,92.251617,83.970062
78,0.650000,-0.012280,0.397642,0.026284,0.917082,-216.466431,92.250328,83.970078
79,0.658333,-0.012202,0.397656,0.026327,0.917076,-216.467239,92.249359,83.971336
80,0.666667,-0.012300,0.397656,0.026333,0.917074,-216.467163,92.249306,83.970551
81,0.675000,-0.012395,0.397608,0.026286,0.917095,-216.466934,92.249733,83.970894
82,0.683333,-0.012318,0.397636,0.026315,0.917083,-216.466171,92.249924,83.970383
83,0.691667,-0.012254,0.397628,0.026390,0.917085,-216.464355,92.250473,83.970200
84,0.700000,-0.012225,0.397605,0.026466,0.917093,-216.462204,92.252167,83.969582
85,0.708333,-0.012184,0.397565,0.026568,0.917108,-216.460068,92.250755,83.970100
86,0.716667,-0.012185,0.397574,0.026486,0.917107,-216.458710,92.250488,83.969238
87,0.725000,-0.012302,0.397590,0.026556,0.917096,-216.457916,92.250137,83.969498
88,0.733333,-0.012414,0.397549,0.026470,0.917115,-216.457550,92.250816,83.969131
89,0.741667,-0.012377,0.397549,0.026442,0.917116,-216.458481,92.251686,83.968224
90,0.750000,-0.012270,0.397555,0.026432,0.917116,-216.459610,92.251572,83.969131
91,0.758333,-0.012313,0.397559,0.026476,0.917112,-216.460632,92.252563,83.969078
92,0.766667,-0.012289,0.397566,0.026358,0.917113,-216.461731,92.251503,83.968285
93,0.775000,-0.012340,0.397613,0.026295,0.917093,-216.463562,92.250999,83.969528
94,0.783333,-0.012350,0.397617,0.026244,0.917093,-216.464783,92.251114,83.970566
95,0.791667,-0.012298,0.397652,0.026357,0.917075,-216.466187,92.250175,83.969963
96,0.800000,-0.012299,0.397650,0.026379,0.917075,-216.466782,92.249458,83.970428
97,0.808333,-0.012225,0.397655,0.026328,0.917076,-216.466858,92.249184,83.971527
98,0.816667,-0.012124,0.397643,0.026382,0.917081,-216.466934,92.249176,83.971947
99,0.825000,-0.012155,0.397605,0.026491,0.917094,-216.466705,92.249283,83.970963
100,0.833333,-0.012206,0.397590,0.026491,0.917099,-216.465881,92.249611,83.970215
101,0.841667,-0.012303,0.397635,0.026475,0.917079,-216.464233,92.250359,83.969368
102,0.850000,-0.012244,0.397612,0.026494,0.917090,-216.462494,92.251175,83.969727
103,0.858333,-0.012227,0.397626,0.026490,0.917084,-216.460495,92.251495,83.969849
104,0.866667,-0.012221,0.397568,0.026484,0.917109,-216.459320,92.249588,83.969460
105,0.875000,-0.012197,0.397588,0.026444,0.917102,-216.458542,92.249870,83.969307
106,0.883333,-0.012302,0.397606,0.026458,0.917092,-216.458160,92.250305,83.968750
107,0.891667,-0.012408,0.397595,0.026517,0.917094,-216.458466,92.251350,83.968407
108,0.900000,-0.012330,0.397564,0.026300,0.917114,-216.459442,92.251144,83.968826
109,0.908333,-0.012312,0.397544,0.026241,0.917125,-216.461365,92.250725,83.968414
110,0.916667,-0.012323,0.397566,0.026328,0.917113,-216.461945,92.250237,83.967888
111,0.925000,-0.012214,0.397638,0.026225,0.917086,-216.464188,92.250671,83.968636
112,0.933333,-0.012097,0.397670,0.026256,0.917073,-216.465805,92.250595,83.970276
113,0.941667,-0.012134,0.397699,0.026252,0.917060,-216.466873,92.250710,83.970322
114,0.950000,-0.012261,0.397635,0.026244,0.917086,-216.468689,92.250351,83.971115
115,0.958333,-0.012333,0.397636,0.026322,0.917083,-216.470001,92.249229,83.970909
116,0.966667,-0.012185,0.397610,0.026366,0.917094,-216.470856,92.249611,83.971664
117,0.975000,-0.012188,0.397612,0.026502,0.917090,-216.470291,92.249474,83.972328
118,0.983333,-0.012300,0.397647,0.026624,0.917070,-216.467117,92.248665,83.970718
119,0.991667,-0.012259,0.397652,0.026479,0.917072,-216.463135,92.248970,83.970329
120,1.000000,-0.012371,0.397658,0.026458,0.917069,-216.460495,92.250679,83.969231
121,1.008333,-0.012257,0.397635,0.026501,0.917079,-216.459732,92.249832,83.969162
122,1.016667,-0.012214,0.397704,0.026471,0.917050,-216.460892,92.250412,83.969948
123,1.025000,-0.012229,0.397629,0.026452,0.917084,-216.462357,92.250534,83.969025
124,1.033333,-0.012211,0.397635,0.026454,0.917081,-216.462036,92.249565,83.969818
125,1.041667,-0.012162,0.397584,0.026410,0.917105,-216.460800,92.250381,83.969208
126,1.050000,-0.012114,0.397627,0.026426,0.917087,-216.460068,92.251251,83.969780
127,1.058333,-0.012073,0.397662,0.026390,0.917073,-216.459793,92.250893,83.970680
128,1.066667,-0.012091,0.397642,0.026473,0.917079,-216.461609,92.250023,83.970818
129,1.075000,-0.012157,0.397687,0.026426,0.917060,-216.463043,92.250229,83.970230
130,1.083333,-0.012139,0.397678,0.026467,0.917063,-216.463760,92.249634,83.969734
131,1.091667,-0.012174,0.397661,0.026451,0.917070,-216.464691,92.248466,83.970047
132,1.100000,-0.012295,0.397658,0.026436,0.917071,-216.466171,92.248802,83.970108
133,1.108333,-0.012187,0.397688,0.026432,0.917059,-216.466263,92.249504,83.970154
134,1.116667,-0.012144,0.397676,0.026470,0.917064,-216.465073,92.249191,83.971268
135,1.125000,-0.012196,0.397633,0.026617,0.917078,-216.464142,92.249008,83.970345
136,1.133333,-0.012186,0.397653,0.026502,0.917072,-216.463501,92.251266,83.970734
137,1.141667,-0.012011,0.397604,0.026567,0.917094,-216.461975,92.252312,83.970467
138,1.150000,-0.012001,0.397636,0.026554,0.917081,-216.460327,92.251205,83.970459
139,1.158333,-0.012110,0.397638,0.026516,0.917079,-216.459625,92.251564,83.969627
140,1.166667,-0.012079,0.397641,0.026421,0.917081,-216.458252,92.250244,83.969322
141,1.175000,-0.012137,0.397600,0.026297,0.917102,-216.457840,92.249565,83.967880
142,1.183333,-0.012193,0.397638,0.026250,0.917086,-216.458084,92.251251,83.968285
143,1.191667,-0.012190,0.397673,0.026219,0.917072,-216.458481,92.250931,83.968498
144,1.200000,-0.012239,0.397665,0.026287,0.917072,-216.459229,92.251740,83.968605
145,1.208333,-0.012155,0.397642,0.026206,0.917086,-216.459793,92.252312,83.969025
146,1.216667,-0.012109,0.397603,0.026189,0.917104,-216.460709,92.251137,83.968552
147,1.225000,-0.012200,0.397645,0.026262,0.917082,-216.461319,92.250481,83.969223
148,1.233333,-0.012232,0.397660,0.026320,0.917073,-216.462677,92.251297,83.969414
149,1.241667,-0.012288,0.397598,0.026273,0.917101,-216.463425,92.251534,83.968880
150,1.250000,-0.012233,0.397636,0.026322,0.917084,-216.463898,92.250969,83.969185
151,1.258333,-0.012238,0.397673,0.026421,0.917065,-216.464279,92.250381,83.970413
152,1.266667,-0.012181,0.397729,0.026523,0.917039,-216.464142,92.250046,83.970619
153,1.275000,-0.012186,0.397704,0.026592,0.917048,-216.464096,92.249588,83.970619
154,1.283333,-0.012219,0.397622,0.026514,0.917085,-216.463089,92.250160,83.970955
155,1.291667,-0.012144,0.397619,0.026482,0.917088,-216.461731,92.250092,83.970955
156,1.300000,-0.012088,0.397586,0.026445,0.917104,-216.460159,92.250816,83.970657
157,1.308333,-0.012077,0.397584,0.026518,0.917103,-216.458557,92.249748,83.970016
158,1.316667,-0.012158,0.397629,0.026431,0.917085,-216.456955,92.250351,83.969711
159,1.325000,-0.012285,0.397596,0.026322,0.917101,-216.456726,92.251083,83.969528
160,1.333333,-0.012281,0.397559,0.026277,0.917118,-216.456421,92.251175,83.969116
161,1.341667,-0.012348,0.397593,0.026295,0.917102,-216.456345,92.250015,83.969261
162,1.350000,-0.012263,0.397628,0.026297,0.917088,-216.457794,92.251282,83.968964
163,1.358333,-0.012105,0.397586,0.026281,0.917109,-216.459274,92.251434,83.968559
164,1.366667,-0.012262,0.397615,0.026317,0.917093,-216.460419,92.251816,83.968666
165,1.375000,-0.012344,0.397626,0.026383,0.917085,-216.460999,92.251053,83.969872
166,1.383333,-0.012226,0.397601,0.026363,0.917098,-216.462357,92.250931,83.970543
167,1.391667,-0.012186,0.397572,0.026458,0.917108,-216.463348,92.250931,83.970520
168,1.400000,-0.012089,0.397634,0.026451,0.917083,-216.464417,92.251625,83.971138
169,1.408333,-0.012106,0.397584,0.026432,0.917105,-216.464417,92.250854,83.970222
170,1.416667,-0.012311,0.397629,0.026443,0.917083,-216.463425,92.251038,83.970947
171,1.425000,-0.012286,0.397590,0.026479,0.917099,-216.462204,92.250420,83.970383
172,1.433333,-0.012322,0.397605,0.026409,0.917094,-216.461273,92.249863,83.970978
173,1.441667,-0.012144,0.397666,0.026371,0.917071,-216.461136,92.249931,83.971214
174,1.450000,-0.012085,0.397651,0.026444,0.917076,-216.459839,92.250587,83.970573
175,1.458333,-0.012086,0.397665,0.026427,0.917071,-216.458435,92.251358,83.970154
176,1.466667,-0.012089,0.397595,0.026359,0.917103,-216.458160,92.251617,83.970100
177,1.475000,-0.012292,0.397646,0.026297,0.917080,-216.457443,92.251587,83.969742
178,1.483333,-0.012309,0.397580,0.026287,0.917108,-216.457504,92.250366,83.968872
179,1.491667,-0.012346,0.397669,0.026213,0.917071,-216.457840,92.251083,83.967850
180,1.500000,-0.012246,0.397656,0.026335,0.917075,-216.458633,92.251244,83.967926
181,1.508333,-0.012165,0.397620,0.026430,0.917089,-216.459229,92.251564,83.968704
182,1.516667,-0.012184,0.397607,0.026375,0.917096,-216.460236,92.252251,83.968704
183,1.525000,-0.012244,0.397658,0.026422,0.917072,-216.461105,92.251045,83.968826
184,1.533333,-0.012246,0.397640,0.026284,0.917083,-216.463013,92.251389,83.969170
185,1.541667,-0.012265,0.397678,0.026259,0.917067,-216.464279,92.250755,83.968811
186,1.550000,-0.012268,0.397700,0.026448,0.917052,-216.464203,92.251137,83.969971
187,1.558333,-0.012063,0.397676,0.026513,0.917063,-216.464066,92.250725,83.971092
188,1.566667,-0.011954,0.397670,0.026469,0.917069,-216.463562,92.250259,83.971581
189,1.575000,-0.012143,0.397707,0.026625,0.917046,-216.463226,92.250198,83.971443
190,1.583333,-0.012289,0.397740,0.026621,0.917030,-216.462677,92.249794,83.971336
191,1.591667,-0.012188,0.397733,0.026603,0.917035,-216.462067,92.248901,83.970856
192,1.600000,-0.012279,0.397671,0.026450,0.917065,-216.460999,92.250420,83.971390
193,1.608333,-0.012288,0.397681,0.026487,0.917059,-216.459152,92.250877,83.970436
194,1.616667,-0.012170,0.397580,0.026421,0.917106,-216.458511,92.250977,83.968681
195,1.625000,-0.012218,0.397633,0.026447,0.917082,-216.458420,92.251251,83.968323
196,1.633333,-0.012210,0.397634,0.026240,0.917088,-216.458511,92.252441,83.968346
197,1.641667,-0.012173,0.397649,0.026238,0.917082,-216.457611,92.252609,83.967926
198,1.650000,-0.012143,0.397631,0.026236,0.917090,-216.458679,92.252441,83.966599
199,1.658333,-0.012192,0.397612,0.026172,0.917099,-216.459274,92.252495,83.967171
200,1.666667,-0.012110,0.397605,0.026114,0.917105,-216.460175,92.252106,83.968102
201,1.675000,-0.012134,0.397673,0.026247,0.917071,-216.461395,92.251404,83.968811
202,1.683333,-0.012165,0.397680,0.026508,0.917060,-216.462784,92.251160,83.969475
203,1.691667,-0.012121,0.397690,0.026526,0.917056,-216.464111,92.251793,83.969612
204,1.700000,-0.012184,0.397662,0.026591,0.917066,-216.464111,92.251289,83.969727
205,1.708333,-0.012198,0.397712,0.026535,0.917045,-216.464096,92.249466,83.970016
206,1.716667,-0.012339,0.397743,0.026425,0.917033,-216.463806,92.250061,83.971642
207,1.725000,-0.012211,0.397640,0.026375,0.917081,-216.463135,92.249382,83.970757
208,1.733333,-0.012167,0.397658,0.026501,0.917070,-216.461823,92.249504,83.970741
209,1.741667,-0.012128,0.397688,0.026507,0.917058,-216.461258,92.250069,83.971176
210,1.750000,-0.012194,0.397705,0.026407,0.917052,-216.460037,92.250702,83.971092
211,1.758333,-0.012224,0.397669,0.026358,0.917069,-216.458939,92.250893,83.970528
212,1.766667,-0.012103,0.397661,0.026474,0.917070,-216.457870,92.250313,83.969711
213,1.775000,-0.012042,0.397672,0.026331,0.917071,-216.457794,92.251236,83.968544
214,1.783333,-0.012078,0.397653,0.026298,0.917079,-216.458542,92.252022,83.968391
215,1.791667,-0.012162,0.397615,0.026278,0.917095,-216.459076,92.251656,83.968391
216,1.800000,-0.012277,0.397617,0.026296,0.917092,-216.458939,92.251747,83.968925
217,1.808333,-0.012186,0.397611,0.026240,0.917098,-216.459015,92.251572,83.968880
218,1.816667,-0.012244,0.397627,0.026273,0.917089,-216.460083,92.251434,83.969322
219,1.825000,-0.012261,0.397664,0.026332,0.917071,-216.461227,92.252144,83.969360
220,1.833333,-0.012249,0.397640,0.026361,0.917081,-216.461731,92.249916,83.969810
221,1.841667,-0.012202,0.397670,0.026266,0.917072,-216.461853,92.250008,83.971497
222,1.850000,-0.012099,0.397724,0.026367,0.917046,-216.460800,92.250946,83.971931
223,1.858333,-0.011973,0.397731,0.026320,0.917046,-216.459366,92.249084,83.972664
224,1.866667,-0.012077,0.397741,0.026372,0.917039,-216.458313,92.249916,83.971092
225,1.875000,-0.012217,0.397762,0.026362,0.917029,-216.456482,92.251701,83.969788
226,1.883333,-0.012299,0.397762,0.026225,0.917031,-216.453552,92.251625,83.970329
227,1.891667,-0.012361,0.397717,0.026118,0.917053,-216.448929,92.252823,83.973793
228,1.900000,-0.012405,0.397647,0.025994,0.917086,-216.443985,92.252853,83.977943
229,1.908333,-0.012191,0.397719,0.025895,0.917061,-216.439743,92.253761,83.982918
230,1.916667,-0.011958,0.397758,0.026040,0.917043,-216.434128,92.254929,83.989594
231,1.925000,-0.011957,0.397848,0.025930,0.917007,-216.429657,92.258522,84.000183
232,1.933333,-0.011745,0.397860,0.025795,0.917008,-216.426498,92.258438,84.011597
233,1.941667,-0.011492,0.397873,0.025894,0.917003,-216.423248,92.256920,84.025314
234,1.950000,-0.011098,0.397867,0.025735,0.917015,-216.420334,92.256477,84.042915
235,1.958333,-0.010821,0.398013,0.025533,0.916961,-216.419724,92.256454,84.061516
236,1.966667,-0.010429,0.398109,0.025301,0.916930,-216.416351,92.256630,84.079681
237,1.975000,-0.009799,0.398102,0.025114,0.916945,-216.410583,92.255859,84.103943
238,1.983333,-0.009037,0.398073,0.024665,0.916977,-216.401428,92.259926,84.132179
239,1.991667,-0.008009,0.398097,0.024519,0.916981,-216.386368,92.264397,84.162025
240,2.000000,-0.006300,0.398119,0.023537,0.917010,-216.357285,92.257462,84.193108
241,2.008333,-0.004522,0.398373,0.022447,0.916938,-216.321182,92.244431,84.218674
242,2.016667,-0.003299,0.398433,0.021314,0.916944,-216.291901,92.241898,84.244057
243,2.025000,-0.002679,0.398463,0.020811,0.916944,-216.270233,92.245071,84.265694
244,2.033333,-0.002171,0.398405,0.020385,0.916981,-216.254395,92.249611,84.280983
245,2.041667,-0.000985,0.399907,0.023444,0.916256,-216.230255,92.224098,84.312943
246,2.050000,0.000011,0.399459,0.026488,0.916368,-216.241577,92.197418,84.324265
247,2.058333,0.000679,0.399239,0.027138,0.916445,-216.238998,92.190048,84.329620
248,2.066667,0.001015,0.399139,0.027495,0.916478,-216.238052,92.186646,84.335419
249,2.075000,0.001156,0.399099,0.027777,0.916486,-216.238220,92.187347,84.341400
250,2.083333,0.001117,0.399022,0.027707,0.916522,-216.238052,92.190186,84.346519
251,2.091667,0.000948,0.399034,0.027189,0.916532,-216.237015,92.195625,84.351357
252,2.100000,0.001103,0.399050,0.026773,0.916538,-216.237259,92.200142,84.359451
253,2.108333,0.001013,0.399051,0.026177,0.916555,-216.239853,92.209457,84.369965
254,2.116667,0.001106,0.399185,0.025585,0.916513,-216.241959,92.217934,84.384003
255,2.125000,0.001187,0.398982,0.023786,0.916649,-216.252716,92.238953,84.400627
256,2.133333,0.001738,0.398720,0.023788,0.916763,-216.256302,92.242645,84.409843
257,2.141667,0.001980,0.398635,0.023973,0.916794,-216.258575,92.245094,84.419815
258,2.150000,0.001991,0.398704,0.023995,0.916763,-216.260773,92.245583,84.427055
259,2.158333,0.001867,0.398826,0.024085,0.916708,-216.263672,92.243721,84.427650
260,2.166667,0.001660,0.398821,0.024090,0.916711,-216.266754,92.243195,84.425285
261,2.175000,0.001456,0.398813,0.024183,0.916712,-216.270782,92.241806,84.419998
262,2.183333,0.001203,0.398780,0.024138,0.916728,-216.275665,92.240974,84.410210
263,2.191667,0.001175,0.399015,0.026340,0.916565,-216.260605,92.220474,84.386047
264,2.200000,0.000648,0.399287,0.025628,0.916467,-216.258331,92.220016,84.356735
265,2.208333,-0.000207,0.399498,0.025421,0.916382,-216.261002,92.218468,84.327896
266,2.216667,-0.001486,0.398617,0.023048,0.916827,-216.279526,92.236984,84.290298
267,2.225000,-0.002148,0.398143,0.021776,0.917062,-216.290634,92.251534,84.266045
268,2.233333,-0.002494,0.398220,0.021711,0.917030,-216.298889,92.255478,84.253006
269,2.241667,-0.002430,0.398082,0.021579,0.917093,-216.308426,92.266724,84.260918
270,2.250000,-0.002196,0.397874,0.021481,0.917186,-216.309906,92.296303,84.279587
271,2.258333,-0.001856,0.397939,0.021816,0.917150,-216.303070,92.336815,84.305008
272,2.266667,-0.001509,0.397948,0.024761,0.917073,-216.318939,92.376450,84.337730
273,2.275000,-0.001290,0.397791,0.024371,0.917151,-216.297058,92.437141,84.345917
274,2.283333,-0.001826,0.397715,0.023360,0.917210,-216.279907,92.507477,84.346771
275,2.291667,-0.001865,0.397525,0.022739,0.917308,-216.284149,92.568031,84.354691
276,2.300000,-0.001613,0.397557,0.022851,0.917292,-216.289810,92.612305,84.368828
277,2.308333,-0.001234,0.397633,0.023031,0.917254,-216.293671,92.650711,84.391823
278,2.316667,-0.000971,0.397874,0.023026,0.917151,-216.295151,92.694870,84.414284
279,2.325000,-0.000715,0.398300,0.023772,0.916947,-216.306427,92.744728,84.440910
280,2.333333,-0.000775,0.398408,0.023644,0.916903,-216.298004,92.805031,84.449371
281,2.341667,-0.001284,0.398350,0.023065,0.916942,-216.286850,92.870644,84.454437
282,2.350000,-0.002234,0.397926,0.022187,0.917147,-216.278580,92.934959,84.452705
283,2.358333,-0.002782,0.397724,0.021947,0.917238,-216.268127,92.990311,84.450874
284,2.366667,-0.003930,0.397899,0.022924,0.917134,-216.261719,93.045219,84.451744
285,2.375000,-0.002896,0.397923,0.023681,0.917109,-216.259033,93.099167,84.454033
286,2.383333,-0.002628,0.397971,0.023717,0.917088,-216.261002,93.154778,84.458176
287,2.391667,-0.003261,0.398080,0.023374,0.917047,-216.262604,93.213043,84.460823
288,2.400000,-0.003980,0.398338,0.022589,0.916952,-216.262650,93.274109,84.462837
289,2.408333,-0.004445,0.398578,0.021574,0.916870,-216.264130,93.340126,84.467850
290,2.416667,-0.004297,0.399009,0.021515,0.916685,-216.263748,93.405083,84.470322
291,2.425000,-0.003990,0.399127,0.021816,0.916627,-216.264984,93.462669,84.469673
292,2.433333,-0.004106,0.398922,0.021831,0.916716,-216.265991,93.517761,84.467796
293,2.441667,-0.004287,0.398611,0.021710,0.916853,-216.265793,93.568352,84.473473
294,2.450000,-0.004827,0.399191,0.024172,0.916536,-216.257568,93.608391,84.491898
295,2.458333,-0.005612,0.399492,0.025062,0.916377,-216.251328,93.652168,84.500572
296,2.466667,-0.005958,0.399556,0.025149,0.916345,-216.249680,93.692863,84.505234
297,2.475000,-0.006083,0.398922,0.023281,0.916669,-216.259048,93.744690,84.507820
298,2.483333,-0.005970,0.398698,0.021625,0.916808,-216.260742,93.798599,84.510727
299,2.491667,-0.006138,0.398749,0.020646,0.916807,-216.256210,93.848938,84.511711
300,2.500000,-0.006653,0.398826,0.019591,0.916793,-216.250732,93.904808,84.513519
301,2.508333,-0.006855,0.398886,0.018963,0.916779,-216.243622,93.965080,84.511078
302,2.516667,-0.006755,0.398735,0.019864,0.916826,-216.258148,94.022499,84.518661
303,2.525000,-0.007017,0.398719,0.020114,0.916826,-216.242569,94.087013,84.509239
304,2.533333,-0.008477,0.398663,0.020675,0.916825,-216.232819,94.160507,84.497658
305,2.541667,-0.009493,0.398756,0.020713,0.916774,-216.224838,94.218376,84.487968
306,2.550000,-0.010178,0.398955,0.020426,0.916687,-216.220718,94.269386,84.482346
307,2.558333,-0.010399,0.399177,0.019804,0.916601,-216.220947,94.313805,84.481880
308,2.566667,-0.010648,0.399215,0.019031,0.916598,-216.224319,94.358299,84.479103
309,2.575000,-0.010999,0.399298,0.018623,0.916566,-216.228195,94.404099,84.475288
310,2.583333,-0.011865,0.399475,0.018034,0.916490,-216.232040,94.458275,84.470032
311,2.591667,-0.012534,0.399484,0.017780,0.916482,-216.233475,94.510666,84.467461
312,2.600000,-0.012985,0.399372,0.017820,0.916524,-216.230850,94.561882,84.466377
313,2.608333,-0.013517,0.399321,0.018053,0.916534,-216.225143,94.609291,84.464706
314,2.616667,-0.014503,0.399458,0.019124,0.916437,-216.219452,94.659180,84.458122
315,2.625000,-0.014875,0.399516,0.019695,0.916394,-216.212296,94.704720,84.454346
316,2.633333,-0.015063,0.399580,0.019266,0.916372,-216.207550,94.743431,84.453133
317,2.641667,-0.015011,0.400231,0.020330,0.916066,-216.197800,94.767754,84.458557
318,2.650000,-0.015047,0.400410,0.019861,0.915997,-216.193985,94.804558,84.459480
319,2.658333,-0.014860,0.400546,0.019747,0.915943,-216.192123,94.838936,84.459053
320,2.666667,-0.014909,0.399917,0.019233,0.916228,-216.210175,94.879875,84.454643
321,2.675000,-0.015480,0.399642,0.018139,0.916361,-216.201309,94.930901,84.438652
322,2.683333,-0.016400,0.399633,0.017038,0.916370,-216.189026,94.980484,84.427094
323,2.691667,-0.017275,0.399742,0.015641,0.916331,-216.178421,95.033669,84.417465
324,2.700000,-0.018048,0.399718,0.014763,0.916341,-216.171234,95.075104,84.409813
325,2.708333,-0.019181,0.399573,0.013859,0.916396,-216.169449,95.118080,84.398758
326,2.716667,-0.020427,0.399416,0.012822,0.916453,-216.169022,95.156624,84.384659
327,2.725000,-0.021006,0.399433,0.012449,0.916437,-216.168671,95.190430,84.376427
328,2.733333,-0.021706,0.399814,0.013402,0.916241,-216.166809,95.225060,84.372673
329,2.741667,-0.022034,0.400121,0.014204,0.916088,-216.165131,95.250572,84.372101
330,2.750000,-0.022068,0.400308,0.014451,0.916001,-216.163177,95.271660,84.374786
331,2.758333,-0.021870,0.400473,0.014803,0.915928,-216.162628,95.289833,84.379486
332,2.766667,-0.021890,0.400524,0.015039,0.915901,-216.160294,95.303146,84.383232
333,2.775000,-0.021880,0.400729,0.016811,0.915781,-216.173004,95.304535,84.397591
334,2.783333,-0.021868,0.400760,0.017386,0.915757,-216.167969,95.319092,84.406609
335,2.791667,-0.021986,0.400862,0.017126,0.915715,-216.151566,95.341835,84.408463
336,2.800000,-0.022096,0.400832,0.016697,0.915733,-216.140869,95.368370,84.406731
337,2.808333,-0.022207,0.400768,0.016350,0.915764,-216.134598,95.399513,84.401588
338,2.816667,-0.022399,0.400586,0.015895,0.915847,-216.129562,95.428482,84.396339
339,2.825000,-0.022466,0.400497,0.015512,0.915891,-216.127731,95.459938,84.391182
340,2.833333,-0.022618,0.400480,0.015029,0.915903,-216.126663,95.494232,84.387375
341,2.841667,-0.022489,0.400482,0.014634,0.915912,-216.125656,95.525169,84.385139
342,2.850000,-0.022064,0.400613,0.014641,0.915865,-216.123779,95.546494,84.384186
343,2.858333,-0.021692,0.400715,0.014719,0.915828,-216.122391,95.563263,84.384232
344,2.866667,-0.021184,0.400913,0.014959,0.915749,-216.120392,95.577782,84.384491
345,2.875000,-0.020635,0.401133,0.015139,0.915662,-216.118500,95.592957,84.387451
346,2.883333,-0.020409,0.401233,0.015312,0.915621,-216.117004,95.609245,84.389847
347,2.891667,-0.020194,0.401376,0.015342,0.915562,-216.115616,95.629730,84.391708
348,2.900000,-0.020240,0.401404,0.015413,0.915548,-216.117065,95.650711,84.389915
349,2.908333,-0.020671,0.401499,0.014995,0.915503,-216.119308,95.677643,84.387741
350,2.916667,-0.020836,0.401597,0.014512,0.915465,-216.120743,95.705330,84.387764
351,2.925000,-0.021161,0.401639,0.014501,0.915439,-216.121536,95.732292,84.388390
352,2.933333,-0.022037,0.401825,0.015363,0.915322,-216.121628,95.759933,84.385094
353,2.941667,-0.022722,0.401954,0.015836,0.915241,-216.119049,95.779678,84.384148
354,2.950000,-0.023075,0.401920,0.015754,0.915248,-216.116791,95.795959,84.387276
355,2.958333,-0.023235,0.401950,0.015558,0.915235,-216.115280,95.810944,84.387871
356,2.966667,-0.023555,0.401963,0.015380,0.915224,-216.114502,95.827606,84.385094
357,2.975000,-0.024000,0.402039,0.015194,0.915182,-216.112946,95.846878,84.381638
358,2.983333,-0.024124,0.402016,0.015057,0.915191,-216.109970,95.864174,84.379372
359,2.991667,-0.024255,0.401961,0.014874,0.915215,-216.104095,95.878998,84.375038
360,3.000000,-0.024567,0.401915,0.014470,0.915233,-216.098022,95.893433,84.369812
361,3.008333,-0.024579,0.401932,0.014343,0.915227,-216.087265,95.909134,84.367516
362,3.016667,-0.024620,0.401874,0.013993,0.915257,-216.074188,95.932831,84.365044
363,3.025000,-0.024505,0.402369,0.015356,0.915021,-216.052368,95.956551,84.364319
364,3.033333,-0.024417,0.402316,0.015559,0.915043,-216.032455,96.001488,84.353485
365,3.041667,-0.025186,0.402209,0.014626,0.915084,-216.019196,96.070137,84.338692
366,3.050000,-0.026203,0.402368,0.013998,0.914996,-215.998596,96.148178,84.326210
367,3.058333,-0.027288,0.402781,0.013205,0.914794,-215.975189,96.221657,84.315636
368,3.066667,-0.028919,0.403407,0.013206,0.914468,-215.956299,96.295464,84.302834
369,3.075000,-0.030211,0.403577,0.011910,0.914369,-215.943329,96.363121,84.288559
370,3.083333,-0.031222,0.403116,0.009966,0.914562,-215.945862,96.422302,84.268990
371,3.091667,-0.031631,0.402904,0.009084,0.914650,-215.950439,96.465347,84.258423
372,3.100000,-0.031869,0.402886,0.009210,0.914649,-215.956970,96.497215,84.254456
373,3.108333,-0.031884,0.403008,0.009393,0.914593,-215.963028,96.523964,84.251030
374,3.116667,-0.031881,0.403205,0.009837,0.914501,-215.965134,96.547012,84.246117
375,3.125000,-0.031869,0.403429,0.010067,0.914400,-215.966125,96.569244,84.243446
376,3.133333,-0.031811,0.403502,0.010236,0.914368,-215.965088,96.589142,84.238815
377,3.141667,-0.031955,0.403599,0.010269,0.914320,-215.967484,96.606819,84.232491
378,3.150000,-0.032267,0.403553,0.010118,0.914331,-215.972000,96.621834,84.225960
379,3.158333,-0.032673,0.403581,0.009958,0.914306,-215.978287,96.635788,84.218941
380,3.166667,-0.032879,0.403539,0.009823,0.914319,-215.982086,96.646996,84.216125
381,3.175000,-0.033140,0.403478,0.009765,0.914337,-215.983917,96.655098,84.213898
382,3.183333,-0.033292,0.403519,0.009825,0.914313,-215.983337,96.659554,84.211533
383,3.191667,-0.033345,0.403565,0.009804,0.914291,-215.983276,96.663757,84.212059
384,3.200000,-0.033432,0.403627,0.009871,0.914259,-215.982178,96.666557,84.212204
385,3.208333,-0.033349,0.403585,0.009918,0.914280,-215.980148,96.665176,84.214485
386,3.216667,-0.033192,0.403559,0.009886,0.914298,-215.978363,96.661003,84.218369
387,3.225000,-0.033269,0.403535,0.009846,0.914306,-215.976852,96.656509,84.223480
388,3.233333,-0.033227,0.403574,0.009884,0.914290,-215.974258,96.653732,84.225426
389,3.241667,-0.033368,0.403613,0.009937,0.914267,-215.971878,96.655029,84.226158
390,3.250000,-0.033498,0.403716,0.010009,0.914216,-215.969299,96.659050,84.225014
391,3.258333,-0.033597,0.403622,0.009868,0.914256,-215.969681,96.662231,84.224876
392,3.266667,-0.033575,0.403629,0.009928,0.914253,-215.969894,96.662048,84.223961
393,3.275000,-0.033449,0.403590,0.009844,0.914275,-215.971405,96.659172,84.223160
394,3.283333,-0.033171,0.403559,0.009805,0.914300,-215.974075,96.656723,84.224022
395,3.291667,-0.033167,0.403618,0.009879,0.914273,-215.976959,96.656433,84.221573
396,3.300000,-0.033152,0.403583,0.009877,0.914289,-215.979263,96.658142,84.218506
397,3.308333,-0.033159,0.403597,0.009890,0.914282,-215.980225,96.660553,84.215721
398,3.316667,-0.033316,0.403551,0.009892,0.914297,-215.981964,96.662399,84.212830
399,3.325000,-0.033283,0.403593,0.009752,0.914281,-215.982346,96.661606,84.212532
400,3.333333,-0.033249,0.403543,0.009729,0.914304,-215.982651,96.659523,84.213493
401,3.341667,-0.033283,0.403502,0.009764,0.914321,-215.981796,96.657608,84.214493
402,3.350000,-0.033323,0.403535,0.009850,0.914304,-215.980713,96.657700,84.215843
403,3.358333,-0.033314,0.403513,0.009887,0.914314,-215.979263,96.659538,84.216934
404,3.366667,-0.033256,0.403579,0.009822,0.914287,-215.977402,96.661224,84.219261
405,3.375000,-0.033193,0.403613,0.009801,0.914275,-215.976074,96.662689,84.220627
406,3.383333,-0.033258,0.403670,0.010003,0.914245,-215.972473,96.660980,84.222755
407,3.391667,-0.033344,0.403615,0.009922,0.914267,-215.970779,96.658516,84.225487
408,3.400000,-0.033320,0.403609,0.009925,0.914271,-215.969391,96.657524,84.228256
409,3.408333,-0.033358,0.403573,0.009900,0.914285,-215.967819,96.657387,84.227798
410,3.416667,-0.033370,0.403584,0.009922,0.914280,-215.968231,96.659401,84.226837
411,3.425000,-0.033397,0.403576,0.009874,0.914283,-215.970230,96.661453,84.224556
412,3.433333,-0.033357,0.403588,0.009819,0.914280,-215.972809,96.661530,84.221802
413,3.441667,-0.033252,0.403600,0.009783,0.914279,-215.975449,96.659920,84.219833
414,3.450000,-0.033268,0.403546,0.009794,0.914302,-215.978287,96.659470,84.218582
415,3.458333,-0.033299,0.403560,0.009793,0.914294,-215.980453,96.658913,84.215813
416,3.466667,-0.033309,0.403487,0.009821,0.914326,-215.982239,96.659760,84.214638
417,3.475000,-0.033417,0.403478,0.009789,0.914327,-215.982986,96.661613,84.213837
418,3.483333,-0.033319,0.403447,0.009914,0.914343,-215.982132,96.661362,84.213203
419,3.491667,-0.033280,0.403509,0.009857,0.914317,-215.982010,96.661224,84.213867
420,3.500000,-0.033277,0.403563,0.009781,0.914294,-215.979767,96.660248,84.215309
421,3.508333,-0.033316,0.403577,0.009802,0.914286,-215.976959,96.659683,84.217628
422,3.516667,-0.033342,0.403548,0.009884,0.914297,-215.974258,96.658424,84.219360
423,3.525000,-0.033332,0.403625,0.009831,0.914265,-215.972946,96.659103,84.221329
424,3.533333,-0.033374,0.403565,0.009764,0.914290,-215.972046,96.661118,84.222633
425,3.541667,-0.033434,0.403631,0.009762,0.914259,-215.970688,96.662209,84.223953
426,3.550000,-0.033439,0.403664,0.009810,0.914243,-215.969772,96.660736,84.224632
427,3.558333,-0.033418,0.403605,0.009833,0.914270,-215.968994,96.658287,84.226135
428,3.566667,-0.033424,0.403604,0.009816,0.914270,-215.969727,96.659355,84.226318
429,3.575000,-0.033357,0.403612,0.009765,0.914270,-215.970825,96.659966,84.223732
430,3.583333,-0.033336,0.403593,0.009732,0.914279,-215.972946,96.660919,84.222153
431,3.591667,-0.033368,0.403628,0.009785,0.914262,-215.974976,96.662079,84.219398
432,3.600000,-0.033327,0.403589,0.009808,0.914281,-215.977051,96.662071,84.217819
433,3.608333,-0.033332,0.403538,0.009922,0.914302,-215.979218,96.660202,84.216820
434,3.616667,-0.033238,0.403509,0.009802,0.914319,-215.980484,96.659927,84.215561
435,3.625000,-0.033268,0.403534,0.009843,0.914307,-215.981720,96.659111,84.214111
436,3.633333,-0.033301,0.403502,0.009885,0.914319,-215.981644,96.659492,84.214439
437,3.641667,-0.033393,0.403473,0.009871,0.914329,-215.981293,96.660240,84.215012
438,3.650000,-0.033249,0.403533,0.009827,0.914308,-215.979080,96.660515,84.214874
439,3.658333,-0.033190,0.403576,0.009760,0.914292,-215.977554,96.660820,84.215942
440,3.666667,-0.033184,0.403612,0.009749,0.914276,-215.974976,96.659714,84.218155
441,3.675000,-0.033306,0.403604,0.009708,0.914276,-215.972229,96.659042,84.220070
442,3.683333,-0.033490,0.403561,0.009789,0.914287,-215.970261,96.658615,84.222801
443,3.691667,-0.033462,0.403613,0.009816,0.914265,-215.968658,96.659599,84.224030
444,3.700000,-0.033375,0.403627,0.009749,0.914263,-215.969131,96.660500,84.225052
445,3.708333,-0.033342,0.403618,0.009854,0.914267,-215.969162,96.660316,84.224907
446,3.716667,-0.033416,0.403643,0.009866,0.914253,-215.970093,96.659088,84.225204
447,3.725000,-0.033433,0.403595,0.009910,0.914273,-215.972092,96.658989,84.224426
448,3.733333,-0.033397,0.403566,0.009939,0.914287,-215.973282,96.658234,84.222870
449,3.741667,-0.033385,0.403591,0.009992,0.914276,-215.975189,96.658257,84.220161
450,3.750000,-0.033193,0.403577,0.009827,0.914291,-215.977386,96.660789,84.217842
451,3.758333,-0.033116,0.403535,0.009784,0.914313,-215.978760,96.661438,84.215904
452,3.766667,-0.033161,0.403511,0.009678,0.914323,-215.980103,96.661392,84.215584
453,3.775000,-0.033128,0.403511,0.009728,0.914323,-215.980621,96.660614,84.214722
454,3.783333,-0.033141,0.403519,0.009703,0.914319,-215.980652,96.659691,84.214226
455,3.791667,-0.033241,0.403539,0.009780,0.914306,-215.980286,96.659645,84.214172
456,3.800000,-0.033383,0.403548,0.009935,0.914295,-215.978485,96.659637,84.214363
457,3.808333,-0.033336,0.403596,0.009873,0.914277,-215.976593,96.659714,84.217033
458,3.816667,-0.033302,0.403641,0.009894,0.914258,-215.974014,96.659264,84.218719
459,3.825000,-0.033295,0.403631,0.009900,0.914262,-215.972214,96.658531,84.220078
460,3.833333,-0.033345,0.403615,0.009822,0.914268,-215.970276,96.659210,84.221825
461,3.841667,-0.033460,0.403603,0.009685,0.914271,-215.968994,96.660210,84.223473
462,3.850000,-0.033496,0.403574,0.009689,0.914282,-215.967911,96.659630,84.223869
463,3.858333,-0.033610,0.403618,0.009667,0.914259,-215.967560,96.660324,84.223763
464,3.866667,-0.033563,0.403606,0.009630,0.914266,-215.969376,96.660828,84.223892
465,3.875000,-0.033446,0.403599,0.009744,0.914272,-215.971115,96.659309,84.223206
466,3.883333,-0.033522,0.403573,0.009761,0.914281,-215.974396,96.659676,84.221092
467,3.891667,-0.033467,0.403581,0.009639,0.914281,-215.975815,96.658966,84.220062
468,3.900000,-0.033239,0.403578,0.009608,0.914291,-215.978073,96.659012,84.218750
469,3.908333,-0.033201,0.403610,0.009720,0.914277,-215.979462,96.659683,84.217117
470,3.916667,-0.033377,0.403595,0.009716,0.914277,-215.980392,96.662216,84.216347
471,3.925000,-0.033477,0.403544,0.009537,0.914298,-215.981201,96.665581,84.215294
472,3.933333,-0.033790,0.403490,0.009599,0.914309,-215.980957,96.670006,84.215652
473,3.941667,-0.033926,0.403533,0.009541,0.914286,-215.979721,96.676338,84.218864
474,3.950000,-0.034066,0.403562,0.009537,0.914268,-215.978577,96.680840,84.221756
475,3.958333,-0.034177,0.403564,0.009595,0.914263,-215.978271,96.687210,84.226677
476,3.966667,-0.034300,0.403517,0.009683,0.914278,-215.976532,96.693008,84.233429
477,3.975000,-0.034657,0.403527,0.009641,0.914260,-215.975281,96.698929,84.243103
478,3.983333,-0.035140,0.403489,0.009601,0.914259,-215.972992,96.704086,84.254509
479,3.991667,-0.035508,0.403333,0.009521,0.914314,-215.969421,96.708649,84.267197
480,4.000000,-0.035764,0.403289,0.009560,0.914324,-215.964890,96.715324,84.283997
481,4.008333,-0.035924,0.403319,0.009340,0.914306,-215.963989,96.723640,84.299248
482,4.016667,-0.036133,0.403253,0.009239,0.914328,-215.963913,96.732712,84.314087
483,4.025000,-0.036448,0.403113,0.009060,0.914379,-215.964249,96.742889,84.328987
484,4.033333,-0.036608,0.402980,0.008902,0.914433,-215.963913,96.749207,84.344597
485,4.041667,-0.036764,0.402804,0.008513,0.914508,-215.963669,96.754074,84.360207
486,4.050000,-0.037086,0.402523,0.008049,0.914623,-215.963104,96.759468,84.375595
487,4.058333,-0.037629,0.402453,0.007123,0.914639,-215.965652,96.774010,84.392586
488,4.066667,-0.037962,0.402152,0.006479,0.914763,-215.966217,96.786896,84.407394
489,4.075000,-0.038349,0.402046,0.006116,0.914795,-215.963501,96.796234,84.421654
490,4.083333,-0.038790,0.402056,0.005713,0.914775,-215.961044,96.806854,84.439583
491,4.091667,-0.039058,0.402017,0.005430,0.914783,-215.958542,96.812508,84.461159
492,4.100000,-0.038992,0.402046,0.005363,0.914773,-215.956039,96.812584,84.487144
493,4.108333,-0.038814,0.402059,0.005232,0.914776,-215.954376,96.808823,84.514267
494,4.116667,-0.038811,0.402149,0.004940,0.914738,-215.952728,96.800385,84.546844
495,4.125000,-0.038248,0.402306,0.005319,0.914690,-215.949753,96.778229,84.590393
496,4.133333,-0.037947,0.402320,0.005157,0.914698,-215.946533,96.759277,84.631691
497,4.141667,-0.036803,0.403968,0.009307,0.913985,-215.925949,96.704178,84.702827
498,4.150000,-0.035965,0.404016,0.010545,0.913984,-215.922684,96.670074,84.752815
499,4.158333,-0.036534,0.403463,0.008806,0.914224,-215.934891,96.649727,84.795624
500,4.166667,-0.036589,0.403410,0.008305,0.914250,-215.937592,96.623840,84.840691
501,4.175000,-0.036208,0.403293,0.008473,0.914315,-215.936691,96.594566,84.888634
502,4.183333,-0.035892,0.403002,0.008178,0.914458,-215.933365,96.559319,84.941780
503,4.191667,-0.035184,0.402292,0.006983,0.914808,-215.928482,96.511955,85.007942
504,4.200000,-0.033294,0.402364,0.007604,0.914843,-215.917999,96.442169,85.088402
505,4.208333,-0.031652,0.403715,0.011221,0.914268,-215.912170,96.349289,85.175858
506,4.216667,-0.030801,0.403292,0.011032,0.914486,-215.927383,96.294693,85.238976
507,4.225000,-0.030069,0.402459,0.011223,0.914875,-215.922501,96.247070,85.309196
508,4.233333,-0.029511,0.401719,0.010004,0.915233,-215.918137,96.191490,85.381042
509,4.241667,-0.027107,0.401733,0.010146,0.915299,-215.909332,96.113220,85.462776
510,4.250000,-0.024627,0.403523,0.013971,0.914532,-215.888046,96.006355,85.566689
511,4.258333,-0.024371,0.403203,0.012756,0.914697,-215.887115,95.950180,85.642250
512,4.266667,-0.024877,0.403279,0.012662,0.914651,-215.882874,95.895210,85.713867
513,4.275000,-0.024282,0.402951,0.012750,0.914810,-215.881439,95.849968,85.785927
514,4.283333,-0.022417,0.403158,0.014822,0.914736,-215.871292,95.788803,85.876869
515,4.291667,-0.021329,0.402446,0.013954,0.915089,-215.873810,95.749680,85.956123
516,4.300000,-0.020648,0.403366,0.016501,0.914657,-215.864532,95.698166,86.043610
517,4.308333,-0.021066,0.403309,0.015200,0.914695,-215.870712,95.684357,86.108955
518,4.316667,-0.021484,0.403117,0.014154,0.914787,-215.871552,95.679886,86.174240
519,4.325000,-0.022237,0.402967,0.013587,0.914843,-215.868973,95.685394,86.237625
520,4.333333,-0.024149,0.402687,0.012938,0.914928,-215.868073,95.693657,86.295464
521,4.341667,-0.025598,0.402422,0.012743,0.915008,-215.869873,95.700546,86.357628
522,4.350000,-0.026197,0.402186,0.012350,0.915100,-215.868729,95.708557,86.422371
523,4.358333,-0.026376,0.401911,0.012458,0.915214,-215.869980,95.726089,86.496613
524,4.366667,-0.027087,0.401857,0.011922,0.915224,-215.863800,95.746269,86.564598
525,4.375000,-0.027964,0.401762,0.011511,0.915245,-215.854172,95.769089,86.632210
526,4.383333,-0.027971,0.403024,0.013930,0.914656,-215.839813,95.773872,86.717369
527,4.391667,-0.028339,0.403374,0.013771,0.914493,-215.834625,95.804817,86.789383
528,4.400000,-0.029133,0.403469,0.012118,0.914449,-215.861343,95.855087,86.862732
529,4.408333,-0.030783,0.403430,0.010948,0.914427,-215.850967,95.905533,86.914238
530,4.416667,-0.033383,0.403085,0.009735,0.914502,-215.832108,95.965195,86.976273
531,4.425000,-0.035764,0.402242,0.009200,0.914788,-215.826111,96.016960,87.042191
532,4.433333,-0.037646,0.402263,0.007624,0.914718,-215.821167,96.075027,87.107018
533,4.441667,-0.038520,0.402495,0.006280,0.914590,-215.814835,96.131844,87.170448
534,4.450000,-0.039042,0.402843,0.006090,0.914416,-215.807343,96.180954,87.231812
535,4.458333,-0.039744,0.403191,0.006644,0.914228,-215.801575,96.222343,87.289474
536,4.466667,-0.040591,0.402933,0.007269,0.914300,-215.803604,96.258263,87.349472
537,4.475000,-0.041607,0.402816,0.007173,0.914307,-215.803436,96.295502,87.408669
538,4.483333,-0.043192,0.402864,0.006149,0.914219,-215.805298,96.335754,87.469421
539,4.491667,-0.045543,0.402889,0.003718,0.914107,-215.805191,96.380875,87.522247
540,4.500000,-0.048132,0.402559,0.001534,0.914127,-215.805954,96.415428,87.565971
541,4.508333,-0.049488,0.401986,0.000886,0.914307,-215.805084,96.430992,87.616936
542,4.516667,-0.048560,0.401804,0.001249,0.914436,-215.810745,96.451805,87.675766
543,4.525000,-0.048373,0.402054,0.001972,0.914335,-215.812592,96.467003,87.728783
544,4.533333,-0.047801,0.403613,0.005348,0.913665,-215.796799,96.456711,87.800201
545,4.541667,-0.047791,0.403006,0.004995,0.913935,-215.791656,96.468048,87.850769
546,4.550000,-0.047700,0.402466,0.004272,0.914181,-215.782806,96.479950,87.901306
547,4.558333,-0.047724,0.402314,0.003809,0.914249,-215.774948,96.485825,87.956871
548,4.566667,-0.047840,0.402331,0.003492,0.914237,-215.771439,96.489120,88.007263
549,4.575000,-0.048533,0.402728,0.003108,0.914027,-215.773773,96.486824,88.058792
550,4.583333,-0.049666,0.402769,0.002337,0.913950,-215.774017,96.488693,88.109833
551,4.591667,-0.050700,0.402689,0.001292,0.913931,-215.772293,96.488167,88.156700
552,4.600000,-0.051627,0.402479,0.000177,0.913972,-215.771866,96.484924,88.201042
553,4.608333,-0.052225,0.402304,-0.000343,0.914015,-215.770050,96.476021,88.246605
554,4.616667,-0.052307,0.402265,0.000187,0.914028,-215.767120,96.448494,88.302628
555,4.625000,-0.052028,0.402434,0.000794,0.913969,-215.764069,96.418411,88.361244
556,4.633333,-0.051144,0.403956,0.004677,0.913336,-215.753143,96.369568,88.427505
557,4.641667,-0.051211,0.403553,0.004086,0.913513,-215.758759,96.352859,88.459953
558,4.650000,-0.050971,0.403232,0.003590,0.913670,-215.757614,96.332985,88.494125
559,4.658333,-0.050269,0.402965,0.003654,0.913827,-215.751175,96.301048,88.538902
560,4.666667,-0.049130,0.402277,0.002736,0.914195,-215.747253,96.267357,88.584862
561,4.675000,-0.048341,0.401997,0.001756,0.914363,-215.748184,96.232132,88.625984
562,4.683333,-0.048249,0.401957,0.000892,0.914386,-215.750473,96.201965,88.663399
563,4.691667,-0.048280,0.401916,0.000393,0.914403,-215.752441,96.174965,88.699890
564,4.700000,-0.048336,0.402616,0.001305,0.914091,-215.753983,96.129616,88.760933
565,4.708333,-0.048226,0.402750,0.002117,0.914036,-215.752319,96.092896,88.816048
566,4.716667,-0.047675,0.403908,0.006437,0.913534,-215.737625,96.038338,88.890503
567,4.725000,-0.047929,0.402718,0.004912,0.914055,-215.739685,96.029907,88.930672
568,4.733333,-0.048203,0.402323,0.004325,0.914218,-215.737106,96.018623,88.972244
569,4.741667,-0.047844,0.402384,0.004460,0.914209,-215.734604,96.001152,89.017113
570,4.750000,-0.047688,0.402531,0.004449,0.914153,-215.735504,95.982231,89.062256
571,4.758333,-0.047734,0.402469,0.003104,0.914183,-215.733093,95.957603,89.103966
572,4.766667,-0.047982,0.402324,0.002008,0.914237,-215.728668,95.940628,89.140251
573,4.775000,-0.047983,0.401908,0.000960,0.914421,-215.722473,95.926010,89.182976
574,4.783333,-0.047048,0.401797,0.000835,0.914519,-215.714859,95.907906,89.230934
575,4.791667,-0.046482,0.401925,0.000746,0.914492,-215.715286,95.893784,89.273079
576,4.800000,-0.046146,0.402119,0.001016,0.914423,-215.715866,95.880554,89.314774
577,4.808333,-0.045143,0.404257,0.005485,0.913514,-215.699722,95.834320,89.390854
578,4.816667,-0.045415,0.403745,0.004624,0.913732,-215.706772,95.824631,89.437607
579,4.825000,-0.045626,0.403111,0.004686,0.914001,-215.707047,95.810684,89.478088
580,4.833333,-0.046008,0.402703,0.004989,0.914160,-215.704819,95.796593,89.518814
581,4.841667,-0.046093,0.402450,0.005777,0.914263,-215.703110,95.780388,89.561844
582,4.850000,-0.045506,0.402171,0.005969,0.914414,-215.703293,95.762840,89.613380
583,4.858333,-0.045158,0.402208,0.006086,0.914414,-215.704086,95.746407,89.661652
584,4.866667,-0.045496,0.402368,0.006074,0.914326,-215.704681,95.732460,89.702499
585,4.875000,-0.045958,0.402484,0.005496,0.914256,-215.702240,95.719902,89.739441
586,4.883333,-0.045757,0.402362,0.004569,0.914325,-215.695496,95.702942,89.785568
587,4.891667,-0.045466,0.402119,0.003689,0.914450,-215.682739,95.681862,89.834122
588,4.900000,-0.044527,0.403371,0.006064,0.913932,-215.663269,95.644966,89.900803
589,4.908333,-0.044450,0.402827,0.005707,0.914178,-215.663940,95.638435,89.939301
590,4.916667,-0.044420,0.402642,0.005671,0.914261,-215.666412,95.632683,89.977867
591,4.925000,-0.044034,0.402734,0.005916,0.914238,-215.666718,95.622101,90.025505
592,4.933333,-0.043482,0.402734,0.005953,0.914264,-215.668900,95.609100,90.072937
593,4.941667,-0.043741,0.402945,0.005952,0.914159,-215.673203,95.594719,90.118095
594,4.950000,-0.044496,0.402854,0.005902,0.914163,-215.677338,95.581093,90.158630
595,4.958333,-0.045125,0.402481,0.007107,0.914288,-215.692276,95.560547,90.207901
596,4.966667,-0.045923,0.401848,0.006295,0.914532,-215.680725,95.555145,90.246590
597,4.975000,-0.046632,0.401828,0.004936,0.914514,-215.670746,95.550034,90.280052
598,4.983333,-0.047121,0.401950,0.003659,0.914441,-215.667252,95.544624,90.314476
599,4.991667,-0.046453,0.403963,0.006960,0.913568,-215.651108,95.505531,90.382050
600,5.000000,-0.046126,0.403281,0.006074,0.913893,-215.655609,95.497063,90.423584
601,5.008333,-0.046109,0.403649,0.007664,0.913719,-215.648361,95.471916,90.479851
602,5.016667,-0.046035,0.403623,0.008079,0.913731,-215.642517,95.454453,90.527626
603,5.025000,-0.046245,0.402887,0.006999,0.914054,-215.650101,95.452156,90.561638
604,5.033333,-0.045927,0.402382,0.005458,0.914303,-215.652054,95.441841,90.601944
605,5.041667,-0.045503,0.402389,0.004437,0.914327,-215.648605,95.431747,90.640434
606,5.050000,-0.045471,0.402415,0.003374,0.914321,-215.643280,95.426048,90.679588
607,5.058333,-0.045810,0.402359,0.002351,0.914332,-215.640137,95.423386,90.713165
608,5.066667,-0.046329,0.402256,0.001703,0.914353,-215.642075,95.414948,90.747360
609,5.075000,-0.046880,0.402260,0.001380,0.914323,-215.645004,95.399490,90.794373
610,5.083333,-0.046952,0.401978,0.001474,0.914443,-215.644882,95.389282,90.846336
611,5.091667,-0.046252,0.401818,0.002148,0.914548,-215.642715,95.371918,90.900681
612,5.100000,-0.045743,0.401802,0.002523,0.914580,-215.643478,95.357994,90.945885
613,5.108333,-0.045563,0.401778,0.002703,0.914599,-215.644363,95.346771,90.981651
614,5.116667,-0.044562,0.403619,0.006881,0.913815,-215.631348,95.303162,91.046432
615,5.125000,-0.044341,0.402961,0.005709,0.914124,-215.637329,95.300995,91.084663
616,5.133333,-0.044641,0.402393,0.005146,0.914363,-215.636795,95.296227,91.117111
617,5.141667,-0.044958,0.402329,0.005557,0.914374,-215.629822,95.283524,91.153564
618,5.150000,-0.045286,0.402432,0.005979,0.914310,-215.623566,95.270462,91.192001
619,5.158333,-0.045005,0.402575,0.006423,0.914257,-215.619446,95.252701,91.237991
620,5.166667,-0.044609,0.402711,0.006689,0.914215,-215.620834,95.235275,91.282166
621,5.175000,-0.043924,0.402469,0.006136,0.914359,-215.624695,95.217285,91.326820
622,5.183333,-0.043679,0.402240,0.005232,0.914477,-215.623474,95.201736,91.365959
623,5.191667,-0.043671,0.402034,0.004733,0.914571,-215.615707,95.184296,91.408089
624,5.200000,-0.043625,0.401760,0.004221,0.914695,-215.609711,95.169968,91.452682
625,5.208333,-0.044084,0.401786,0.003771,0.914664,-215.606049,95.155449,91.501839
626,5.216667,-0.044234,0.403259,0.007079,0.913989,-215.593140,95.118080,91.567627
627,5.225000,-0.044585,0.402652,0.006447,0.914244,-215.598801,95.111984,91.605469
628,5.233333,-0.044437,0.402307,0.005759,0.914408,-215.603088,95.105453,91.640892
629,5.241667,-0.044161,0.402384,0.005253,0.914390,-215.605499,95.097038,91.679489
630,5.250000,-0.044108,0.402568,0.005025,0.914313,-215.608551,95.088104,91.713692
631,5.258333,-0.044471,0.402526,0.004963,0.914314,-215.610077,95.079735,91.748413
632,5.266667,-0.044375,0.402430,0.005304,0.914359,-215.611221,95.076050,91.787392
633,5.275000,-0.044763,0.402207,0.006690,0.914429,-215.628723,95.054993,91.838181
634,5.283333,-0.045996,0.402008,0.005513,0.914463,-215.615768,95.055977,91.870178
635,5.291667,-0.047244,0.401805,0.003903,0.914497,-215.607208,95.056511,91.898415
636,5.300000,-0.047891,0.401784,0.002699,0.914478,-215.606064,95.053307,91.929710
637,5.308333,-0.047740,0.401821,0.002274,0.914470,-215.608139,95.044220,91.969627
638,5.316667,-0.045856,0.402533,0.003657,0.914249,-215.599701,95.015129,92.028442
639,5.325000,-0.044884,0.402617,0.004323,0.914257,-215.596146,95.001030,92.075996
640,5.333333,-0.043579,0.403445,0.006738,0.913941,-215.582733,94.963715,92.141640
641,5.341667,-0.043986,0.403395,0.006506,0.913945,-215.575409,94.949455,92.185303
642,5.350000,-0.044920,0.402632,0.004733,0.914247,-215.580032,94.951988,92.219803
643,5.358333,-0.045186,0.402432,0.004211,0.914324,-215.577835,94.947014,92.256447
644,5.366667,-0.045272,0.402477,0.003982,0.914301,-215.576416,94.940170,92.292152
645,5.375000,-0.045106,0.402450,0.003883,0.914322,-215.576813,94.934296,92.328308
646,5.383333,-0.044595,0.402326,0.003582,0.914403,-215.582321,94.928444,92.367386
647,5.391667,-0.044240,0.402241,0.003249,0.914459,-215.585846,94.919548,92.410095
648,5.400000,-0.044267,0.402132,0.002979,0.914506,-215.587097,94.911865,92.447853
649,5.408333,-0.044298,0.401917,0.002919,0.914599,-215.584824,94.907158,92.479919
650,5.416667,-0.044391,0.401606,0.002605,0.914733,-215.582230,94.902924,92.512413
651,5.425000,-0.044149,0.401498,0.002990,0.914790,-215.574692,94.891884,92.553970
652,5.433333,-0.044018,0.401503,0.003159,0.914794,-215.571472,94.882439,92.594177
653,5.441667,-0.044638,0.401958,0.003397,0.914563,-215.574051,94.866318,92.635277
654,5.450000,-0.045151,0.402264,0.003952,0.914401,-215.578918,94.852386,92.671074
655,5.458333,-0.044837,0.402718,0.005543,0.914209,-215.579254,94.830444,92.720100
656,5.466667,-0.044481,0.402711,0.006932,0.914219,-215.581650,94.810158,92.771301
657,5.475000,-0.044419,0.402421,0.008191,0.914340,-215.582275,94.792305,92.821053
658,5.483333,-0.044634,0.402160,0.008907,0.914438,-215.579742,94.777618,92.862740
659,5.491667,-0.044742,0.401799,0.008680,0.914593,-215.579193,94.765320,92.903557
660,5.500000,-0.044498,0.401602,0.007666,0.914700,-215.577652,94.749870,92.941513
661,5.508333,-0.044028,0.401582,0.006350,0.914742,-215.575699,94.735733,92.975685
662,5.516667,-0.043930,0.401646,0.005570,0.914724,-215.574005,94.727158,93.008820
663,5.525000,-0.044274,0.401718,0.004990,0.914679,-215.574402,94.720772,93.040161
664,5.533333,-0.044826,0.401685,0.004343,0.914670,-215.574890,94.712471,93.072571
665,5.541667,-0.044961,0.401496,0.003790,0.914749,-215.575928,94.701912,93.112183
666,5.550000,-0.044365,0.401521,0.003577,0.914767,-215.572693,94.689651,93.157188
667,5.558333,-0.043995,0.401519,0.003543,0.914786,-215.570755,94.678848,93.200806
668,5.566667,-0.043964,0.401594,0.003838,0.914754,-215.571503,94.665268,93.237480
669,5.575000,-0.043283,0.402993,0.007134,0.914151,-215.563080,94.629845,93.297127
670,5.583333,-0.042763,0.403081,0.008054,0.914129,-215.565872,94.614014,93.340485
671,5.591667,-0.042974,0.402133,0.006541,0.914549,-215.580124,94.615562,93.366135
672,5.600000,-0.043263,0.401878,0.005995,0.914651,-215.587921,94.609749,93.395042
673,5.608333,-0.044372,0.401995,0.005720,0.914548,-215.595337,94.602135,93.432793
674,5.616667,-0.045463,0.401940,0.005561,0.914520,-215.594223,94.592422,93.470360
675,5.625000,-0.045853,0.401560,0.005225,0.914669,-215.590363,94.579277,93.512665
676,5.633333,-0.046137,0.401367,0.005009,0.914741,-215.588455,94.571335,93.550034
677,5.641667,-0.046747,0.401188,0.004747,0.914790,-215.588684,94.566681,93.582237
678,5.650000,-0.046911,0.401268,0.005958,0.914739,-215.613724,94.549385,93.630943
679,5.658333,-0.046212,0.401519,0.005946,0.914665,-215.617752,94.539680,93.670815
680,5.666667,-0.044955,0.401520,0.005103,0.914732,-215.619278,94.530472,93.712769
681,5.675000,-0.044158,0.401570,0.004462,0.914752,-215.619415,94.521240,93.748268
682,5.683333,-0.043465,0.401619,0.004890,0.914762,-215.620255,94.507729,93.785599
683,5.691667,-0.043045,0.401435,0.005329,0.914860,-215.620728,94.498756,93.826828
684,5.700000,-0.042994,0.401163,0.005100,0.914983,-215.602142,94.495239,93.861046
685,5.708333,-0.042544,0.402113,0.007023,0.914574,-215.575485,94.473114,93.908806
686,5.716667,-0.042974,0.401644,0.004960,0.914774,-215.573364,94.485069,93.933487
687,5.725000,-0.043293,0.401339,0.004026,0.914897,-215.575287,94.484779,93.957016
688,5.733333,-0.043156,0.401397,0.004090,0.914878,-215.574615,94.474663,93.993103
689,5.741667,-0.042660,0.401463,0.004574,0.914870,-215.575989,94.459145,94.029343
690,5.750000,-0.042395,0.401284,0.005436,0.914956,-215.581558,94.445129,94.069023
691,5.758333,-0.042685,0.401331,0.006101,0.914918,-215.589020,94.429413,94.108269
692,5.766667,-0.043254,0.401216,0.006563,0.914938,-215.593964,94.412933,94.149719
693,5.775000,-0.043569,0.400927,0.006818,0.915048,-215.591003,94.397598,94.194481
694,5.783333,-0.043735,0.400850,0.006905,0.915073,-215.585571,94.385757,94.234886
695,5.791667,-0.044097,0.400831,0.006883,0.915064,-215.581268,94.377518,94.272354
696,5.800000,-0.044628,0.400865,0.006600,0.915026,-215.577393,94.369469,94.304787
697,5.808333,-0.045016,0.400871,0.005900,0.915009,-215.573700,94.364616,94.334305
698,5.816667,-0.045049,0.400900,0.005336,0.914998,-215.574341,94.363831,94.360748
699,5.825000,-0.044846,0.400846,0.004826,0.915035,-215.576508,94.359627,94.388481
700,5.833333,-0.044644,0.400787,0.004780,0.915071,-215.579742,94.355179,94.418182
701,5.841667,-0.044085,0.402386,0.007990,0.914373,-215.567902,94.322029,94.474319
702,5.850000,-0.043915,0.402439,0.008452,0.914354,-215.566345,94.307648,94.519348
703,5.858333,-0.043523,0.401198,0.006400,0.914934,-215.571075,94.302864,94.555649
704,5.866667,-0.043452,0.400732,0.005540,0.915148,-215.568512,94.294197,94.589066
705,5.875000,-0.043588,0.400706,0.005191,0.915154,-215.565353,94.287659,94.621391
706,5.883333,-0.043585,0.400607,0.004713,0.915201,-215.562912,94.282814,94.653397
707,5.891667,-0.043468,0.400558,0.004293,0.915230,-215.560577,94.277771,94.687965
708,5.900000,-0.043139,0.400581,0.004052,0.915236,-215.558243,94.272896,94.724045
709,5.908333,-0.043911,0.400557,0.003573,0.915212,-215.560654,94.275040,94.758537
710,5.916667,-0.044255,0.400499,0.003028,0.915223,-215.559601,94.277748,94.785851
711,5.925000,-0.044487,0.400440,0.002492,0.915239,-215.556671,94.275841,94.819656
712,5.933333,-0.044359,0.400364,0.001789,0.915280,-215.548248,94.276260,94.858238
713,5.941667,-0.044363,0.400345,0.000694,0.915290,-215.540955,94.278786,94.892654
714,5.950000,-0.044044,0.400549,0.000595,0.915216,-215.533112,94.269653,94.930786
715,5.958333,-0.044041,0.400548,0.000854,0.915217,-215.531403,94.260567,94.968628
716,5.966667,-0.043479,0.400737,0.001441,0.915160,-215.529205,94.244759,95.014557
717,5.975000,-0.042405,0.402579,0.005549,0.914386,-215.519669,94.204727,95.077202
718,5.983333,-0.042120,0.402642,0.006145,0.914367,-215.522003,94.194778,95.107094
719,5.991667,-0.042068,0.401700,0.004536,0.914793,-215.533493,94.203163,95.125488
720,6.000000,-0.041918,0.401314,0.004312,0.914971,-215.532394,94.197548,95.157394
721,6.008333,-0.041553,0.401018,0.004684,0.915115,-215.524643,94.184944,95.196220
722,6.016667,-0.042205,0.400988,0.004801,0.915098,-215.519470,94.168900,95.233246
723,6.025000,-0.042762,0.400921,0.004834,0.915101,-215.515686,94.155952,95.260971
724,6.033333,-0.043006,0.401023,0.004627,0.915046,-215.512985,94.146355,95.293358
725,6.041667,-0.042197,0.400618,0.003420,0.915267,-215.511612,94.130318,95.327812
726,6.050000,-0.041848,0.400653,0.002828,0.915269,-215.514374,94.117783,95.353401
727,6.058333,-0.041864,0.400746,0.002568,0.915229,-215.516617,94.106537,95.377594
728,6.066667,-0.042315,0.400560,0.002369,0.915290,-215.518494,94.094643,95.407066
729,6.075000,-0.042830,0.400274,0.001804,0.915392,-215.517090,94.082268,95.435562
730,6.083333,-0.042395,0.400038,0.001730,0.915516,-215.512222,94.062622,95.469719
731,6.091667,-0.042185,0.399893,0.001912,0.915588,-215.512375,94.050720,95.495377
732,6.100000,-0.042117,0.399773,0.001980,0.915644,-215.515137,94.042839,95.517395
733,6.108333,-0.042319,0.399661,0.002039,0.915684,-215.517899,94.037292,95.539055
734,6.116667,-0.042219,0.399563,0.001981,0.915731,-215.518875,94.029907,95.561958
735,6.125000,-0.042198,0.399563,0.001962,0.915732,-215.522522,94.021126,95.583405
736,6.133333,-0.041889,0.399799,0.002301,0.915642,-215.522934,94.008347,95.605698
737,6.141667,-0.041370,0.401466,0.005824,0.914920,-215.513306,93.976601,95.644951
738,6.150000,-0.041585,0.400645,0.004182,0.915280,-215.522675,93.987122,95.649734
739,6.158333,-0.041743,0.400325,0.003499,0.915415,-215.525513,93.990982,95.655327
740,6.166667,-0.041926,0.400357,0.003164,0.915394,-215.524292,93.992760,95.661400
741,6.175000,-0.042081,0.400454,0.003267,0.915344,-215.523712,93.990227,95.669121
742,6.183333,-0.042197,0.400505,0.003401,0.915316,-215.525436,93.985046,95.677887
743,6.191667,-0.042162,0.400550,0.003580,0.915297,-215.528900,93.978683,95.687035
744,6.200000,-0.041909,0.400581,0.003890,0.915294,-215.532181,93.968475,95.695656
745,6.208333,-0.041689,0.400665,0.004268,0.915266,-215.535477,93.956230,95.705093
746,6.216667,-0.041475,0.400728,0.004836,0.915245,-215.540024,93.942154,95.715508
747,6.225000,-0.041297,0.400842,0.005426,0.915200,-215.543701,93.924698,95.725632
748,6.233333,-0.040895,0.400873,0.005498,0.915204,-215.542740,93.902390,95.734146
749,6.241667,-0.040814,0.400941,0.005812,0.915176,-215.543076,93.884720,95.741013
750,6.250000,-0.041074,0.400942,0.006084,0.915162,-215.541458,93.865631,95.749405
751,6.258333,-0.041116,0.400914,0.006580,0.915169,-215.539551,93.841644,95.759033
752,6.266667,-0.041234,0.400984,0.007675,0.915124,-215.552338,93.809341,95.776573
753,6.275000,-0.041502,0.400864,0.008027,0.915162,-215.555054,93.779373,95.786255
754,6.283333,-0.041668,0.400702,0.008075,0.915225,-215.554840,93.751945,95.793777
755,6.291667,-0.040785,0.400119,0.006967,0.915529,-215.539413,93.715492,95.792305
756,6.300000,-0.040222,0.399928,0.005456,0.915647,-215.532852,93.686905,95.783905
757,6.308333,-0.039731,0.399789,0.003485,0.915739,-215.532181,93.653831,95.778282
758,6.316667,-0.039404,0.399778,0.002432,0.915761,-215.535431,93.616211,95.776115
759,6.325000,-0.039028,0.399752,0.002260,0.915789,-215.534286,93.578377,95.776665
760,6.333333,-0.038103,0.399871,0.003084,0.915774,-215.530640,93.534531,95.784309
761,6.341667,-0.037110,0.399763,0.004028,0.915858,-215.527863,93.495575,95.795952
762,6.350000,-0.036317,0.399868,0.005006,0.915839,-215.524323,93.460144,95.803780
763,6.358333,-0.036005,0.399784,0.005530,0.915885,-215.523102,93.426147,95.810661
764,6.366667,-0.036017,0.399664,0.006025,0.915934,-215.523102,93.389236,95.817795
765,6.375000,-0.035994,0.399465,0.008669,0.916000,-215.550919,93.334755,95.839325
766,6.383333,-0.035833,0.399464,0.009761,0.915996,-215.555527,93.282455,95.861832
767,6.391667,-0.035679,0.399671,0.009639,0.915913,-215.543610,93.237976,95.876404
768,6.400000,-0.034569,0.399948,0.008116,0.915850,-215.529495,93.191803,95.890610
769,6.408333,-0.033310,0.400470,0.006794,0.915679,-215.528839,93.153725,95.899193
770,6.416667,-0.032237,0.400934,0.006120,0.915519,-215.533188,93.118706,95.910683
771,6.425000,-0.031293,0.401057,0.006274,0.915497,-215.530853,93.086189,95.926956
772,6.433333,-0.030627,0.400911,0.006810,0.915580,-215.529678,93.057678,95.943581
773,6.441667,-0.030247,0.400727,0.006780,0.915673,-215.527985,93.032990,95.961891
774,6.450000,-0.030246,0.400443,0.006745,0.915797,-215.526581,93.012497,95.980873
775,6.458333,-0.030445,0.400318,0.006890,0.915844,-215.525238,92.996033,95.997658
776,6.466667,-0.030909,0.400152,0.006960,0.915901,-215.525787,92.987808,96.011475
777,6.475000,-0.031237,0.399970,0.006922,0.915970,-215.525314,92.985344,96.024635
778,6.483333,-0.031333,0.399853,0.006790,0.916018,-215.524048,92.984047,96.043579
779,6.491667,-0.031422,0.399632,0.006582,0.916114,-215.523651,92.990051,96.063385
780,6.500000,-0.031469,0.399430,0.006610,0.916200,-215.523575,92.995651,96.084694
781,6.508333,-0.031567,0.399300,0.006606,0.916253,-215.523575,93.002541,96.102745
782,6.516667,-0.031625,0.399309,0.006540,0.916248,-215.520950,93.010376,96.122070
783,6.525000,-0.032163,0.399141,0.007189,0.916297,-215.521912,93.025238,96.141586
784,6.533333,-0.032556,0.398993,0.007591,0.916344,-215.520477,93.043274,96.160973
785,6.541667,-0.032726,0.398807,0.007755,0.916418,-215.518478,93.061768,96.182076
786,6.550000,-0.032422,0.399085,0.008353,0.916303,-215.514420,93.075615,96.212433
787,6.558333,-0.032160,0.399317,0.008422,0.916210,-215.514954,93.095825,96.238777
788,6.566667,-0.032462,0.399369,0.008007,0.916180,-215.518982,93.122581,96.257950
789,6.575000,-0.032599,0.399593,0.007585,0.916081,-215.518982,93.147797,96.274040
790,6.583333,-0.032574,0.399729,0.007346,0.916025,-215.519165,93.172165,96.291000
791,6.591667,-0.032918,0.399852,0.006907,0.915963,-215.519302,93.195930,96.307915
792,6.600000,-0.032796,0.400803,0.008599,0.915537,-215.509827,93.200752,96.337936
793,6.608333,-0.033835,0.400317,0.006250,0.915731,-215.515472,93.237801,96.353279
794,6.616667,-0.034625,0.399795,0.004433,0.915940,-215.519028,93.269165,96.365974
795,6.625000,-0.035026,0.399585,0.003417,0.916021,-215.515732,93.285034,96.380081
796,6.633333,-0.034774,0.399704,0.003822,0.915976,-215.509109,93.276939,96.404526
797,6.641667,-0.034916,0.399747,0.004078,0.915951,-215.507416,93.277763,96.426048
798,6.650000,-0.035109,0.399710,0.004170,0.915960,-215.506454,93.283821,96.441978
799,6.658333,-0.035555,0.399600,0.003907,0.915992,-215.508224,93.294212,96.453705
800,6.666667,-0.035488,0.399609,0.003738,0.915991,-215.507599,93.299011,96.467926
801,6.675000,-0.035278,0.399607,0.004204,0.915998,-215.501266,93.296082,96.493324
802,6.683333,-0.035144,0.399462,0.004253,0.916066,-215.498383,93.294556,96.511497
803,6.691667,-0.034780,0.400901,0.007424,0.915431,-215.487839,93.270508,96.548042
804,6.700000,-0.034998,0.401041,0.007681,0.915359,-215.488220,93.264915,96.563156
805,6.708333,-0.035219,0.401080,0.007776,0.915333,-215.491730,93.259552,96.577927
806,6.716667,-0.035258,0.401007,0.008185,0.915360,-215.496780,93.250778,96.592430
807,6.725000,-0.035321,0.400247,0.006900,0.915700,-215.512512,93.255417,96.599823
808,6.733333,-0.035404,0.400217,0.006763,0.915711,-215.518326,93.251160,96.614113
809,6.741667,-0.035456,0.400270,0.006973,0.915685,-215.520996,93.241653,96.629150
810,6.750000,-0.035226,0.400346,0.007206,0.915658,-215.523880,93.228058,96.647171
811,6.758333,-0.035226,0.400431,0.007463,0.915619,-215.526230,93.217926,96.662628
812,6.766667,-0.035107,0.400345,0.007862,0.915658,-215.525696,93.208527,96.676727
813,6.775000,-0.035675,0.400116,0.008474,0.915731,-215.527771,93.203758,96.692184
814,6.783333,-0.036011,0.399965,0.008957,0.915779,-215.526123,93.198242,96.703941
815,6.791667,-0.036151,0.399857,0.009197,0.915818,-215.522293,93.191154,96.714157
816,6.800000,-0.036267,0.399821,0.009506,0.915826,-215.518616,93.184036,96.722122
817,6.808333,-0.036386,0.399720,0.009603,0.915865,-215.515762,93.178604,96.731934
818,6.816667,-0.036396,0.399578,0.009628,0.915926,-215.512970,93.171326,96.741158
819,6.825000,-0.036395,0.399600,0.009328,0.915919,-215.511536,93.162117,96.750107
820,6.833333,-0.036361,0.399496,0.009130,0.915968,-215.509933,93.152191,96.754799
821,6.841667,-0.036329,0.399377,0.008809,0.916024,-215.509003,93.138390,96.759872
822,6.850000,-0.036223,0.399176,0.008641,0.916118,-215.509247,93.125053,96.765343
823,6.858333,-0.035168,0.398718,0.007227,0.916371,-215.505356,93.100723,96.775208
824,6.866667,-0.034219,0.398705,0.006628,0.916417,-215.507538,93.077209,96.779594
825,6.875000,-0.033559,0.398854,0.005891,0.916381,-215.514633,93.057381,96.780388
826,6.883333,-0.033131,0.399064,0.005426,0.916308,-215.517639,93.045937,96.780746
827,6.891667,-0.032988,0.399096,0.005036,0.916302,-215.518433,93.037880,96.784416
828,6.900000,-0.033084,0.398827,0.004749,0.916417,-215.522034,93.031799,96.793091
829,6.908333,-0.033859,0.398654,0.004418,0.916465,-215.530151,93.016945,96.805069
830,6.916667,-0.034004,0.398431,0.004417,0.916557,-215.536087,92.995033,96.815941
831,6.925000,-0.033566,0.398253,0.004600,0.916650,-215.545731,92.961594,96.825249
832,6.933333,-0.032867,0.398341,0.007689,0.916616,-215.586044,92.902863,96.847687
833,6.941667,-0.032152,0.398359,0.009277,0.916619,-215.602402,92.848747,96.859634
834,6.950000,-0.031365,0.398329,0.010383,0.916647,-215.611603,92.792824,96.870949
835,6.958333,-0.030327,0.398274,0.010770,0.916702,-215.606308,92.740700,96.873131
836,6.966667,-0.029483,0.398050,0.010881,0.916825,-215.602158,92.692635,96.870926
837,6.975000,-0.029583,0.397596,0.010210,0.917027,-215.593307,92.648300,96.866623
838,6.983333,-0.029686,0.397626,0.009543,0.917018,-215.575592,92.600159,96.870384
839,6.991667,-0.029077,0.399355,0.011967,0.916257,-215.554291,92.528191,96.895767
840,7.000000,-0.028157,0.399576,0.011306,0.916198,-215.546173,92.482620,96.899590
841,7.008333,-0.027641,0.398946,0.008994,0.916514,-215.557007,92.467537,96.887550
842,7.016667,-0.027445,0.398747,0.007924,0.916616,-215.565399,92.453979,96.878105
843,7.025000,-0.027376,0.398772,0.007509,0.916611,-215.568893,92.442566,96.873077
844,7.033333,-0.027151,0.400026,0.010362,0.916043,-215.562607,92.412552,96.890938
845,7.041667,-0.026959,0.399236,0.009040,0.916407,-215.568192,92.415169,96.887505
846,7.050000,-0.026934,0.398695,0.008293,0.916651,-215.571457,92.418266,96.883949
847,7.058333,-0.026850,0.398961,0.008078,0.916539,-215.568130,92.420029,96.876823
848,7.066667,-0.026806,0.400124,0.010216,0.916012,-215.557999,92.410591,96.886024
849,7.075000,-0.027019,0.399592,0.008744,0.916253,-215.560364,92.434021,96.876038
850,7.083333,-0.027245,0.398776,0.007854,0.916610,-215.562576,92.452446,96.872284
851,7.091667,-0.027452,0.398826,0.007777,0.916583,-215.561035,92.454895,96.869499
852,7.100000,-0.028227,0.398797,0.007506,0.916574,-215.563873,92.446762,96.875122
853,7.108333,-0.027790,0.398680,0.007496,0.916639,-215.565628,92.438942,96.876129
854,7.116667,-0.027281,0.398825,0.007597,0.916590,-215.567520,92.429237,96.877037
855,7.125000,-0.027074,0.398792,0.007947,0.916607,-215.571976,92.424126,96.881454
856,7.133333,-0.026934,0.398967,0.008241,0.916533,-215.575668,92.424866,96.880737
857,7.141667,-0.027026,0.398956,0.008507,0.916532,-215.578552,92.429115,96.882965
858,7.150000,-0.026776,0.399709,0.011023,0.916185,-215.569717,92.414246,96.895012
859,7.158333,-0.026789,0.399307,0.009449,0.916377,-215.570801,92.432686,96.893349
860,7.166667,-0.026873,0.398926,0.008779,0.916547,-215.569351,92.437958,96.887863
861,7.175000,-0.026708,0.398834,0.008128,0.916598,-215.562012,92.433617,96.881966
862,7.183333,-0.026554,0.398926,0.007383,0.916569,-215.552551,92.425285,96.879257
863,7.191667,-0.026232,0.399071,0.007022,0.916518,-215.544312,92.419609,96.879471
864,7.200000,-0.026255,0.399011,0.006825,0.916545,-215.537766,92.417473,96.877190
865,7.208333,-0.026499,0.399036,0.006512,0.916529,-215.531631,92.420921,96.872696
866,7.216667,-0.026642,0.399094,0.006223,0.916502,-215.524673,92.424461,96.866356
867,7.225000,-0.026793,0.399414,0.005572,0.916362,-215.513916,92.421127,96.855705
868,7.233333,-0.026771,0.399793,0.005209,0.916200,-215.504120,92.404137,96.843193
869,7.241667,-0.026775,0.399850,0.005349,0.916174,-215.495300,92.359108,96.828278
870,7.250000,-0.027331,0.399583,0.007575,0.916258,-215.509613,92.268394,96.822227
871,7.258333,-0.027941,0.399403,0.006026,0.916330,-215.499878,92.220482,96.812675
872,7.266667,-0.027967,0.399216,0.005329,0.916415,-215.480423,92.194489,96.816528
873,7.275000,-0.027571,0.399181,0.005368,0.916442,-215.465164,92.189476,96.830238
874,7.283333,-0.027181,0.399225,0.004995,0.916436,-215.455719,92.194183,96.853401
875,7.291667,-0.026929,0.398909,0.004495,0.916584,-215.456528,92.198570,96.877502
876,7.300000,-0.027048,0.398851,0.004287,0.916607,-215.469406,92.196884,96.907310
877,7.308333,-0.027528,0.397970,0.004832,0.916973,-215.470795,92.205063,96.940231
878,7.316667,-0.027649,0.397361,0.005003,0.917232,-215.475464,92.212837,96.976265
879,7.325000,-0.026934,0.397334,0.004330,0.917269,-215.485458,92.216072,97.023438
880,7.333333,-0.024654,0.397944,0.004684,0.917067,-215.491028,92.212921,97.092224
881,7.341667,-0.020257,0.399996,0.008031,0.916258,-215.518829,92.173729,97.201706
882,7.350000,-0.015607,0.402207,0.011704,0.915341,-215.485550,92.139191,97.289520
883,7.358333,-0.012471,0.403056,0.010719,0.915027,-215.471008,92.145103,97.378365
884,7.366667,-0.010075,0.403377,0.010098,0.914923,-215.455978,92.150688,97.466522
885,7.375000,-0.008825,0.403470,0.009185,0.914904,-215.436859,92.166542,97.551628
886,7.383333,-0.006961,0.403580,0.011494,0.914846,-215.438919,92.157028,97.644081
887,7.391667,-0.005230,0.403579,0.013634,0.914828,-215.433975,92.156433,97.730957
888,7.400000,-0.003082,0.404631,0.017077,0.914315,-215.419907,92.145409,97.820671
889,7.408333,-0.001687,0.404742,0.016076,0.914288,-215.433548,92.176270,97.868690
890,7.416667,-0.000933,0.405318,0.016202,0.914032,-215.453842,92.192299,97.904877
891,7.425000,-0.000384,0.405927,0.016691,0.913753,-215.473816,92.194359,97.931229
892,7.433333,0.000013,0.406442,0.019178,0.913475,-215.518814,92.175026,97.961960
893,7.441667,0.000256,0.406381,0.019187,0.913502,-215.531876,92.165298,97.965584
894,7.450000,0.000488,0.406118,0.018956,0.913624,-215.535736,92.159317,97.960342
895,7.458333,0.000349,0.405463,0.018507,0.913924,-215.523773,92.158005,97.941086
896,7.466667,0.000062,0.404744,0.017986,0.914253,-215.510269,92.158752,97.914520
897,7.475000,-0.000241,0.404534,0.019586,0.914313,-215.485199,92.141998,97.884399
898,7.483333,-0.001542,0.403550,0.017669,0.914786,-215.467041,92.148941,97.834694
899,7.491667,-0.003516,0.402944,0.016322,0.915072,-215.453430,92.147575,97.775803
900,7.500000,-0.005677,0.402989,0.014884,0.915066,-215.436371,92.141762,97.700043
901,7.508333,-0.007837,0.403172,0.013235,0.914995,-215.427216,92.140556,97.604874
902,7.516667,-0.010107,0.402936,0.011080,0.915105,-215.431244,92.149887,97.502693
903,7.525000,-0.012486,0.402930,0.008743,0.915104,-215.434647,92.158188,97.406464
904,7.533333,-0.014792,0.402873,0.007279,0.915107,-215.439178,92.165543,97.322487
905,7.541667,-0.016912,0.402809,0.006373,0.915105,-215.446884,92.174072,97.247192
906,7.550000,-0.019397,0.402400,0.005446,0.915242,-215.461563,92.187729,97.183784
907,7.558333,-0.022073,0.401764,0.005337,0.915462,-215.474457,92.201553,97.135994
908,7.566667,-0.024588,0.401302,0.005639,0.915599,-215.486389,92.218102,97.091187
909,7.575000,-0.026327,0.400867,0.005091,0.915744,-215.493271,92.229683,97.058372
910,7.583333,-0.026949,0.400761,0.004767,0.915774,-215.489716,92.230698,97.044380
911,7.591667,-0.026464,0.400744,0.004625,0.915796,-215.478210,92.228653,97.048813
912,7.600000,-0.025070,0.400728,0.004113,0.915845,-215.460800,92.219971,97.066101
913,7.608333,-0.023350,0.401093,0.004586,0.915728,-215.444214,92.208694,97.101295
914,7.616667,-0.021419,0.401289,0.004192,0.915691,-215.437241,92.199593,97.134041
915,7.625000,-0.019582,0.401234,0.003950,0.915758,-215.440552,92.194664,97.178391
916,7.633333,-0.017300,0.402748,0.007401,0.915118,-215.434937,92.164955,97.249779
917,7.641667,-0.015274,0.401757,0.006663,0.915595,-215.451126,92.169777,97.314804
918,7.650000,-0.013307,0.401482,0.007039,0.915743,-215.464874,92.167786,97.384842
919,7.658333,-0.011423,0.401611,0.008346,0.915701,-215.470917,92.163361,97.469238
920,7.666667,-0.009823,0.401154,0.009875,0.915905,-215.474319,92.166870,97.553375
921,7.675000,-0.008434,0.400435,0.011787,0.916211,-215.470627,92.168213,97.639771
922,7.683333,-0.006946,0.399752,0.012886,0.916507,-215.456863,92.168587,97.715965
923,7.691667,-0.005102,0.399446,0.013787,0.916639,-215.440018,92.169121,97.784317
924,7.700000,-0.003541,0.399304,0.014717,0.916694,-215.434357,92.175804,97.831825
925,7.708333,-0.001835,0.400815,0.017803,0.915984,-215.424438,92.162201,97.887627
926,7.716667,-0.000813,0.400927,0.018049,0.915932,-215.423126,92.168037,97.914558
927,7.725000,-0.000177,0.400863,0.018301,0.915955,-215.421677,92.169640,97.926735
928,7.733333,-0.000369,0.400741,0.018283,0.916009,-215.424759,92.168335,97.930458
929,7.741667,-0.000708,0.400594,0.018609,0.916067,-215.430267,92.164078,97.922318
930,7.750000,-0.000785,0.400506,0.019196,0.916093,-215.434647,92.153114,97.906227
931,7.758333,-0.001733,0.399665,0.018048,0.916482,-215.450165,92.155647,97.876350
932,7.766667,-0.003227,0.399140,0.016936,0.916728,-215.454102,92.155617,97.833725
933,7.775000,-0.005238,0.398953,0.016384,0.916810,-215.464752,92.146194,97.785553
934,7.783333,-0.006959,0.399177,0.015271,0.916720,-215.454391,92.147926,97.717247
935,7.791667,-0.008606,0.399600,0.013681,0.916547,-215.449478,92.150841,97.635063
936,7.800000,-0.009688,0.400100,0.011628,0.916346,-215.442749,92.151276,97.547646
937,7.808333,-0.011009,0.400740,0.009561,0.916076,-215.423767,92.152565,97.460327
938,7.816667,-0.012813,0.400836,0.007499,0.916030,-215.405853,92.157158,97.383461
939,7.825000,-0.014819,0.400720,0.006172,0.916060,-215.389771,92.164482,97.314163
940,7.833333,-0.016587,0.400491,0.004966,0.916137,-215.378067,92.171509,97.259827
941,7.841667,-0.017514,0.401197,0.006910,0.915798,-215.363098,92.159065,97.228554
942,7.850000,-0.018141,0.401092,0.006542,0.915835,-215.361664,92.163124,97.203568
943,7.858333,-0.018734,0.400324,0.004659,0.916170,-215.373703,92.180931,97.178474
944,7.866667,-0.019341,0.399781,0.003268,0.916401,-215.384537,92.194595,97.164627
945,7.875000,-0.019582,0.399919,0.002972,0.916336,-215.396301,92.197296,97.166176
946,7.883333,-0.019386,0.400001,0.003176,0.916304,-215.413483,92.194061,97.180412
947,7.891667,-0.018859,0.400074,0.003922,0.916281,-215.437103,92.192261,97.206039
948,7.900000,-0.017497,0.401316,0.008258,0.915735,-215.456039,92.164276,97.268311
949,7.908333,-0.016199,0.400179,0.007908,0.916260,-215.488342,92.172569,97.315971
950,7.916667,-0.014494,0.399920,0.008487,0.916396,-215.502594,92.171738,97.370544
951,7.925000,-0.012599,0.399899,0.009148,0.916427,-215.506271,92.168945,97.434402
952,7.933333,-0.011067,0.399547,0.010036,0.916591,-215.503815,92.167847,97.511574
953,7.941667,-0.010201,0.398790,0.011676,0.916911,-215.499710,92.170128,97.586906
954,7.950000,-0.009032,0.398052,0.012688,0.917231,-215.484497,92.171623,97.654503
955,7.958333,-0.007286,0.397547,0.013591,0.917452,-215.453125,92.162201,97.724266
956,7.966667,-0.005463,0.397534,0.015132,0.917446,-215.443710,92.151825,97.784637
957,7.975000,-0.004280,0.397536,0.015880,0.917439,-215.431122,92.152763,97.821686
958,7.983333,-0.003610,0.397799,0.016632,0.917315,-215.416641,92.157562,97.840782
959,7.991667,-0.003809,0.397862,0.016766,0.917284,-215.418167,92.165352,97.845467
960,8.000000,-0.004388,0.397259,0.016075,0.917555,-215.426682,92.172935,97.836983
961,8.008333,-0.005118,0.396512,0.014870,0.917895,-215.431351,92.177406,97.818932
962,8.016667,-0.005716,0.395993,0.013803,0.918132,-215.430618,92.176018,97.793098
963,8.025000,-0.006883,0.395612,0.012900,0.918301,-215.427155,92.171600,97.756607
964,8.033333,-0.007998,0.395281,0.012285,0.918443,-215.416550,92.169769,97.710495
965,8.041667,-0.009281,0.395258,0.011875,0.918447,-215.406128,92.168442,97.657570
966,8.050000,-0.010591,0.395429,0.011689,0.918361,-215.401505,92.169563,97.590065
967,8.058333,-0.011296,0.395750,0.010650,0.918227,-215.389893,92.163345,97.520409
968,8.066667,-0.011700,0.396088,0.008963,0.918094,-215.374496,92.159241,97.455620
969,8.075000,-0.012561,0.396081,0.007360,0.918100,-215.357803,92.161728,97.397079
970,8.083333,-0.013767,0.395910,0.005898,0.918167,-215.342072,92.167824,97.347809
971,8.091667,-0.015109,0.395489,0.004820,0.918334,-215.329666,92.175163,97.311195
972,8.100000,-0.016049,0.395092,0.003722,0.918494,-215.321701,92.182007,97.287033
973,8.108333,-0.016021,0.396065,0.006099,0.918063,-215.314270,92.165199,97.294479
974,8.116667,-0.015846,0.395930,0.006498,0.918121,-215.321533,92.163620,97.298355
975,8.125000,-0.015721,0.395052,0.005187,0.918510,-215.341431,92.176888,97.303200
976,8.133333,-0.015225,0.394822,0.005071,0.918618,-215.359253,92.178139,97.324409
977,8.141667,-0.014427,0.394777,0.005616,0.918647,-215.382004,92.176765,97.361916
978,8.150000,-0.013491,0.394719,0.006592,0.918679,-215.408371,92.172516,97.411507
979,8.158333,-0.012287,0.394445,0.008123,0.918801,-215.430618,92.170265,97.475563
980,8.166667,-0.011630,0.393907,0.010166,0.919020,-215.447205,92.173668,97.542107
981,8.175000,-0.010719,0.393479,0.011685,0.919197,-215.453674,92.171913,97.604393
982,8.183333,-0.009829,0.393042,0.012582,0.919382,-215.454697,92.167313,97.659576
983,8.191667,-0.008619,0.392926,0.013670,0.919428,-215.447067,92.158089,97.707642
984,8.200000,-0.007388,0.392757,0.014390,0.919500,-215.435287,92.155838,97.745476
985,8.208333,-0.006401,0.392614,0.014746,0.919563,-215.420792,92.157639,97.767891
986,8.216667,-0.006189,0.392526,0.015161,0.919595,-215.413635,92.160889,97.779800
987,8.225000,-0.006782,0.392532,0.015326,0.919586,-215.416809,92.162872,97.775497
988,8.233333,-0.007567,0.392341,0.015216,0.919663,-215.424591,92.163086,97.761482
989,8.241667,-0.008303,0.392171,0.014759,0.919736,-215.427155,92.162636,97.738594
990,8.250000,-0.008876,0.392055,0.014192,0.919790,-215.422409,92.158813,97.706017
991,8.258333,-0.009672,0.391638,0.013115,0.919975,-215.413620,92.161369,97.660889
992,8.266667,-0.010574,0.391666,0.012122,0.919967,-215.399307,92.164688,97.607780
993,8.275000,-0.011381,0.392207,0.011274,0.919737,-215.379471,92.163963,97.542099
994,8.283333,-0.011668,0.392775,0.009589,0.919511,-215.360977,92.163055,97.483551
995,8.291667,-0.012161,0.393150,0.007610,0.919362,-215.345184,92.163101,97.428337
996,8.300000,-0.013188,0.393356,0.006134,0.919271,-215.332748,92.167351,97.386665
997,8.308333,-0.014095,0.393394,0.005044,0.919248,-215.321396,92.174751,97.354988
998,8.316667,-0.014750,0.393438,0.003902,0.919225,-215.314316,92.179863,97.336243
999,8.325000,-0.014918,0.393497,0.003545,0.919198,-215.313583,92.183868,97.332123
1000,8.333333,-0.014564,0.393579,0.003786,0.919168,-215.320038,92.182381,97.345390
1001,8.341667,-0.014175,0.393648,0.004527,0.919141,-215.333145,92.180481,97.368217
1002,8.350000,-0.013335,0.393609,0.005661,0.919164,-215.350159,92.176155,97.404381
1003,8.358333,-0.012451,0.393581,0.006685,0.919181,-215.371231,92.173050,97.455170
1004,8.366667,-0.012170,0.393200,0.008449,0.919334,-215.391785,92.175583,97.508667
1005,8.375000,-0.011725,0.392589,0.009912,0.919586,-215.404556,92.175133,97.572060
1006,8.383333,-0.010870,0.392190,0.011077,0.919753,-215.409546,92.173836,97.624901
1007,8.391667,-0.009594,0.392183,0.012332,0.919755,-215.406342,92.166908,97.677162
1008,8.400000,-0.008532,0.392376,0.013562,0.919665,-215.404388,92.164749,97.714737
1009,8.408333,-0.007938,0.392496,0.014572,0.919604,-215.408356,92.165001,97.739418
1010,8.416667,-0.007729,0.392569,0.015108,0.919566,-215.410370,92.163696,97.753777
1011,8.425000,-0.007434,0.392513,0.015181,0.919591,-215.407059,92.161499,97.755325
1012,8.433333,-0.007860,0.392591,0.014959,0.919558,-215.407974,92.162094,97.745911
1013,8.441667,-0.008537,0.392528,0.014553,0.919585,-215.407425,92.162865,97.723824
1014,8.450000,-0.009218,0.392353,0.013800,0.919665,-215.402359,92.161980,97.690933
1015,8.458333,-0.010273,0.391999,0.013002,0.919816,-215.399048,92.168282,97.644981
1016,8.466667,-0.011149,0.392185,0.012142,0.919739,-215.392044,92.167747,97.594467
1017,8.475000,-0.011778,0.392820,0.010877,0.919475,-215.376999,92.164459,97.537331
1018,8.483333,-0.011705,0.393338,0.009104,0.919275,-215.356277,92.160965,97.484772
1019,8.491667,-0.011908,0.393670,0.007309,0.919146,-215.338303,92.161713,97.441032
1020,8.500000,-0.012626,0.393715,0.005709,0.919128,-215.319519,92.168739,97.404114
1021,8.508333,-0.013563,0.393726,0.004709,0.919116,-215.305298,92.177094,97.381851
1022,8.516667,-0.014047,0.393688,0.003837,0.919129,-215.294830,92.183571,97.373032
1023,8.525000,-0.014092,0.393577,0.003554,0.919177,-215.291733,92.186424,97.376259
1024,8.533333,-0.013518,0.393650,0.003662,0.919154,-215.294189,92.183998,97.394241
1025,8.541667,-0.012672,0.393785,0.004559,0.919104,-215.306808,92.179459,97.429260
1026,8.550000,-0.011815,0.393699,0.005629,0.919146,-215.322144,92.175430,97.470222
1027,8.558333,-0.011293,0.393582,0.006956,0.919194,-215.339203,92.172073,97.524696
1028,8.566667,-0.011655,0.393315,0.008898,0.919287,-215.369247,92.178169,97.571655
1029,8.575000,-0.011557,0.393001,0.010505,0.919406,-215.400101,92.180031,97.612320
1030,8.583333,-0.011016,0.392883,0.011980,0.919445,-215.421814,92.178024,97.644600
1031,8.591667,-0.010478,0.393042,0.012871,0.919371,-215.438171,92.172279,97.669418
1032,8.600000,-0.010070,0.393143,0.013604,0.919322,-215.449860,92.166527,97.682274
1033,8.608333,-0.009813,0.393228,0.013634,0.919288,-215.454193,92.161537,97.684441
1034,8.616667,-0.009810,0.393202,0.013511,0.919300,-215.450287,92.159554,97.674225
1035,8.625000,-0.009981,0.393131,0.013063,0.919336,-215.438965,92.160095,97.653748
1036,8.633333,-0.010449,0.393019,0.012404,0.919387,-215.421509,92.160683,97.626190
1037,8.641667,-0.010920,0.392990,0.011466,0.919406,-215.394470,92.161293,97.589722
1038,8.650000,-0.011246,0.393284,0.010579,0.919287,-215.362686,92.162712,97.548622
1039,8.658333,-0.011385,0.393533,0.009172,0.919194,-215.335663,92.163132,97.502480
1040,8.666667,-0.011488,0.393832,0.007340,0.919081,-215.312775,92.164574,97.462723
1041,8.675000,-0.012031,0.393790,0.005699,0.919104,-215.293716,92.169777,97.433456
1042,8.683333,-0.012531,0.393674,0.004357,0.919154,-215.279053,92.176590,97.417351
1043,8.691667,-0.012593,0.393621,0.005654,0.919169,-215.292435,92.167877,97.431412
1044,8.700000,-0.012306,0.393627,0.005984,0.919168,-215.290909,92.166893,97.446510
1045,8.708333,-0.011792,0.393636,0.006408,0.919169,-215.292450,92.164162,97.473236
1046,8.716667,-0.011124,0.393426,0.007429,0.919259,-215.301804,92.160011,97.513504
1047,8.725000,-0.010475,0.393455,0.008374,0.919246,-215.308289,92.162277,97.546021
1048,8.733333,-0.010894,0.393299,0.009420,0.919298,-215.327332,92.173264,97.569336
1049,8.741667,-0.011820,0.393275,0.010378,0.919286,-215.360168,92.182442,97.577080
1050,8.750000,-0.012524,0.393063,0.010804,0.919363,-215.398056,92.183838,97.583649
1051,8.758333,-0.012645,0.393359,0.011606,0.919225,-215.429214,92.179283,97.582954
1052,8.766667,-0.012437,0.393767,0.012295,0.919044,-215.456985,92.172913,97.575203
1053,8.775000,-0.012330,0.394157,0.012990,0.918869,-215.481476,92.167137,97.558922
1054,8.783333,-0.012415,0.394427,0.013311,0.918747,-215.495255,92.163010,97.546265
1055,8.791667,-0.012498,0.394549,0.013512,0.918691,-215.497375,92.162338,97.539139
1056,8.800000,-0.012679,0.394468,0.013148,0.918728,-215.491409,92.165215,97.537437
1057,8.808333,-0.012588,0.394360,0.012720,0.918782,-215.475327,92.165321,97.540245
1058,8.816667,-0.012338,0.394002,0.011992,0.918948,-215.454147,92.166428,97.551743
1059,8.825000,-0.011876,0.393707,0.011491,0.919088,-215.427994,92.164978,97.564980
1060,8.833333,-0.011502,0.393624,0.011059,0.919133,-215.394897,92.164291,97.569809
1061,8.841667,-0.011177,0.393472,0.010445,0.919210,-215.357803,92.164215,97.570976
1062,8.850000,-0.011094,0.393318,0.010095,0.919280,-215.325089,92.168228,97.562485
1063,8.858333,-0.011175,0.393435,0.009446,0.919236,-215.302490,92.168251,97.539833
1064,8.866667,-0.011286,0.393607,0.008936,0.919166,-215.302582,92.167572,97.520584
1065,8.875000,-0.011317,0.393656,0.007890,0.919154,-215.298462,92.165588,97.502548
1066,8.883333,-0.011460,0.393675,0.007193,0.919150,-215.297607,92.162987,97.498268
1067,8.891667,-0.011437,0.393607,0.007162,0.919180,-215.300827,92.159828,97.507568
1068,8.900000,-0.011226,0.393537,0.007467,0.919210,-215.299271,92.160919,97.529282
1069,8.908333,-0.011265,0.393418,0.007706,0.919258,-215.306335,92.167503,97.544739
1070,8.916667,-0.012066,0.393324,0.008354,0.919283,-215.329361,92.179794,97.552315
1071,8.925000,-0.012778,0.393395,0.009358,0.919233,-215.359360,92.185486,97.550842
1072,8.933333,-0.013120,0.393563,0.010314,0.919146,-215.390305,92.183464,97.552368
1073,8.941667,-0.013136,0.393514,0.010777,0.919162,-215.416000,92.179924,97.559509
1074,8.950000,-0.012935,0.393773,0.011265,0.919048,-215.436249,92.173424,97.560600
1075,8.958333,-0.012679,0.393968,0.011706,0.918962,-215.448334,92.167328,97.559395
1076,8.966667,-0.012788,0.394053,0.011804,0.918923,-215.451736,92.166992,97.560799
1077,8.975000,-0.012798,0.394023,0.011686,0.918937,-215.446213,92.168709,97.558769
1078,8.983333,-0.012906,0.393842,0.011105,0.919020,-215.431305,92.170929,97.555962
1079,8.991667,-0.012982,0.393864,0.010324,0.919019,-215.409256,92.175484,97.548141
1080,9.000000,-0.013192,0.393755,0.009092,0.919076,-215.381439,92.182243,97.540138
1081,9.008333,-0.009900,0.394982,0.010694,0.918573,-215.328766,92.140198,97.569984
1082,9.016667,-0.008833,0.395276,0.010310,0.918462,-215.300446,92.135567,97.559700
1083,9.025000,-0.008479,0.395197,0.009716,0.918506,-215.284210,92.135521,97.549446
1084,9.033333,-0.008290,0.395277,0.009881,0.918471,-215.283203,92.129959,97.557083
1085,9.041667,-0.008394,0.395276,0.009845,0.918471,-215.281815,92.130547,97.555885
1086,9.050000,-0.008416,0.395343,0.009848,0.918442,-215.286560,92.130005,97.558578
1087,9.058333,-0.008541,0.395229,0.009923,0.918490,-215.289856,92.132423,97.558250
1088,9.066667,-0.008920,0.395009,0.009853,0.918581,-215.303925,92.137627,97.559464
1089,9.075000,-0.009583,0.395049,0.010016,0.918556,-215.326508,92.142746,97.563324
1090,9.083333,-0.010418,0.394761,0.010540,0.918664,-215.353058,92.149437,97.573135
1091,9.091667,-0.010545,0.394482,0.011043,0.918777,-215.372253,92.152557,97.582649
1092,9.100000,-0.010650,0.394082,0.011769,0.918938,-215.390152,92.152893,97.587784
1093,9.108333,-0.010657,0.394169,0.012245,0.918895,-215.400513,92.152542,97.581467
1094,9.116667,-0.010450,0.394225,0.012088,0.918875,-215.405457,92.150635,97.575150
1095,9.125000,-0.010299,0.394245,0.011350,0.918878,-215.402893,92.150452,97.571053
1096,9.133333,-0.010016,0.394099,0.010696,0.918951,-215.386703,92.151749,97.575508
1097,9.141667,-0.009685,0.394244,0.011213,0.918886,-215.359970,92.146576,97.576691
1098,9.150000,-0.009295,0.394668,0.012234,0.918695,-215.329742,92.134460,97.579048
1099,9.158333,-0.008908,0.394995,0.011936,0.918562,-215.307190,92.128105,97.567055
1100,9.166667,-0.008367,0.395325,0.012963,0.918412,-215.286560,92.112961,97.559525
1101,9.175000,-0.008133,0.395364,0.012546,0.918403,-215.276260,92.112068,97.565163
1102,9.183333,-0.008304,0.395493,0.012528,0.918346,-215.276245,92.115936,97.570541
1103,9.191667,-0.008770,0.395501,0.012521,0.918338,-215.286942,92.118752,97.568825
1104,9.200000,-0.009346,0.395616,0.012928,0.918278,-215.304535,92.116241,97.575867
1105,9.208333,-0.010199,0.395365,0.013725,0.918365,-215.324265,92.114166,97.591225
1106,9.216667,-0.010421,0.394868,0.014584,0.918563,-215.339737,92.109970,97.605392
1107,9.225000,-0.010394,0.394393,0.015570,0.918751,-215.349274,92.106293,97.610733
1108,9.233333,-0.010910,0.393882,0.015704,0.918962,-215.347763,92.101410,97.608688
1109,9.241667,-0.011004,0.393662,0.015543,0.919058,-215.338974,92.100372,97.598679
1110,9.250000,-0.011172,0.393625,0.014931,0.919082,-215.322495,92.099983,97.584793
1111,9.258333,-0.010746,0.393875,0.013801,0.918998,-215.302521,92.099625,97.572884
1112,9.266667,-0.010235,0.394175,0.012732,0.918890,-215.288162,92.100349,97.569435
1113,9.275000,-0.010515,0.394314,0.012356,0.918833,-215.283340,92.103363,97.566208
1114,9.283333,-0.010506,0.394395,0.012333,0.918798,-215.285309,92.105118,97.569290
1115,9.291667,-0.011187,0.394232,0.013158,0.918849,-215.298386,92.110893,97.576698
1116,9.300000,-0.011576,0.394175,0.013845,0.918858,-215.312546,92.112885,97.584557
1117,9.308333,-0.011835,0.393928,0.014584,0.918949,-215.326660,92.109802,97.595657
1118,9.316667,-0.011729,0.393660,0.015277,0.919054,-215.337082,92.104492,97.601524
1119,9.325000,-0.011549,0.393413,0.015601,0.919157,-215.340897,92.100227,97.599449
1120,9.333333,-0.011146,0.393289,0.015262,0.919221,-215.333725,92.099281,97.588470
1121,9.341667,-0.010750,0.393304,0.014789,0.919227,-215.319092,92.099991,97.580429
1122,9.350000,-0.010629,0.393509,0.013594,0.919159,-215.299179,92.098511,97.571579
1123,9.358333,-0.010857,0.393534,0.013617,0.919145,-215.290192,92.106125,97.573822
1124,9.366667,-0.010888,0.393643,0.013227,0.919104,-215.282776,92.109459,97.574005
1125,9.375000,-0.011438,0.393577,0.013679,0.919119,-215.285416,92.113708,97.578651
1126,9.383333,-0.011856,0.393615,0.014138,0.919090,-215.294510,92.115189,97.583519
1127,9.391667,-0.011924,0.393653,0.014522,0.919067,-215.308884,92.116219,97.594101
1128,9.400000,-0.011837,0.393523,0.014982,0.919116,-215.320831,92.113365,97.604073
1129,9.408333,-0.011563,0.393015,0.015334,0.919331,-215.329575,92.107582,97.609932
1130,9.416667,-0.011234,0.392923,0.015604,0.919371,-215.330643,92.105194,97.602440
1131,9.425000,-0.010963,0.392932,0.015349,0.919374,-215.322998,92.103622,97.587883
1132,9.433333,-0.011241,0.393122,0.014716,0.919300,-215.313049,92.103615,97.575851
1133,9.441667,-0.011432,0.393298,0.014148,0.919231,-215.304749,92.104652,97.573120
1134,9.450000,-0.011539,0.393525,0.014196,0.919132,-215.301483,92.108826,97.580910
1135,9.458333,-0.011533,0.393616,0.014373,0.919091,-215.304214,92.112907,97.582504
1136,9.466667,-0.011700,0.393543,0.014632,0.919115,-215.309692,92.113647,97.583839
1137,9.475000,-0.011686,0.393312,0.014811,0.919211,-215.314194,92.108566,97.590973
1138,9.483333,-0.011487,0.393193,0.014945,0.919263,-215.317719,92.105904,97.596291
1139,9.491667,-0.011343,0.393155,0.015186,0.919277,-215.321686,92.105598,97.593758
1140,9.500000,-0.011415,0.393190,0.015173,0.919261,-215.320755,92.104607,97.588104
1141,9.508333,-0.011261,0.393219,0.014761,0.919258,-215.314011,92.102142,97.585114
1142,9.516667,-0.011377,0.393337,0.014557,0.919209,-215.310760,92.103958,97.578552
1143,9.525000,-0.011495,0.393410,0.014388,0.919179,-215.310501,92.105629,97.581505
1144,9.533333,-0.011352,0.393430,0.014501,0.919170,-215.312836,92.107292,97.585640
1145,9.541667,-0.011424,0.393451,0.014733,0.919156,-215.317795,92.106186,97.591743
1146,9.550000,-0.011452,0.393385,0.014939,0.919181,-215.321655,92.105988,97.592979
1147,9.558333,-0.011405,0.393252,0.014918,0.919239,-215.320633,92.104584,97.589127
1148,9.566667,-0.011524,0.393331,0.014853,0.919205,-215.317749,92.103264,97.583618
1149,9.575000,-0.011559,0.393363,0.014699,0.919193,-215.314346,92.103645,97.580345
1150,9.583333,-0.011588,0.393437,0.014511,0.919164,-215.312546,92.104668,97.580162
1151,9.591667,-0.011547,0.393450,0.014403,0.919161,-215.313538,92.104973,97.583496
1152,9.600000,-0.011369,0.393434,0.014485,0.919169,-215.315506,92.106262,97.586754
1153,9.608333,-0.011453,0.393417,0.014567,0.919173,-215.317490,92.104698,97.588989
1154,9.616667,-0.011406,0.393431,0.014847,0.919163,-215.319092,92.104324,97.588516
1155,9.625000,-0.011480,0.393299,0.014828,0.919219,-215.316681,92.103287,97.585999
1156,9.633333,-0.011356,0.393280,0.014757,0.919230,-215.314056,92.103752,97.583595
1157,9.641667,-0.011437,0.393267,0.014736,0.919235,-215.311523,92.105362,97.581848
1158,9.650000,-0.011513,0.393352,0.014655,0.919199,-215.308029,92.105659,97.581390
1159,9.658333,-0.011570,0.393365,0.014596,0.919194,-215.308548,92.106087,97.582367
1160,9.666667,-0.011637,0.393388,0.014624,0.919183,-215.311188,92.107574,97.585983
1161,9.675000,-0.011521,0.393290,0.014657,0.919226,-215.313766,92.107956,97.588470
1162,9.683333,-0.011426,0.393306,0.014854,0.919217,-215.317154,92.106850,97.590950
1163,9.691667,-0.011407,0.393344,0.015001,0.919198,-215.319901,92.106018,97.591820
1164,9.700000,-0.011308,0.393267,0.014965,0.919233,-215.320251,92.105042,97.590286
1165,9.708333,-0.011278,0.393265,0.014884,0.919235,-215.319733,92.104546,97.587982
1166,9.716667,-0.011235,0.393360,0.014634,0.919200,-215.318253,92.104004,97.585579
1167,9.725000,-0.011263,0.393431,0.014584,0.919169,-215.317505,92.103867,97.582886
1168,9.733333,-0.011303,0.393421,0.014445,0.919175,-215.315826,92.103027,97.582123
1169,9.741667,-0.011422,0.393481,0.014430,0.919149,-215.314651,92.103798,97.580322
1170,9.750000,-0.011673,0.393475,0.014419,0.919148,-215.314133,92.103668,97.580894
1171,9.758333,-0.011546,0.393458,0.014547,0.919155,-215.313904,92.104698,97.582123
1172,9.766667,-0.011464,0.393399,0.014680,0.919179,-215.313461,92.105347,97.583755
1173,9.775000,-0.011429,0.393308,0.014696,0.919218,-215.312881,92.105461,97.584656
1174,9.783333,-0.011269,0.393304,0.014780,0.919220,-215.312836,92.105904,97.584541
1175,9.791667,-0.011300,0.393370,0.014764,0.919192,-215.313553,92.105270,97.585670
1176,9.800000,-0.011241,0.393330,0.014691,0.919211,-215.313385,92.105553,97.584846
1177,9.808333,-0.011288,0.393355,0.014589,0.919201,-215.312927,92.104897,97.583755
1178,9.816667,-0.011483,0.393380,0.014573,0.919189,-215.313721,92.104179,97.583290
1179,9.825000,-0.011647,0.393437,0.014554,0.919163,-215.313858,92.103577,97.582100
1180,9.833333,-0.011537,0.393425,0.014439,0.919171,-215.313980,92.103806,97.582085
1181,9.841667,-0.011566,0.393419,0.014491,0.919172,-215.314575,92.103699,97.582909
1182,9.850000,-0.011455,0.393423,0.014517,0.919171,-215.315674,92.103645,97.583786
1183,9.858333,-0.011345,0.393401,0.014638,0.919180,-215.317200,92.105797,97.584396
1184,9.866667,-0.011467,0.393367,0.014668,0.919193,-215.317673,92.104507,97.585457
1185,9.875000,-0.011437,0.393362,0.014646,0.919196,-215.318588,92.105507,97.586456
1186,9.883333,-0.011316,0.393388,0.014726,0.919185,-215.319199,92.104622,97.587929
1187,9.891667,-0.011218,0.393355,0.014760,0.919200,-215.319748,92.104668,97.587929
1188,9.900000,-0.011285,0.393337,0.014721,0.919207,-215.319061,92.104034,97.586731
1189,9.908333,-0.011287,0.393338,0.014723,0.919207,-215.317780,92.103867,97.585770
1190,9.916667,-0.011315,0.393300,0.014765,0.919222,-215.316559,92.104431,97.584961
1191,9.925000,-0.011295,0.393354,0.014814,0.919198,-215.314743,92.105530,97.583611
1192,9.933333,-0.011289,0.393365,0.014709,0.919196,-215.312241,92.105240,97.583061
