Format Version,1.25,Take Name,Take 2025-11-27 05.19.00 PM,Take Notes,,Capture Frame Rate,120.000000,Export Frame Rate,120.000000,Capture Start Time,2025-11-27 05.19.00.791 PM,Capture Start Frame,104958,Total Frames in Take,1113,Total Exported Frames,1113,Rotation Type,Quaternion,Length Units,Centimeters,Coordinate Space,Global

,Type,Rigid Body,Rigid Body,Rigid Body,Rigid Body,Rigid Body,Rigid Body,Rigid Body
,Name,SEE_large,SEE_large,SEE_large,SEE_large,SEE_large,SEE_large,SEE_large
,ID,B4680608301811F031C44B617C10C291,B4680608301811F031C44B617C10C291,B4680608301811F031C44B617C10C291,B4680608301811F031C44B617C10C291,B4680608301811F031C44B617C10C291,B4680608301811F031C44B617C10C291,B4680608301811F031C44B617C10C291
,Parent,,,,,,,
,,Rotation,Rotation,Rotation,Rotation,Position,Position,Position
Frame,Time (Seconds),X,Y,Z,W,X,Y,Z
0,0.000000,0.008315,0.931471,0.022252,0.363040,-214.999420,92.193192,84.302017
1,0.008333,0.008243,0.931461,0.022329,0.363061,-214.998199,92.191063,84.301910
2,0.016667,0.008378,0.931448,0.022155,0.363102,-214.999084,92.193222,84.300446
3,0.025000,0.007094,0.931318,0.022103,0.363467,-215.007278,92.205345,84.306587
4,0.033333,0.008122,0.931398,0.022255,0.363231,-215.003281,92.194298,84.303375
5,0.041667,0.008525,0.931453,0.022342,0.363075,-215.003876,92.189911,84.300331
6,0.050000,0.008807,0.931458,0.022312,0.363058,-215.005463,92.188393,84.298676
7,0.058333,0.008724,0.931484,0.022384,0.362988,-215.006378,92.187805,84.298721
8,0.066667,0.008736,0.931486,0.022265,0.362989,-215.005997,92.187576,84.298477
9,0.075000,0.007495,0.931338,0.022273,0.363398,-215.012711,92.200073,84.306923
10,0.083333,0.008662,0.931451,0.022407,0.363072,-215.008881,92.188805,84.300537
11,0.091667,0.009001,0.931531,0.022484,0.362856,-215.009644,92.185005,84.296906
12,0.100000,0.009251,0.931513,0.022427,0.362897,-215.010925,92.183655,84.297531
13,0.108333,0.007800,0.931337,0.022374,0.363387,-215.017410,92.195564,84.306046
14,0.116667,0.008964,0.931461,0.022314,0.363045,-215.012741,92.185745,84.299011
15,0.125000,0.009214,0.931518,0.022420,0.362886,-215.011566,92.182770,84.296677
16,0.133333,0.009248,0.931517,0.022407,0.362888,-215.010910,92.182259,84.295639
17,0.141667,0.009043,0.931531,0.022390,0.362860,-215.010376,92.184769,84.299072
18,0.150000,0.008955,0.931498,0.022420,0.362944,-215.008514,92.185997,84.300163
19,0.158333,0.008831,0.931467,0.022352,0.363032,-215.008041,92.188957,84.301888
20,0.166667,0.008668,0.931480,0.022313,0.363005,-215.006073,92.190277,84.305618
21,0.175000,0.008513,0.931466,0.022265,0.363048,-215.003845,92.191650,84.306503
22,0.183333,0.008364,0.931449,0.022289,0.363091,-215.003555,92.192940,84.307663
23,0.191667,0.008274,0.931455,0.022211,0.363084,-215.003036,92.193741,84.308350
24,0.200000,0.008211,0.931462,0.022225,0.363067,-215.003510,92.194252,84.309235
25,0.208333,0.008305,0.931462,0.022291,0.363059,-215.003448,92.193420,84.309181
26,0.216667,0.008382,0.931477,0.022252,0.363022,-215.004700,92.193245,84.309181
27,0.225000,0.008421,0.931463,0.022299,0.363055,-215.005310,92.192558,84.309235
28,0.233333,0.008392,0.931452,0.022218,0.363089,-215.006165,92.192497,84.309097
29,0.241667,0.008424,0.931450,0.022268,0.363089,-215.007065,92.191620,84.309433
30,0.250000,0.008472,0.931456,0.022232,0.363077,-215.006927,92.191322,84.309082
31,0.258333,0.008435,0.931467,0.022317,0.363042,-215.006729,92.190414,84.308731
32,0.266667,0.008549,0.931481,0.022315,0.363004,-215.006760,92.190994,84.309380
33,0.275000,0.008631,0.931477,0.022290,0.363015,-215.006836,92.191116,84.308228
34,0.283333,0.008632,0.931466,0.022388,0.363036,-215.006226,92.190346,84.308937
35,0.291667,0.008681,0.931448,0.022136,0.363096,-215.005539,92.190170,84.308517
36,0.300000,0.008597,0.931466,0.022321,0.363042,-215.005844,92.191353,84.309074
37,0.308333,0.008555,0.931468,0.022348,0.363035,-215.006256,92.191353,84.309807
38,0.316667,0.008431,0.931473,0.022401,0.363023,-215.005417,92.191353,84.309540
39,0.325000,0.008393,0.931474,0.022431,0.363019,-215.005783,92.191902,84.309265
40,0.333333,0.008418,0.931466,0.022331,0.363046,-215.004974,92.191811,84.309402
41,0.341667,0.008517,0.931483,0.022277,0.363001,-215.005280,92.192863,84.310303
42,0.350000,0.008458,0.931474,0.022230,0.363030,-215.005234,92.193527,84.310257
43,0.358333,0.008435,0.931466,0.022241,0.363050,-215.004181,92.191864,84.310089
44,0.366667,0.008432,0.931479,0.022298,0.363013,-215.005569,92.192772,84.310036
45,0.375000,0.008420,0.931485,0.022364,0.362994,-215.005493,92.192299,84.309448
46,0.383333,0.008372,0.931484,0.022314,0.363001,-215.004684,92.190872,84.310715
47,0.391667,0.008541,0.931447,0.022317,0.363093,-215.004639,92.192635,84.309357
48,0.400000,0.008359,0.931454,0.022295,0.363080,-215.004089,92.193291,84.308495
49,0.408333,0.008338,0.931484,0.022273,0.363005,-215.003174,92.192184,84.309273
50,0.416667,0.008287,0.931495,0.022264,0.362978,-215.002182,92.192596,84.307793
51,0.425000,0.008511,0.931476,0.022313,0.363018,-215.002136,92.193779,84.308067
52,0.433333,0.008564,0.931453,0.022306,0.363076,-215.001587,92.192390,84.309120
53,0.441667,0.008382,0.931460,0.022275,0.363064,-215.000870,92.192299,84.307617
54,0.450000,0.008462,0.931462,0.022246,0.363058,-215.001770,92.193558,84.307793
55,0.458333,0.008318,0.931458,0.022329,0.363069,-215.001175,92.192230,84.307587
56,0.466667,0.008419,0.931461,0.022308,0.363059,-215.002487,92.193756,84.308098
57,0.475000,0.008500,0.931434,0.022320,0.363126,-215.001419,92.193207,84.305611
58,0.483333,0.008488,0.931443,0.022351,0.363100,-215.001160,92.192612,84.306313
59,0.491667,0.008461,0.931467,0.022375,0.363039,-215.001373,92.191925,84.307968
60,0.500000,0.008560,0.931472,0.022265,0.363030,-215.002136,92.192101,84.307610
61,0.508333,0.008545,0.931469,0.022346,0.363033,-215.002747,92.192139,84.307037
62,0.516667,0.008482,0.931482,0.022311,0.363004,-215.002777,92.192261,84.305664
63,0.525000,0.008374,0.931501,0.022440,0.362951,-215.002106,92.191414,84.306671
64,0.533333,0.008536,0.931477,0.022276,0.363016,-215.002472,92.192635,84.305206
65,0.541667,0.007211,0.931336,0.022211,0.363411,-215.008286,92.203423,84.310303
66,0.550000,0.008444,0.931464,0.022421,0.363044,-215.004089,92.190994,84.306473
67,0.558333,0.008878,0.931490,0.022301,0.362974,-215.005569,92.188400,84.299904
68,0.566667,0.009101,0.931489,0.022280,0.362972,-215.006836,92.185600,84.299538
69,0.575000,0.008921,0.931479,0.022345,0.362998,-215.006851,92.185295,84.297722
70,0.583333,0.009014,0.931479,0.022354,0.362995,-215.006546,92.185890,84.297134
71,0.591667,0.008936,0.931471,0.022301,0.363023,-215.005844,92.187370,84.298882
72,0.600000,0.008798,0.931446,0.022301,0.363089,-215.003235,92.188354,84.299637
73,0.608333,0.008613,0.931458,0.022303,0.363062,-215.001587,92.189575,84.301636
74,0.616667,0.008509,0.931429,0.022270,0.363142,-214.999344,92.190834,84.301514
75,0.625000,0.008316,0.931449,0.022278,0.363093,-214.999435,92.192467,84.303276
76,0.633333,0.008403,0.931444,0.022360,0.363100,-214.998276,92.193611,84.304276
77,0.641667,0.008257,0.931451,0.022380,0.363085,-214.998917,92.192841,84.304047
78,0.650000,0.008182,0.931474,0.022428,0.363023,-215.000015,92.193077,84.304085
79,0.658333,0.008236,0.931484,0.022351,0.363001,-215.000153,92.192993,84.304016
80,0.666667,0.008385,0.931457,0.022327,0.363070,-215.001770,92.193184,84.303223
81,0.675000,0.008222,0.931448,0.022308,0.363097,-215.003159,92.192039,84.302513
82,0.683333,0.008381,0.931444,0.022314,0.363104,-215.003342,92.192490,84.300186
83,0.691667,0.008376,0.931475,0.022308,0.363024,-215.003937,92.191986,84.300461
84,0.700000,0.008482,0.931459,0.022263,0.363066,-215.003922,92.190575,84.300423
85,0.708333,0.008486,0.931451,0.022275,0.363085,-215.004822,92.191513,84.300529
86,0.716667,0.008317,0.931453,0.022375,0.363077,-215.005020,92.191696,84.298882
87,0.725000,0.008407,0.931466,0.022257,0.363050,-215.005630,92.191757,84.298615
88,0.733333,0.008382,0.931435,0.022286,0.363127,-215.005676,92.191612,84.299294
89,0.741667,0.008415,0.931448,0.022345,0.363091,-215.004471,92.190857,84.299347
90,0.750000,0.008609,0.931421,0.022389,0.363153,-215.003204,92.185997,84.301361
91,0.758333,0.008574,0.931423,0.022433,0.363144,-215.003799,92.185280,84.300194
92,0.766667,0.008357,0.931460,0.022270,0.363065,-215.006470,92.187485,84.297585
93,0.775000,0.008465,0.931482,0.022225,0.363009,-215.008026,92.192390,84.298500
94,0.783333,0.008461,0.931482,0.022232,0.363010,-215.007858,92.194916,84.299721
95,0.791667,0.008438,0.931494,0.022269,0.362977,-215.010193,92.195145,84.302505
96,0.800000,0.008357,0.931487,0.022496,0.362983,-215.009613,92.191338,84.303856
97,0.808333,0.008363,0.931473,0.022332,0.363028,-215.011810,92.190346,84.301361
98,0.816667,0.008295,0.931482,0.022334,0.363008,-215.013168,92.188568,84.300377
99,0.825000,0.008422,0.931473,0.022275,0.363030,-215.015244,92.190727,84.299728
100,0.833333,0.008434,0.931472,0.022394,0.363026,-215.016220,92.191856,84.301567
101,0.841667,0.007217,0.931354,0.022291,0.363360,-215.023117,92.203506,84.308495
102,0.850000,0.008593,0.931408,0.022405,0.363184,-215.019318,92.187675,84.304459
103,0.858333,0.008820,0.931467,0.022465,0.363023,-215.021759,92.181503,84.301208
104,0.866667,0.008751,0.931507,0.022508,0.362920,-215.022156,92.179703,84.298096
105,0.875000,0.008925,0.931528,0.022367,0.362871,-215.022018,92.181602,84.298309
106,0.883333,0.009002,0.931538,0.022279,0.362850,-215.021423,92.184059,84.299271
107,0.891667,0.009050,0.931504,0.022458,0.362925,-215.020721,92.184608,84.305191
108,0.900000,0.008644,0.931496,0.022483,0.362954,-215.019348,92.183342,84.308105
109,0.908333,0.008797,0.931441,0.022400,0.363096,-215.018005,92.183670,84.308334
110,0.916667,0.008544,0.931458,0.022447,0.363055,-215.016342,92.185661,84.307961
111,0.925000,0.008543,0.931484,0.022368,0.362995,-215.013580,92.185463,84.309265
112,0.933333,0.008666,0.931477,0.022376,0.363008,-215.013702,92.188179,84.309731
113,0.941667,0.008554,0.931491,0.022375,0.362974,-215.015274,92.187248,84.312332
114,0.950000,0.008488,0.931454,0.022305,0.363074,-215.016815,92.187195,84.312042
115,0.958333,0.008409,0.931457,0.022489,0.363057,-215.017197,92.185623,84.310760
116,0.966667,0.008528,0.931460,0.022382,0.363055,-215.016556,92.184029,84.308205
117,0.975000,0.008674,0.931452,0.022322,0.363075,-215.016983,92.182564,84.306877
118,0.983333,0.008604,0.931484,0.022371,0.362993,-215.018890,92.182068,84.307365
119,0.991667,0.008829,0.931465,0.022578,0.363021,-215.020157,92.180214,84.308823
120,1.000000,0.008767,0.931473,0.022396,0.363016,-215.020844,92.180458,84.308365
121,1.008333,0.008998,0.931465,0.022438,0.363027,-215.018845,92.177849,84.307304
122,1.016667,0.008885,0.931474,0.022342,0.363013,-215.017731,92.176079,84.308098
123,1.025000,0.008889,0.931490,0.022435,0.362965,-215.016937,92.175255,84.308174
124,1.033333,0.008855,0.931488,0.022493,0.362968,-215.019104,92.177185,84.310684
125,1.041667,0.008844,0.931492,0.022631,0.362950,-215.019531,92.176476,84.312950
126,1.050000,0.008936,0.931472,0.022470,0.363010,-215.018921,92.176567,84.313408
127,1.058333,0.008888,0.931477,0.022346,0.363005,-215.018494,92.176811,84.313530
128,1.066667,0.008827,0.931479,0.022460,0.362994,-215.018127,92.174873,84.313980
129,1.075000,0.008890,0.931490,0.022531,0.362960,-215.019226,92.175621,84.314346
130,1.083333,0.008917,0.931475,0.022625,0.362993,-215.019638,92.174858,84.315224
131,1.091667,0.008924,0.931502,0.022556,0.362927,-215.018753,92.174896,84.314217
132,1.100000,0.008748,0.931517,0.022502,0.362897,-215.019058,92.174248,84.314415
133,1.108333,0.008886,0.931471,0.022420,0.363017,-215.019089,92.174225,84.312469
134,1.116667,0.009067,0.931462,0.022355,0.363039,-215.019272,92.175636,84.310570
135,1.125000,0.008869,0.931483,0.022504,0.362980,-215.018600,92.174355,84.309837
136,1.133333,0.008749,0.931488,0.022389,0.362977,-215.017624,92.174568,84.308739
137,1.141667,0.008782,0.931480,0.022361,0.362999,-215.016464,92.174904,84.308830
138,1.150000,0.008844,0.931462,0.022342,0.363045,-215.015167,92.175446,84.308144
139,1.158333,0.008788,0.931463,0.022456,0.363035,-215.014069,92.175743,84.309303
140,1.166667,0.008799,0.931471,0.022382,0.363020,-215.012177,92.175140,84.310440
141,1.175000,0.008672,0.931457,0.022390,0.363059,-215.011093,92.174301,84.312126
142,1.183333,0.008729,0.931450,0.022435,0.363071,-215.010910,92.173752,84.312523
143,1.191667,0.008653,0.931466,0.022343,0.363037,-215.011307,92.173965,84.313553
144,1.200000,0.008675,0.931464,0.022478,0.363036,-215.013000,92.174568,84.315269
145,1.208333,0.008771,0.931467,0.022450,0.363027,-215.014435,92.173615,84.315872
146,1.216667,0.009039,0.931446,0.022444,0.363074,-215.017670,92.173553,84.317169
147,1.225000,0.008752,0.931473,0.022607,0.363002,-215.020370,92.172325,84.317902
148,1.233333,0.008883,0.931493,0.022549,0.362952,-215.022629,92.170540,84.319664
149,1.241667,0.008871,0.931455,0.022570,0.363048,-215.024750,92.170135,84.318413
150,1.250000,0.008986,0.931456,0.022549,0.363044,-215.025284,92.167915,84.318359
151,1.258333,0.008986,0.931462,0.022541,0.363028,-215.027405,92.167763,84.317635
152,1.266667,0.009072,0.931471,0.022555,0.363003,-215.028687,92.166298,84.316910
153,1.275000,0.009150,0.931441,0.022490,0.363082,-215.029068,92.165382,84.314804
154,1.283333,0.009177,0.931470,0.022637,0.362996,-215.029175,92.164932,84.315102
155,1.291667,0.009054,0.931470,0.022679,0.362998,-215.027313,92.164810,84.313515
156,1.300000,0.009091,0.931458,0.022610,0.363033,-215.025284,92.165207,84.313255
157,1.308333,0.009009,0.931468,0.022480,0.363016,-215.023224,92.165825,84.311607
158,1.316667,0.008973,0.931437,0.022552,0.363091,-215.021255,92.166176,84.311119
159,1.325000,0.008975,0.931445,0.022542,0.363073,-215.020325,92.167343,84.311119
160,1.333333,0.009067,0.931437,0.022583,0.363088,-215.018326,92.166397,84.310951
161,1.341667,0.009066,0.931454,0.022492,0.363050,-215.017410,92.166611,84.311180
162,1.350000,0.009052,0.931460,0.022436,0.363039,-215.016678,92.166153,84.310722
163,1.358333,0.008943,0.931450,0.022474,0.363065,-215.016724,92.165428,84.311729
164,1.366667,0.008884,0.931468,0.022473,0.363020,-215.018204,92.167076,84.311852
165,1.375000,0.008938,0.931459,0.022529,0.363039,-215.019180,92.166191,84.312889
166,1.383333,0.008900,0.931466,0.022483,0.363025,-215.019943,92.165939,84.314926
167,1.391667,0.009145,0.931439,0.022456,0.363089,-215.021133,92.165161,84.314278
168,1.400000,0.009134,0.931444,0.022607,0.363066,-215.023041,92.165199,84.315483
169,1.408333,0.009074,0.931454,0.022585,0.363043,-215.023468,92.164215,84.315018
170,1.416667,0.009168,0.931474,0.022612,0.362989,-215.024490,92.165298,84.314339
171,1.425000,0.009172,0.931465,0.022639,0.363009,-215.023834,92.164055,84.314445
172,1.433333,0.009041,0.931452,0.022612,0.363048,-215.022186,92.163826,84.312965
173,1.441667,0.009132,0.931482,0.022589,0.362971,-215.021332,92.163208,84.314346
174,1.450000,0.009316,0.931437,0.022485,0.363088,-215.020584,92.164352,84.312080
175,1.458333,0.009196,0.931451,0.022624,0.363045,-215.019012,92.163963,84.311287
176,1.466667,0.009090,0.931464,0.022650,0.363013,-215.017609,92.163368,84.311897
177,1.475000,0.009037,0.931475,0.022568,0.362993,-215.015533,92.164055,84.310257
178,1.483333,0.009077,0.931444,0.022564,0.363071,-215.014130,92.164055,84.310539
179,1.491667,0.009201,0.931436,0.022553,0.363088,-215.012009,92.164436,84.310196
180,1.500000,0.009156,0.931445,0.022456,0.363073,-215.012238,92.166016,84.310661
181,1.508333,0.009121,0.931434,0.022529,0.363097,-215.011566,92.164009,84.311226
182,1.516667,0.008917,0.931460,0.022495,0.363038,-215.013168,92.165276,84.310699
183,1.525000,0.009091,0.931448,0.022475,0.363066,-215.014297,92.166206,84.310616
184,1.533333,0.009119,0.931414,0.022429,0.363156,-215.014191,92.164421,84.309837
185,1.541667,0.009120,0.931432,0.022523,0.363104,-215.014999,92.163933,84.311279
186,1.550000,0.009188,0.931426,0.022641,0.363108,-215.015823,92.163048,84.310989
187,1.558333,0.009150,0.931438,0.022525,0.363086,-215.015869,92.164024,84.309998
188,1.566667,0.009034,0.931467,0.022538,0.363015,-215.015060,92.163483,84.311966
189,1.575000,0.009225,0.931429,0.022525,0.363109,-215.014908,92.164406,84.309624
190,1.583333,0.009075,0.931494,0.022605,0.362939,-215.014191,92.162720,84.311577
191,1.591667,0.009224,0.931456,0.022489,0.363042,-215.014130,92.163124,84.310417
192,1.600000,0.009116,0.931470,0.022527,0.363005,-215.013885,92.163536,84.309601
193,1.608333,0.009120,0.931479,0.022482,0.362986,-215.012878,92.164528,84.309998
194,1.616667,0.009055,0.931438,0.022461,0.363093,-215.010071,92.164078,84.307770
195,1.625000,0.009052,0.931464,0.022509,0.363025,-215.008331,92.163818,84.308846
196,1.633333,0.009078,0.931435,0.022468,0.363099,-215.007812,92.165596,84.306519
197,1.641667,0.009104,0.931432,0.022387,0.363112,-215.008591,92.164986,84.307053
198,1.650000,0.008858,0.931437,0.022348,0.363108,-215.009125,92.164192,84.308022
199,1.658333,0.008906,0.931439,0.022326,0.363104,-215.010422,92.165520,84.307983
200,1.666667,0.008926,0.931441,0.022537,0.363084,-215.011215,92.166313,84.308716
201,1.675000,0.008746,0.931462,0.022501,0.363037,-215.012665,92.166191,84.308380
202,1.683333,0.008725,0.931461,0.022563,0.363035,-215.017776,92.166916,84.309349
203,1.691667,0.008502,0.931408,0.022629,0.363174,-215.029175,92.167740,84.308395
204,1.700000,0.008224,0.931353,0.022584,0.363323,-215.045410,92.167816,84.309746
205,1.708333,0.007739,0.931295,0.022985,0.363458,-215.062286,92.165955,84.309723
206,1.716667,0.007495,0.931270,0.023222,0.363512,-215.074966,92.162422,84.310432
207,1.725000,0.007244,0.931250,0.023395,0.363558,-215.087860,92.161041,84.310440
208,1.733333,0.005645,0.931030,0.023482,0.364142,-215.103989,92.176544,84.323486
209,1.741667,0.004958,0.930991,0.023565,0.364247,-215.112946,92.180046,84.326637
210,1.750000,0.004546,0.930962,0.023553,0.364326,-215.117950,92.182007,84.329422
211,1.758333,0.004130,0.930954,0.023768,0.364339,-215.123123,92.182060,84.330872
212,1.766667,0.004689,0.931167,0.023861,0.363781,-215.123199,92.175629,84.322586
213,1.775000,0.005043,0.931286,0.024106,0.363455,-215.130066,92.170799,84.317116
214,1.783333,0.005025,0.931356,0.024125,0.363274,-215.139343,92.169403,84.317276
215,1.791667,0.004774,0.931408,0.024393,0.363126,-215.147812,92.167839,84.318748
216,1.800000,0.004659,0.931430,0.024634,0.363056,-215.156036,92.168282,84.320824
217,1.808333,0.004105,0.931518,0.024799,0.362824,-215.167740,92.169662,84.326271
218,1.816667,0.003909,0.931480,0.024770,0.362927,-215.177444,92.170013,84.329102
219,1.825000,0.003471,0.931496,0.024918,0.362882,-215.187576,92.169556,84.331360
220,1.833333,0.003210,0.931446,0.024469,0.363041,-215.195969,92.165771,84.341362
221,1.841667,0.002833,0.931313,0.023860,0.363428,-215.200302,92.163918,84.345238
222,1.850000,0.002607,0.931244,0.023437,0.363633,-215.206284,92.162201,84.349182
223,1.858333,0.002490,0.931184,0.023227,0.363800,-215.214462,92.163399,84.350471
224,1.866667,0.002070,0.931238,0.023416,0.363653,-215.224365,92.164421,84.352516
225,1.875000,0.001943,0.931267,0.023552,0.363570,-215.235718,92.166481,84.352943
226,1.883333,0.001807,0.931299,0.023808,0.363472,-215.246536,92.165932,84.353218
227,1.891667,0.001425,0.931372,0.023982,0.363275,-215.259079,92.165756,84.355186
228,1.900000,0.001255,0.931374,0.024181,0.363257,-215.268845,92.164955,84.356186
229,1.908333,0.001239,0.931249,0.024196,0.363576,-215.282913,92.167351,84.360527
230,1.916667,0.000996,0.931182,0.024218,0.363747,-215.294006,92.168602,84.362923
231,1.925000,0.000925,0.931185,0.024440,0.363724,-215.304321,92.168640,84.364799
232,1.933333,0.000421,0.931181,0.024727,0.363718,-215.314789,92.169609,84.366196
233,1.941667,0.000204,0.931162,0.024966,0.363749,-215.325333,92.168671,84.367966
234,1.950000,0.000021,0.931164,0.025117,0.363735,-215.335205,92.170692,84.370796
235,1.958333,-0.000231,0.931145,0.025239,0.363774,-215.343399,92.172829,84.372269
236,1.966667,-0.000869,0.931096,0.025337,0.363892,-215.352936,92.177071,84.377304
237,1.975000,-0.001409,0.931029,0.025308,0.364064,-215.359329,92.180298,84.379044
238,1.983333,-0.002410,0.931027,0.024897,0.364093,-215.369537,92.190239,84.374107
239,1.991667,-0.002637,0.931040,0.024932,0.364055,-215.378876,92.190781,84.375023
240,2.000000,-0.002900,0.931011,0.025154,0.364111,-215.388443,92.190475,84.375252
241,2.008333,-0.003255,0.930962,0.025290,0.364225,-215.401596,92.191116,84.376961
242,2.016667,-0.003621,0.930920,0.025749,0.364296,-215.414734,92.191246,84.378998
243,2.025000,-0.003975,0.930852,0.025884,0.364458,-215.429428,92.193230,84.379944
244,2.033333,-0.005356,0.930972,0.026708,0.364074,-215.440109,92.187012,84.387688
245,2.041667,-0.005765,0.930951,0.026853,0.364109,-215.451767,92.187904,84.389725
246,2.050000,-0.006141,0.930901,0.026966,0.364223,-215.463394,92.188194,84.391312
247,2.058333,-0.006425,0.930828,0.027153,0.364390,-215.474442,92.190666,84.391426
248,2.066667,-0.006568,0.930714,0.027388,0.364663,-215.485596,92.188522,84.395752
249,2.075000,-0.005382,0.930799,0.026366,0.364540,-215.500183,92.198921,84.395607
250,2.083333,-0.007056,0.930517,0.027090,0.365176,-215.511871,92.194611,84.394760
251,2.091667,-0.007815,0.930447,0.027410,0.365316,-215.523605,92.192108,84.396782
252,2.100000,-0.006443,0.930528,0.026600,0.365197,-215.538757,92.202255,84.398720
253,2.108333,-0.006270,0.930707,0.028386,0.364609,-215.558151,92.212608,84.398270
254,2.116667,-0.006581,0.930861,0.029155,0.364150,-215.573792,92.213943,84.394714
255,2.125000,-0.006644,0.930944,0.029289,0.363925,-215.586853,92.213600,84.393074
256,2.133333,-0.006914,0.930986,0.029277,0.363814,-215.598419,92.213478,84.392487
257,2.141667,-0.007082,0.930987,0.029081,0.363823,-215.606476,92.212280,84.392815
258,2.150000,-0.007201,0.931000,0.029247,0.363775,-215.608643,92.209412,84.392014
259,2.158333,-0.007037,0.931005,0.029312,0.363759,-215.609390,92.211014,84.389877
260,2.166667,-0.006948,0.931005,0.029335,0.363759,-215.605545,92.210129,84.388557
261,2.175000,-0.006731,0.930990,0.029426,0.363794,-215.601013,92.210648,84.390480
262,2.183333,-0.006852,0.931005,0.029309,0.363762,-215.598221,92.211327,84.392036
263,2.191667,-0.006852,0.931028,0.029272,0.363707,-215.597946,92.211945,84.394165
264,2.200000,-0.006978,0.931028,0.029232,0.363708,-215.601425,92.213425,84.394653
265,2.208333,-0.007098,0.931022,0.029253,0.363719,-215.603760,92.213531,84.394386
266,2.216667,-0.007014,0.931046,0.029289,0.363657,-215.606094,92.212852,84.394531
267,2.225000,-0.007072,0.931016,0.029310,0.363731,-215.605896,92.212677,84.391716
268,2.233333,-0.006936,0.931054,0.029368,0.363632,-215.604752,92.209625,84.394524
269,2.241667,-0.006846,0.931018,0.029214,0.363737,-215.603302,92.210777,84.392296
270,2.250000,-0.006819,0.931055,0.029261,0.363639,-215.603516,92.209969,84.393921
271,2.258333,-0.006912,0.931049,0.029127,0.363663,-215.606995,92.211380,84.395538
272,2.266667,-0.007195,0.931064,0.029337,0.363602,-215.608139,92.210861,84.396774
273,2.275000,-0.007067,0.931084,0.029201,0.363567,-215.611267,92.211220,84.396675
274,2.283333,-0.007138,0.931101,0.029084,0.363530,-215.614182,92.211006,84.395805
275,2.291667,-0.007252,0.931137,0.029134,0.363432,-215.617584,92.211136,84.395554
276,2.300000,-0.007258,0.931130,0.029329,0.363433,-215.621307,92.210373,84.395729
277,2.308333,-0.007288,0.931162,0.029254,0.363357,-215.623779,92.211128,84.393867
278,2.316667,-0.007238,0.931186,0.029209,0.363299,-215.625626,92.209999,84.395340
279,2.325000,-0.007441,0.931224,0.029164,0.363203,-215.628082,92.208267,84.394913
280,2.333333,-0.007274,0.931210,0.029110,0.363246,-215.630249,92.210701,84.393387
281,2.341667,-0.007506,0.931207,0.029181,0.363244,-215.630722,92.209915,84.393166
282,2.350000,-0.007457,0.931238,0.029090,0.363172,-215.630203,92.209503,84.387337
283,2.358333,-0.007291,0.931304,0.029055,0.363010,-215.633041,92.209564,84.391129
284,2.366667,-0.007352,0.931298,0.029186,0.363012,-215.632294,92.208923,84.392014
285,2.375000,-0.007407,0.931265,0.029238,0.363091,-215.632202,92.209702,84.393921
286,2.383333,-0.007392,0.931232,0.029234,0.363178,-215.632599,92.210541,84.393959
287,2.391667,-0.007408,0.931246,0.029105,0.363152,-215.632462,92.209312,84.387764
288,2.400000,-0.007593,0.931351,0.028779,0.362905,-215.633636,92.206413,84.386269
289,2.408333,-0.007640,0.931398,0.028650,0.362792,-215.634628,92.204010,84.384521
290,2.416667,-0.007411,0.931374,0.028507,0.362870,-215.635712,92.204956,84.385803
291,2.425000,-0.007490,0.931380,0.028738,0.362835,-215.635681,92.205276,84.386490
292,2.433333,-0.007470,0.931353,0.028782,0.362902,-215.635223,92.205772,84.385818
293,2.441667,-0.007346,0.931338,0.029146,0.362912,-215.636856,92.208420,84.391449
294,2.450000,-0.007468,0.931258,0.029313,0.363104,-215.634277,92.207520,84.393623
295,2.458333,-0.007293,0.931229,0.029048,0.363203,-215.631912,92.206993,84.389603
296,2.466667,-0.007468,0.931302,0.029184,0.363001,-215.632980,92.207077,84.393387
297,2.475000,-0.007425,0.931284,0.029045,0.363057,-215.633057,92.208221,84.394646
298,2.483333,-0.007516,0.931265,0.028913,0.363115,-215.631439,92.208199,84.388824
299,2.491667,-0.007467,0.931318,0.029195,0.362960,-215.633896,92.207115,84.391800
300,2.500000,-0.007490,0.931319,0.029140,0.362960,-215.634064,92.208221,84.388336
301,2.508333,-0.007558,0.931359,0.028840,0.362880,-215.634491,92.205070,84.386086
302,2.516667,-0.007466,0.931355,0.028576,0.362913,-215.635590,92.203995,84.384964
303,2.525000,-0.007367,0.931352,0.028992,0.362889,-215.637619,92.206207,84.390610
304,2.533333,-0.007423,0.931296,0.029183,0.363017,-215.636902,92.208565,84.392380
305,2.541667,-0.007535,0.931262,0.029072,0.363111,-215.634323,92.206810,84.390068
306,2.550000,-0.007595,0.931322,0.028797,0.362978,-215.633560,92.204102,84.387985
307,2.558333,-0.007410,0.931368,0.029049,0.362843,-215.635849,92.205643,84.393517
308,2.566667,-0.007482,0.931310,0.029184,0.362979,-215.634491,92.206985,84.395042
309,2.575000,-0.007463,0.931268,0.029074,0.363096,-215.632675,92.207581,84.391212
310,2.583333,-0.007475,0.931322,0.029181,0.362949,-215.634781,92.208763,84.395607
311,2.591667,-0.007500,0.931258,0.029196,0.363111,-215.633682,92.208771,84.395454
312,2.600000,-0.007536,0.931296,0.028966,0.363032,-215.631836,92.208031,84.391418
313,2.608333,-0.007461,0.931315,0.028514,0.363021,-215.633087,92.207031,84.386757
314,2.616667,-0.007507,0.931359,0.028981,0.362870,-215.635544,92.207787,84.392143
315,2.625000,-0.007393,0.931289,0.029171,0.363037,-215.635178,92.210281,84.393234
316,2.633333,-0.007433,0.931259,0.029309,0.363101,-215.632874,92.208992,84.393707
317,2.641667,-0.007505,0.931245,0.029111,0.363151,-215.631683,92.209152,84.387520
318,2.650000,-0.007383,0.931332,0.029186,0.362925,-215.632507,92.208061,84.390068
319,2.658333,-0.007568,0.931336,0.029226,0.362908,-215.631561,92.208740,84.390793
320,2.666667,-0.007494,0.931300,0.029028,0.363016,-215.630646,92.208748,84.385513
321,2.675000,-0.007506,0.931333,0.029177,0.362920,-215.633102,92.209358,84.387932
322,2.683333,-0.007309,0.931271,0.029155,0.363084,-215.633148,92.211243,84.388931
323,2.691667,-0.007462,0.931261,0.029171,0.363107,-215.632126,92.210022,84.389320
324,2.700000,-0.007386,0.931234,0.029112,0.363182,-215.632751,92.211052,84.389687
325,2.708333,-0.007314,0.931236,0.029072,0.363181,-215.632660,92.210678,84.390182
326,2.716667,-0.007394,0.931263,0.029026,0.363115,-215.632507,92.210075,84.384712
327,2.725000,-0.007436,0.931340,0.029206,0.362901,-215.636063,92.209976,84.389404
328,2.733333,-0.007458,0.931322,0.029127,0.362953,-215.634277,92.210075,84.384804
329,2.741667,-0.007401,0.931337,0.029163,0.362912,-215.635635,92.210457,84.388695
330,2.750000,-0.007452,0.931279,0.029117,0.363065,-215.634338,92.210335,84.391006
331,2.758333,-0.007490,0.931273,0.029058,0.363083,-215.631195,92.208008,84.387032
332,2.766667,-0.007504,0.931337,0.028528,0.362962,-215.633148,92.208748,84.383804
333,2.775000,-0.007571,0.931344,0.028422,0.362949,-215.633987,92.206810,84.381310
334,2.783333,-0.007663,0.931373,0.028519,0.362866,-215.634872,92.207001,84.380615
335,2.791667,-0.007524,0.931377,0.028620,0.362853,-215.634247,92.206993,84.380379
336,2.800000,-0.007374,0.931356,0.029081,0.362872,-215.635208,92.209351,84.386490
337,2.808333,-0.007489,0.931311,0.029350,0.362964,-215.633682,92.209618,84.389748
338,2.816667,-0.007514,0.931239,0.029238,0.363156,-215.632965,92.209602,84.390434
339,2.825000,-0.007345,0.931200,0.029125,0.363270,-215.633575,92.209587,84.391579
340,2.833333,-0.007487,0.931218,0.029108,0.363221,-215.633270,92.209892,84.389748
341,2.841667,-0.007574,0.931247,0.029251,0.363135,-215.633301,92.209541,84.390724
342,2.850000,-0.007636,0.931293,0.029164,0.363022,-215.634125,92.209694,84.391579
343,2.858333,-0.007663,0.931287,0.029152,0.363038,-215.636032,92.209610,84.390770
344,2.866667,-0.007526,0.931307,0.028968,0.363003,-215.637253,92.210022,84.386131
345,2.875000,-0.007643,0.931369,0.028787,0.362856,-215.639465,92.208054,84.383026
346,2.883333,-0.007476,0.931346,0.029000,0.362903,-215.642334,92.208824,84.388916
347,2.891667,-0.007493,0.931301,0.029178,0.363003,-215.639404,92.208534,84.390846
348,2.900000,-0.007651,0.931263,0.029246,0.363091,-215.636749,92.207993,84.393227
349,2.908333,-0.007559,0.931288,0.029096,0.363041,-215.634872,92.208549,84.387199
350,2.916667,-0.007455,0.931359,0.028756,0.362888,-215.636200,92.206413,84.384575
351,2.925000,-0.007501,0.931375,0.029112,0.362818,-215.639755,92.208275,84.390816
352,2.933333,-0.007491,0.931318,0.029183,0.362958,-215.639282,92.210350,84.391022
353,2.941667,-0.007411,0.931280,0.029135,0.363062,-215.637177,92.208740,84.388527
354,2.950000,-0.007717,0.931338,0.028688,0.362941,-215.637085,92.206703,84.384499
355,2.958333,-0.007528,0.931363,0.029045,0.362853,-215.638824,92.207893,84.388657
356,2.966667,-0.007464,0.931325,0.029239,0.362937,-215.637970,92.208954,84.391403
357,2.975000,-0.007503,0.931298,0.029070,0.363020,-215.635971,92.208344,84.385033
358,2.983333,-0.007416,0.931343,0.029185,0.362895,-215.639023,92.209068,84.390236
359,2.991667,-0.007485,0.931332,0.029265,0.362917,-215.637939,92.208168,84.391479
360,3.000000,-0.007526,0.931301,0.029272,0.362994,-215.637924,92.208687,84.391808
361,3.008333,-0.007501,0.931309,0.029185,0.362982,-215.640717,92.209694,84.392097
362,3.016667,-0.007604,0.931355,0.028993,0.362877,-215.641449,92.207787,84.386429
363,3.025000,-0.007668,0.931439,0.028665,0.362686,-215.644241,92.206123,84.383926
364,3.033333,-0.007670,0.931446,0.028545,0.362676,-215.646942,92.204842,84.382019
365,3.041667,-0.007648,0.931438,0.029065,0.362657,-215.647919,92.207428,84.387596
366,3.050000,-0.007635,0.931379,0.029129,0.362804,-215.645844,92.208717,84.386810
367,3.058333,-0.007564,0.931394,0.028963,0.362781,-215.643997,92.206306,84.385315
368,3.066667,-0.007570,0.931424,0.028704,0.362724,-215.644531,92.205635,84.386452
369,3.075000,-0.007495,0.931423,0.028990,0.362705,-215.646271,92.207840,84.390930
370,3.083333,-0.007616,0.931376,0.029148,0.362811,-215.644547,92.208412,84.388054
371,3.091667,-0.007614,0.931387,0.028741,0.362815,-215.644333,92.208702,84.387032
372,3.100000,-0.007442,0.931384,0.028633,0.362835,-215.644287,92.207855,84.385094
373,3.108333,-0.007616,0.931401,0.028737,0.362779,-215.644501,92.207634,84.384552
374,3.116667,-0.007431,0.931410,0.028714,0.362761,-215.644485,92.206017,84.384239
375,3.125000,-0.007632,0.931409,0.028960,0.362739,-215.646881,92.208618,84.388855
376,3.133333,-0.007583,0.931354,0.029065,0.362875,-215.644714,92.208946,84.385834
377,3.141667,-0.007675,0.931384,0.028720,0.362821,-215.644547,92.207565,84.383408
378,3.150000,-0.007628,0.931392,0.029050,0.362777,-215.645935,92.208282,84.390068
379,3.158333,-0.007589,0.931359,0.028993,0.362868,-215.644745,92.208931,84.389450
380,3.166667,-0.007641,0.931341,0.028961,0.362914,-215.643448,92.208237,84.386040
381,3.175000,-0.007668,0.931399,0.028695,0.362785,-215.644623,92.207771,84.383080
382,3.183333,-0.007591,0.931442,0.028502,0.362692,-215.645950,92.206230,84.382332
383,3.191667,-0.007668,0.931452,0.028508,0.362666,-215.646484,92.205856,84.382973
384,3.200000,-0.007665,0.931453,0.028996,0.362624,-215.648010,92.207596,84.387878
385,3.208333,-0.007579,0.931401,0.029103,0.362750,-215.646835,92.207603,84.386711
386,3.216667,-0.007385,0.931406,0.029054,0.362746,-215.649460,92.208405,84.390907
387,3.225000,-0.007521,0.931368,0.029174,0.362832,-215.648788,92.207947,84.391541
388,3.233333,-0.007572,0.931372,0.029008,0.362832,-215.647003,92.207565,84.388306
389,3.241667,-0.007546,0.931433,0.029119,0.362669,-215.648193,92.207726,84.389954
390,3.250000,-0.007638,0.931407,0.029129,0.362732,-215.648010,92.209061,84.392120
391,3.258333,-0.007619,0.931398,0.029043,0.362762,-215.645645,92.207764,84.387093
392,3.266667,-0.007691,0.931430,0.028762,0.362701,-215.645355,92.206223,84.383949
393,3.275000,-0.007587,0.931470,0.028608,0.362613,-215.646622,92.206276,84.383713
394,3.283333,-0.007649,0.931469,0.029058,0.362577,-215.647171,92.206802,84.389191
395,3.291667,-0.007502,0.931384,0.029052,0.362799,-215.645386,92.208740,84.391312
396,3.300000,-0.007504,0.931331,0.029179,0.362925,-215.643524,92.208000,84.391335
397,3.308333,-0.007692,0.931337,0.029170,0.362907,-215.643387,92.208527,84.391663
398,3.316667,-0.007457,0.931323,0.028988,0.362963,-215.644760,92.210793,84.392159
399,3.325000,-0.007643,0.931352,0.029204,0.362868,-215.644150,92.209007,84.392357
400,3.333333,-0.007758,0.931385,0.029027,0.362793,-215.644043,92.209015,84.387794
401,3.341667,-0.007734,0.931445,0.029203,0.362625,-215.646194,92.209465,84.389977
402,3.350000,-0.007692,0.931404,0.029151,0.362737,-215.646667,92.209541,84.391068
403,3.358333,-0.007527,0.931374,0.028913,0.362836,-215.645767,92.209717,84.385750
404,3.366667,-0.007614,0.931413,0.028648,0.362755,-215.647079,92.208168,84.384140
405,3.375000,-0.007471,0.931423,0.028572,0.362738,-215.647415,92.205933,84.383545
406,3.383333,-0.007572,0.931444,0.028949,0.362653,-215.649200,92.208694,84.388290
407,3.391667,-0.007518,0.931428,0.029149,0.362679,-215.647369,92.208321,84.387192
408,3.400000,-0.007621,0.931457,0.029277,0.362591,-215.647797,92.208588,84.390434
409,3.408333,-0.007528,0.931389,0.029193,0.362775,-215.645981,92.208427,84.391426
410,3.416667,-0.007472,0.931355,0.028996,0.362880,-215.644257,92.209236,84.386673
411,3.425000,-0.007518,0.931401,0.028981,0.362762,-215.645432,92.208954,84.389473
412,3.433333,-0.007479,0.931385,0.028915,0.362809,-215.643814,92.208527,84.386116
413,3.441667,-0.007738,0.931423,0.028659,0.362725,-215.643692,92.206711,84.383087
414,3.450000,-0.007702,0.931434,0.029013,0.362670,-215.645020,92.208252,84.388962
415,3.458333,-0.007631,0.931396,0.029109,0.362761,-215.642624,92.209366,84.386055
416,3.466667,-0.007681,0.931405,0.028911,0.362752,-215.642548,92.208199,84.384262
417,3.475000,-0.007529,0.931430,0.028758,0.362706,-215.643570,92.208061,84.384773
418,3.483333,-0.007550,0.931430,0.028745,0.362705,-215.643570,92.207260,84.382591
419,3.491667,-0.007562,0.931449,0.028508,0.362676,-215.644836,92.207428,84.382782
420,3.500000,-0.007639,0.931460,0.028601,0.362637,-215.646027,92.206825,84.382057
421,3.508333,-0.007652,0.931434,0.028645,0.362701,-215.647308,92.206551,84.381294
422,3.516667,-0.007595,0.931429,0.028986,0.362688,-215.649445,92.208221,84.387642
423,3.525000,-0.007605,0.931423,0.029061,0.362697,-215.647980,92.208420,84.384438
424,3.533333,-0.007674,0.931431,0.028723,0.362702,-215.648941,92.205795,84.382980
425,3.541667,-0.007600,0.931465,0.028633,0.362624,-215.649796,92.205994,84.381416
426,3.550000,-0.007573,0.931490,0.028932,0.362536,-215.650131,92.206314,84.386467
427,3.558333,-0.007571,0.931453,0.028937,0.362631,-215.649078,92.207680,84.384171
428,3.566667,-0.007574,0.931446,0.029112,0.362634,-215.649796,92.206673,84.387589
429,3.575000,-0.007657,0.931401,0.029088,0.362750,-215.649200,92.207817,84.390205
430,3.583333,-0.007615,0.931357,0.029048,0.362867,-215.648010,92.208878,84.390015
431,3.591667,-0.007500,0.931354,0.028909,0.362889,-215.645721,92.208832,84.385437
432,3.600000,-0.007652,0.931451,0.028668,0.362655,-215.646240,92.206253,84.383621
433,3.608333,-0.007692,0.931455,0.028494,0.362658,-215.646500,92.206383,84.382126
434,3.616667,-0.007629,0.931453,0.028992,0.362624,-215.647934,92.209534,84.387863
435,3.625000,-0.007632,0.931394,0.029123,0.362766,-215.644455,92.209557,84.385353
436,3.633333,-0.007575,0.931408,0.028716,0.362764,-215.644974,92.209030,84.382324
437,3.641667,-0.007575,0.931440,0.028626,0.362687,-215.645020,92.207214,84.382538
438,3.650000,-0.007574,0.931445,0.029008,0.362645,-215.645844,92.208237,84.388062
439,3.658333,-0.007616,0.931392,0.029127,0.362771,-215.643860,92.207489,84.386841
440,3.666667,-0.007645,0.931391,0.028770,0.362801,-215.644318,92.207108,84.384361
441,3.675000,-0.007632,0.931419,0.028639,0.362741,-215.644669,92.206413,84.384804
442,3.683333,-0.007608,0.931450,0.028721,0.362653,-215.644363,92.206451,84.384018
443,3.691667,-0.007508,0.931429,0.029126,0.362679,-215.645248,92.207436,84.390182
444,3.700000,-0.007477,0.931351,0.029154,0.362876,-215.644623,92.209694,84.392845
445,3.708333,-0.007508,0.931324,0.029074,0.362953,-215.642197,92.207916,84.389992
446,3.716667,-0.007516,0.931398,0.029125,0.362758,-215.644333,92.208687,84.394081
447,3.725000,-0.007482,0.931364,0.029076,0.362850,-215.642639,92.208420,84.389740
448,3.733333,-0.007676,0.931410,0.028718,0.362756,-215.642639,92.207413,84.387733
449,3.741667,-0.007706,0.931410,0.028648,0.362759,-215.643433,92.205360,84.388374
450,3.750000,-0.007615,0.931414,0.028525,0.362762,-215.644104,92.206161,84.387360
451,3.758333,-0.007542,0.931438,0.028866,0.362675,-215.646072,92.207581,84.393021
452,3.766667,-0.007622,0.931368,0.029025,0.362840,-215.644028,92.207130,84.389618
453,3.775000,-0.007657,0.931419,0.029215,0.362693,-215.645569,92.206917,84.394341
454,3.783333,-0.007448,0.931380,0.028987,0.362816,-215.644501,92.209129,84.388443
455,3.791667,-0.007510,0.931418,0.029190,0.362702,-215.647034,92.208069,84.393028
456,3.800000,-0.007500,0.931389,0.028988,0.362793,-215.647888,92.209282,84.394577
457,3.808333,-0.007695,0.931362,0.029070,0.362850,-215.645050,92.207291,84.390007
458,3.816667,-0.007526,0.931406,0.028704,0.362769,-215.646240,92.206802,84.387329
459,3.825000,-0.007605,0.931440,0.028966,0.362660,-215.647751,92.207718,84.391510
460,3.833333,-0.007663,0.931396,0.029002,0.362769,-215.645081,92.207596,84.386452
461,3.841667,-0.007516,0.931415,0.029142,0.362712,-215.646820,92.209618,84.390717
462,3.850000,-0.007536,0.931396,0.029222,0.362755,-215.645645,92.209206,84.390549
463,3.858333,-0.007566,0.931378,0.028904,0.362826,-215.644669,92.209488,84.385292
464,3.866667,-0.007618,0.931398,0.029126,0.362755,-215.646194,92.208717,84.388268
465,3.875000,-0.007647,0.931378,0.029046,0.362813,-215.643280,92.208038,84.383179
466,3.883333,-0.007379,0.931397,0.028672,0.362799,-215.643219,92.206932,84.382698
467,3.891667,-0.007546,0.931418,0.029021,0.362715,-215.643982,92.208153,84.386238
468,3.900000,-0.007412,0.931386,0.029099,0.362792,-215.643097,92.208900,84.390030
469,3.908333,-0.007652,0.931368,0.029062,0.362837,-215.641281,92.208351,84.385704
470,3.916667,-0.007664,0.931418,0.028834,0.362727,-215.641998,92.207062,84.383209
471,3.925000,-0.007540,0.931438,0.028676,0.362690,-215.644241,92.208084,84.382561
472,3.933333,-0.007574,0.931421,0.028963,0.362710,-215.645813,92.210129,84.387177
473,3.941667,-0.007586,0.931381,0.029087,0.362802,-215.642761,92.209312,84.385857
474,3.950000,-0.007527,0.931399,0.029083,0.362757,-215.644501,92.209496,84.390388
475,3.958333,-0.007418,0.931359,0.029130,0.362859,-215.644485,92.210495,84.391449
476,3.966667,-0.007663,0.931334,0.029207,0.362912,-215.644531,92.210220,84.392258
477,3.975000,-0.007676,0.931356,0.028979,0.362875,-215.642929,92.210533,84.384682
478,3.983333,-0.007624,0.931439,0.029058,0.362654,-215.646576,92.210701,84.388535
479,3.991667,-0.007698,0.931403,0.029060,0.362747,-215.644363,92.209877,84.384033
480,4.000000,-0.007597,0.931433,0.028691,0.362701,-215.644409,92.208771,84.382538
481,4.008333,-0.007705,0.931455,0.028572,0.362652,-215.643936,92.206665,84.381355
482,4.016667,-0.007581,0.931451,0.029111,0.362622,-215.644379,92.207367,84.387917
483,4.025000,-0.007466,0.931391,0.029164,0.362772,-215.641357,92.208839,84.385056
484,4.033333,-0.007412,0.931388,0.028963,0.362799,-215.639801,92.206169,84.383827
485,4.041667,-0.007283,0.931419,0.029176,0.362704,-215.639542,92.206749,84.389992
486,4.050000,-0.007385,0.931370,0.029157,0.362830,-215.635757,92.207840,84.386017
487,4.058333,-0.007237,0.931401,0.029192,0.362750,-215.635498,92.208336,84.393311
488,4.066667,-0.007076,0.931328,0.029219,0.362939,-215.630432,92.206802,84.394646
489,4.075000,-0.006795,0.931379,0.029407,0.362797,-215.628220,92.206833,84.407143
490,4.083333,-0.006831,0.931325,0.029724,0.362911,-215.623932,92.207397,84.416527
491,4.091667,-0.006552,0.931265,0.029829,0.363061,-215.619751,92.208282,84.425201
492,4.100000,-0.006359,0.931213,0.029886,0.363192,-215.617493,92.208038,84.434242
493,4.108333,-0.006298,0.931206,0.030083,0.363196,-215.615601,92.208763,84.444962
494,4.116667,-0.006068,0.931269,0.030301,0.363018,-215.612656,92.209160,84.452530
495,4.125000,-0.005728,0.931298,0.030745,0.362912,-215.609711,92.208328,84.470520
496,4.133333,-0.005361,0.931264,0.031198,0.362966,-215.601974,92.209846,84.490417
497,4.141667,-0.003916,0.931241,0.032332,0.362945,-215.588562,92.200172,84.518013
498,4.150000,-0.003360,0.931240,0.032608,0.362930,-215.581299,92.200546,84.536926
499,4.158333,-0.002784,0.931404,0.032735,0.362500,-215.573746,92.200279,84.559540
500,4.166667,-0.002417,0.931504,0.033150,0.362210,-215.566681,92.201385,84.580704
501,4.175000,-0.001967,0.931490,0.033305,0.362235,-215.557526,92.204720,84.596947
502,4.183333,-0.001661,0.931531,0.033408,0.362120,-215.543228,92.205803,84.613777
503,4.191667,-0.000992,0.931528,0.033575,0.362115,-215.523483,92.206779,84.628677
504,4.200000,-0.000296,0.931585,0.033741,0.361954,-215.500504,92.207718,84.644737
505,4.208333,0.000454,0.931670,0.033778,0.361732,-215.477875,92.210014,84.661545
506,4.216667,0.001148,0.931708,0.034112,0.361601,-215.457443,92.209831,84.678856
507,4.225000,0.001640,0.931755,0.034419,0.361450,-215.441254,92.210663,84.695969
508,4.233333,0.002113,0.931790,0.034712,0.361328,-215.428787,92.210144,84.715340
509,4.241667,0.001431,0.931571,0.034893,0.361879,-215.429443,92.221916,84.742401
510,4.250000,0.001465,0.931523,0.035057,0.361985,-215.428574,92.223236,84.758720
511,4.258333,0.001689,0.931492,0.035430,0.362029,-215.426422,92.222527,84.770805
512,4.266667,0.000738,0.931430,0.034921,0.362242,-215.430359,92.233528,84.777924
513,4.275000,0.001644,0.931467,0.034805,0.362155,-215.426392,92.223106,84.773445
514,4.283333,0.000957,0.931351,0.034776,0.362457,-215.434006,92.229431,84.783813
515,4.291667,0.002262,0.931291,0.034682,0.362615,-215.427536,92.214981,84.779266
516,4.300000,0.002988,0.931284,0.034390,0.362656,-215.425751,92.204689,84.782089
517,4.308333,0.003490,0.931240,0.034564,0.362747,-215.427536,92.199661,84.789970
518,4.316667,0.003764,0.931302,0.034890,0.362555,-215.429443,92.197975,84.802666
519,4.325000,0.004366,0.931339,0.035535,0.362390,-215.430496,92.195656,84.815720
520,4.333333,0.004524,0.931391,0.036206,0.362186,-215.433151,92.196457,84.826462
521,4.341667,0.004818,0.931371,0.036796,0.362174,-215.436813,92.197540,84.835144
522,4.350000,0.004888,0.931333,0.037263,0.362224,-215.442139,92.197708,84.843468
523,4.358333,0.004751,0.931314,0.037322,0.362268,-215.449814,92.199036,84.845886
524,4.366667,0.004480,0.931287,0.037256,0.362349,-215.456573,92.198662,84.842041
525,4.375000,0.004174,0.931243,0.036902,0.362502,-215.460800,92.198669,84.829239
526,4.383333,0.001276,0.930821,0.036071,0.363690,-215.477570,92.228058,84.826080
527,4.391667,0.000055,0.930795,0.035247,0.363837,-215.487076,92.232590,84.796738
528,4.400000,0.000274,0.931278,0.035858,0.362540,-215.489655,92.236649,84.729912
529,4.408333,-0.000090,0.931582,0.034986,0.361845,-215.498306,92.229179,84.676437
530,4.416667,-0.000743,0.931673,0.033583,0.361743,-215.504288,92.221848,84.641373
531,4.425000,-0.000603,0.931574,0.033157,0.362037,-215.516159,92.220711,84.640190
532,4.433333,0.000033,0.931476,0.034858,0.362129,-215.528488,92.231956,84.669289
533,4.441667,0.000876,0.931327,0.036572,0.362342,-215.535431,92.257271,84.699760
534,4.450000,0.001340,0.931197,0.038379,0.362489,-215.533691,92.297516,84.720734
535,4.458333,0.001362,0.931045,0.038365,0.362880,-215.523224,92.347420,84.719170
536,4.466667,0.001287,0.931019,0.037950,0.362989,-215.521973,92.392532,84.721344
537,4.475000,0.000567,0.931156,0.037092,0.362729,-215.530472,92.445885,84.733810
538,4.483333,0.000221,0.930995,0.036850,0.363167,-215.545349,92.500900,84.757896
539,4.491667,0.002501,0.930918,0.035184,0.363520,-215.546509,92.569336,84.770439
540,4.500000,0.003798,0.931056,0.034296,0.363240,-215.524475,92.630920,84.782120
541,4.508333,0.003536,0.931199,0.033898,0.362915,-215.502304,92.690773,84.804016
542,4.516667,0.001155,0.931491,0.035429,0.362032,-215.487549,92.733002,84.831528
543,4.525000,0.000610,0.931397,0.035944,0.362224,-215.487244,92.784500,84.847031
544,4.533333,-0.000581,0.931336,0.036157,0.362361,-215.491241,92.843346,84.856674
545,4.541667,0.000500,0.931390,0.035971,0.362240,-215.497498,92.908432,84.864082
546,4.550000,0.000344,0.931482,0.035585,0.362043,-215.497925,92.963882,84.866821
547,4.558333,-0.000178,0.931535,0.037092,0.361754,-215.514542,93.050682,84.866943
548,4.566667,-0.000074,0.931476,0.036726,0.361944,-215.517258,93.114716,84.867645
549,4.575000,0.003177,0.931230,0.032823,0.362936,-215.517853,93.180603,84.860031
550,4.583333,0.003348,0.931238,0.033673,0.362837,-215.520096,93.241516,84.855782
551,4.591667,0.002933,0.931184,0.033780,0.362969,-215.522049,93.294182,84.853401
552,4.600000,0.000488,0.931011,0.033498,0.363450,-215.527985,93.361023,84.859619
553,4.608333,0.000939,0.931227,0.033301,0.362913,-215.520187,93.402344,84.857979
554,4.616667,0.000843,0.931386,0.033029,0.362529,-215.512268,93.445740,84.866264
555,4.625000,0.000618,0.931576,0.032054,0.362131,-215.499039,93.492722,84.868507
556,4.633333,0.000406,0.931786,0.031039,0.361678,-215.488358,93.537811,84.875671
557,4.641667,-0.000654,0.931917,0.030003,0.361427,-215.486115,93.591919,84.871178
558,4.650000,-0.000479,0.931827,0.029868,0.361671,-215.488464,93.639702,84.871361
559,4.658333,0.000163,0.931823,0.033211,0.361390,-215.492218,93.700203,84.875366
560,4.666667,0.000409,0.931686,0.033981,0.361671,-215.489822,93.748856,84.877090
561,4.675000,0.002521,0.931479,0.032369,0.362342,-215.494110,93.811211,84.874275
562,4.683333,0.002501,0.931511,0.031822,0.362309,-215.488083,93.862854,84.875580
563,4.691667,0.000355,0.931406,0.030723,0.362684,-215.489929,93.933258,84.892700
564,4.700000,0.000510,0.931739,0.029512,0.361927,-215.475204,93.983177,84.886093
565,4.708333,0.000093,0.931835,0.028617,0.361752,-215.469666,94.033760,84.885948
566,4.716667,-0.000204,0.931811,0.027889,0.361870,-215.469025,94.085106,84.880974
567,4.725000,-0.001197,0.931769,0.027009,0.362044,-215.470856,94.139648,84.864723
568,4.733333,-0.001457,0.931717,0.026431,0.362219,-215.474442,94.188187,84.853500
569,4.741667,-0.001496,0.931653,0.026387,0.362388,-215.475250,94.238777,84.842819
570,4.750000,-0.001479,0.931655,0.026280,0.362389,-215.475220,94.299904,84.836853
571,4.758333,0.000270,0.931720,0.026889,0.362181,-215.479416,94.382584,84.828522
572,4.766667,-0.002178,0.931569,0.025974,0.362629,-215.480927,94.459381,84.836540
573,4.775000,-0.001833,0.931874,0.024917,0.361921,-215.468506,94.499489,84.821663
574,4.783333,-0.001910,0.932019,0.024343,0.361586,-215.465302,94.536049,84.809441
575,4.791667,-0.001967,0.932010,0.023791,0.361646,-215.465546,94.570938,84.803352
576,4.800000,-0.002634,0.932028,0.023175,0.361634,-215.464569,94.610474,84.797379
577,4.808333,-0.002983,0.931970,0.022595,0.361819,-215.463562,94.649208,84.794823
578,4.816667,-0.003577,0.931981,0.021777,0.361835,-215.459152,94.691086,84.794586
579,4.825000,-0.004089,0.932005,0.021326,0.361795,-215.452606,94.731445,84.796440
580,4.833333,-0.004354,0.932074,0.020628,0.361653,-215.445847,94.776405,84.800613
581,4.841667,-0.005350,0.932130,0.020143,0.361524,-215.438965,94.827034,84.799629
582,4.850000,-0.003374,0.931883,0.018151,0.362288,-215.439529,94.888664,84.793968
583,4.858333,-0.002991,0.932012,0.017784,0.361978,-215.431091,94.921974,84.789963
584,4.866667,-0.005006,0.931948,0.017509,0.362135,-215.438293,94.966721,84.793594
585,4.875000,-0.004321,0.932122,0.017268,0.361706,-215.432648,94.989021,84.782471
586,4.883333,-0.003769,0.932360,0.019505,0.360985,-215.438919,95.027000,84.768143
587,4.891667,-0.004597,0.932326,0.019390,0.361068,-215.445084,95.061890,84.765587
588,4.900000,-0.006401,0.932213,0.018251,0.361393,-215.453644,95.104797,84.758751
589,4.908333,-0.006232,0.932167,0.017687,0.361543,-215.449814,95.126465,84.755447
590,4.916667,-0.006461,0.932183,0.017454,0.361508,-215.446503,95.150955,84.751144
591,4.925000,-0.006141,0.932201,0.017273,0.361476,-215.441925,95.171516,84.751022
592,4.933333,-0.006097,0.932263,0.017381,0.361313,-215.435120,95.189301,84.751633
593,4.941667,-0.005940,0.932331,0.017312,0.361142,-215.425949,95.203712,84.753677
594,4.950000,-0.005643,0.932376,0.017266,0.361033,-215.419296,95.218048,84.756264
595,4.958333,-0.005346,0.932427,0.017209,0.360910,-215.412231,95.234772,84.760468
596,4.966667,-0.005297,0.932491,0.016990,0.360755,-215.404755,95.259338,84.761780
597,4.975000,-0.005384,0.932535,0.016914,0.360644,-215.397995,95.287498,84.763184
598,4.983333,-0.005677,0.932568,0.016703,0.360562,-215.390488,95.315109,84.764641
599,4.991667,-0.005654,0.932603,0.016395,0.360488,-215.384262,95.343063,84.765205
600,5.000000,-0.005710,0.932630,0.015940,0.360436,-215.380508,95.373543,84.765465
601,5.008333,-0.005831,0.932675,0.015567,0.360335,-215.377518,95.399551,84.763748
602,5.016667,-0.003717,0.932430,0.014070,0.361058,-215.381195,95.434441,84.756348
603,5.025000,-0.003553,0.932418,0.013889,0.361097,-215.378433,95.453125,84.755394
604,5.033333,-0.003569,0.932468,0.013752,0.360974,-215.376831,95.466476,84.754440
605,5.041667,-0.005569,0.932227,0.013646,0.361573,-215.384796,95.496490,84.766884
606,5.050000,-0.005784,0.932210,0.013438,0.361621,-215.384674,95.513306,84.766312
607,5.058333,-0.006062,0.932226,0.013498,0.361573,-215.382629,95.532547,84.767059
608,5.066667,-0.005705,0.932423,0.013623,0.361066,-215.371490,95.550156,84.752541
609,5.075000,-0.005676,0.932533,0.013710,0.360780,-215.366333,95.574013,84.742783
610,5.083333,-0.006290,0.932587,0.013344,0.360643,-215.366959,95.607170,84.733673
611,5.091667,-0.005902,0.932699,0.015396,0.360279,-215.373398,95.645164,84.725960
612,5.100000,-0.005766,0.932717,0.015660,0.360222,-215.372299,95.668221,84.725655
613,5.108333,-0.005892,0.932789,0.015554,0.360039,-215.365677,95.683823,84.723068
614,5.116667,-0.005741,0.932814,0.015512,0.359978,-215.361603,95.697128,84.724716
615,5.125000,-0.005713,0.932791,0.015482,0.360039,-215.357452,95.713333,84.725250
616,5.133333,-0.005956,0.932791,0.015476,0.360037,-215.351990,95.730576,84.724716
617,5.141667,-0.006259,0.932778,0.015325,0.360071,-215.348221,95.746765,84.726570
618,5.150000,-0.006348,0.932757,0.015273,0.360125,-215.344971,95.764511,84.727631
619,5.158333,-0.006617,0.932760,0.015123,0.360119,-215.342300,95.779266,84.729828
620,5.166667,-0.006732,0.932728,0.014857,0.360212,-215.339905,95.793900,84.729645
621,5.175000,-0.007178,0.932784,0.014875,0.360056,-215.337067,95.808586,84.731483
622,5.183333,-0.007175,0.932787,0.014642,0.360059,-215.332458,95.829010,84.730995
623,5.191667,-0.007677,0.932868,0.014117,0.359861,-215.324097,95.858185,84.725273
624,5.200000,-0.008255,0.932902,0.013267,0.359791,-215.311951,95.902542,84.716240
625,5.208333,-0.007477,0.932971,0.010231,0.359729,-215.276962,95.997009,84.707275
626,5.216667,-0.007394,0.933112,0.008902,0.359401,-215.266541,96.074066,84.686478
627,5.225000,-0.008010,0.933297,0.007735,0.358934,-215.249252,96.143333,84.669090
628,5.233333,-0.010278,0.933253,0.007069,0.359005,-215.217896,96.218262,84.661835
629,5.241667,-0.012139,0.933157,0.006390,0.359207,-215.202515,96.273575,84.660172
630,5.250000,-0.013454,0.933086,0.005079,0.359365,-215.187836,96.322975,84.657516
631,5.258333,-0.013285,0.933402,0.006617,0.358527,-215.185928,96.372803,84.643150
632,5.266667,-0.012946,0.933610,0.005951,0.358007,-215.182190,96.409859,84.632431
633,5.275000,-0.014352,0.933690,0.004668,0.357763,-215.166397,96.461311,84.633881
634,5.283333,-0.014893,0.933605,0.003680,0.357975,-215.179901,96.497734,84.624084
635,5.291667,-0.015415,0.933505,0.003235,0.358218,-215.195160,96.525902,84.616127
636,5.300000,-0.016141,0.933416,0.002661,0.358423,-215.203354,96.554375,84.610191
637,5.308333,-0.011566,0.933494,0.005002,0.358372,-215.185516,96.528824,84.626297
638,5.316667,-0.012006,0.933388,0.005112,0.358631,-215.184921,96.547966,84.633926
639,5.325000,-0.009344,0.933238,0.003548,0.359120,-215.187881,96.573830,84.624207
640,5.333333,-0.008776,0.933509,0.003207,0.358431,-215.181778,96.583908,84.612206
641,5.341667,-0.008914,0.933594,0.003202,0.358208,-215.179398,96.592461,84.607315
642,5.350000,-0.009220,0.933637,0.003352,0.358086,-215.179535,96.596542,84.606621
643,5.358333,-0.009200,0.933644,0.003469,0.358068,-215.180176,96.600334,84.606331
644,5.366667,-0.009138,0.933651,0.003414,0.358052,-215.180786,96.601204,84.605370
645,5.375000,-0.009216,0.933641,0.003362,0.358077,-215.179153,96.595970,84.605995
646,5.383333,-0.009144,0.933613,0.003309,0.358151,-215.177658,96.592300,84.608101
647,5.391667,-0.009343,0.933409,0.003492,0.358676,-215.181641,96.592896,84.618713
648,5.400000,-0.008978,0.933520,0.003361,0.358397,-215.177887,96.590744,84.610458
649,5.408333,-0.009163,0.933584,0.003336,0.358227,-215.174896,96.594269,84.607437
650,5.416667,-0.009291,0.933586,0.003163,0.358219,-215.171860,96.599655,84.606125
651,5.425000,-0.009341,0.933622,0.003324,0.358122,-215.168091,96.602219,84.606918
652,5.433333,-0.009528,0.933648,0.003296,0.358050,-215.166351,96.601074,84.606377
653,5.441667,-0.009359,0.933636,0.003431,0.358085,-215.165543,96.596565,84.608070
654,5.450000,-0.009155,0.933643,0.003496,0.358072,-215.165848,96.593094,84.607849
655,5.458333,-0.009089,0.933635,0.003307,0.358096,-215.167755,96.595070,84.605881
656,5.466667,-0.009482,0.933440,0.003403,0.358591,-215.175003,96.598907,84.613625
657,5.475000,-0.009101,0.933556,0.003307,0.358300,-215.174515,96.597168,84.608116
658,5.483333,-0.009467,0.933377,0.003355,0.358757,-215.182404,96.600380,84.617149
659,5.491667,-0.009197,0.933478,0.003324,0.358501,-215.180252,96.596214,84.610107
660,5.500000,-0.009260,0.933528,0.003339,0.358371,-215.178986,96.594398,84.610184
661,5.508333,-0.009412,0.933555,0.003353,0.358294,-215.177658,96.593872,84.612190
662,5.516667,-0.009389,0.933541,0.003240,0.358333,-215.177368,96.595482,84.611076
663,5.525000,-0.009187,0.933564,0.003250,0.358279,-215.176178,96.596634,84.610161
664,5.533333,-0.009205,0.933616,0.003330,0.358143,-215.175674,96.596924,84.608482
665,5.541667,-0.009444,0.933436,0.003416,0.358604,-215.180328,96.599068,84.615875
666,5.550000,-0.009000,0.933535,0.003403,0.358357,-215.177673,96.594749,84.609100
667,5.558333,-0.009232,0.933578,0.003453,0.358238,-215.174728,96.592804,84.607460
668,5.566667,-0.009341,0.933592,0.003481,0.358200,-215.172989,96.593773,84.608727
669,5.575000,-0.009298,0.933578,0.003329,0.358239,-215.171646,96.594841,84.607491
670,5.583333,-0.009552,0.933424,0.003266,0.358633,-215.175888,96.597893,84.613426
671,5.591667,-0.009166,0.933539,0.003352,0.358342,-215.174286,96.594299,84.606560
672,5.600000,-0.009093,0.933613,0.003485,0.358152,-215.173431,96.593285,84.604469
673,5.608333,-0.009067,0.933621,0.003290,0.358131,-215.174072,96.594467,84.605431
674,5.616667,-0.009216,0.933619,0.003352,0.358132,-215.173691,96.593628,84.605492
675,5.625000,-0.009001,0.933604,0.003357,0.358178,-215.175659,96.593056,84.606567
676,5.633333,-0.009011,0.933624,0.003446,0.358126,-215.177292,96.592880,84.606621
677,5.641667,-0.009153,0.933634,0.003476,0.358095,-215.178986,96.591446,84.606476
678,5.650000,-0.009139,0.933621,0.003360,0.358130,-215.181000,96.594177,84.606262
679,5.658333,-0.009080,0.933618,0.003332,0.358139,-215.180161,96.593895,84.607834
680,5.666667,-0.009076,0.933627,0.003418,0.358115,-215.180450,96.592590,84.610352
681,5.675000,-0.009092,0.933595,0.003443,0.358199,-215.179962,96.590889,84.610962
682,5.683333,-0.009397,0.933397,0.003446,0.358707,-215.185760,96.593430,84.619484
683,5.691667,-0.009116,0.933536,0.003387,0.358351,-215.182281,96.590096,84.612724
684,5.700000,-0.009129,0.933558,0.003361,0.358294,-215.180023,96.592545,84.610016
685,5.708333,-0.009176,0.933573,0.003299,0.358256,-215.178177,96.594254,84.611382
686,5.716667,-0.009255,0.933576,0.003319,0.358243,-215.176392,96.595207,84.610695
687,5.725000,-0.009252,0.933601,0.003392,0.358179,-215.175919,96.595345,84.609978
688,5.733333,-0.009041,0.933615,0.003325,0.358148,-215.176605,96.594376,84.610825
689,5.741667,-0.008984,0.933605,0.003274,0.358175,-215.177200,96.593872,84.608910
690,5.750000,-0.009131,0.933634,0.003346,0.358097,-215.178635,96.593880,84.608284
691,5.758333,-0.009020,0.933641,0.003381,0.358081,-215.178680,96.592850,84.608856
692,5.766667,-0.009148,0.933650,0.003336,0.358054,-215.180634,96.593399,84.608261
693,5.775000,-0.009116,0.933643,0.003427,0.358072,-215.182159,96.592506,84.609497
694,5.783333,-0.009029,0.933642,0.003449,0.358076,-215.183167,96.591492,84.611107
695,5.791667,-0.008812,0.933635,0.003396,0.358100,-215.184143,96.591797,84.612495
696,5.800000,-0.008948,0.933620,0.003307,0.358137,-215.183777,96.592308,84.612404
697,5.808333,-0.008969,0.933618,0.003334,0.358141,-215.184647,96.592888,84.613625
698,5.816667,-0.008995,0.933615,0.003401,0.358148,-215.184525,96.593140,84.614571
699,5.825000,-0.009020,0.933579,0.003243,0.358243,-215.184525,96.592796,84.614357
700,5.833333,-0.008998,0.933581,0.003238,0.358240,-215.183380,96.592331,84.615997
701,5.841667,-0.009100,0.933582,0.003246,0.358234,-215.181808,96.592255,84.615990
702,5.850000,-0.009345,0.933367,0.003313,0.358786,-215.186996,96.595421,84.624985
703,5.858333,-0.009013,0.933524,0.003295,0.358386,-215.184494,96.592041,84.616585
704,5.866667,-0.008953,0.933562,0.003291,0.358289,-215.182373,96.591179,84.613869
705,5.875000,-0.009188,0.933575,0.003202,0.358251,-215.180511,96.595352,84.612816
706,5.883333,-0.009293,0.933589,0.003278,0.358210,-215.178268,96.594810,84.612694
707,5.891667,-0.009139,0.933618,0.003377,0.358138,-215.177582,96.594009,84.613022
708,5.900000,-0.009135,0.933632,0.003464,0.358100,-215.177582,96.593300,84.611717
709,5.908333,-0.009044,0.933645,0.003304,0.358069,-215.179016,96.596542,84.609894
710,5.916667,-0.009125,0.933684,0.003210,0.357969,-215.179749,96.599602,84.610054
711,5.925000,-0.010478,0.933601,0.002180,0.358155,-215.188263,96.616379,84.602402
712,5.933333,-0.009658,0.933527,0.002570,0.358366,-215.188141,96.616295,84.618362
713,5.941667,-0.011064,0.933323,0.001532,0.358865,-215.201660,96.637466,84.614815
714,5.950000,-0.011391,0.933287,0.001224,0.358950,-215.208191,96.646141,84.621826
715,5.958333,-0.011762,0.933245,0.001090,0.359047,-215.214676,96.650238,84.627953
716,5.966667,-0.011487,0.933209,0.000778,0.359150,-215.222473,96.654167,84.635994
717,5.975000,-0.011172,0.933228,0.000845,0.359110,-215.231949,96.649399,84.651146
718,5.983333,-0.010687,0.933219,0.000669,0.359148,-215.244125,96.637604,84.667336
719,5.991667,-0.010030,0.933213,0.000733,0.359183,-215.268585,96.621315,84.718544
720,6.000000,-0.010152,0.933138,0.001756,0.359372,-215.282272,96.600677,84.764137
721,6.008333,-0.008461,0.932833,0.001903,0.360205,-215.310089,96.554810,84.798004
722,6.016667,-0.010748,0.932718,0.003244,0.360432,-215.342880,96.500137,84.833855
723,6.025000,-0.010647,0.932423,0.002790,0.361202,-215.375946,96.470596,84.869522
724,6.033333,-0.010874,0.932131,0.002433,0.361949,-215.413498,96.453545,84.900650
725,6.041667,-0.012253,0.931868,0.002443,0.362583,-215.434128,96.453781,84.937981
726,6.050000,-0.011505,0.932104,0.005536,0.361965,-215.504120,96.455727,84.952362
727,6.058333,-0.010485,0.932010,0.005898,0.362232,-215.562912,96.431747,84.979973
728,6.066667,-0.009494,0.931737,0.006356,0.362954,-215.625885,96.402641,85.008736
729,6.075000,-0.009960,0.931259,0.005032,0.364187,-215.689758,96.369423,85.059837
730,6.083333,-0.011023,0.930696,0.003868,0.365607,-215.753860,96.340996,85.101097
731,6.091667,-0.011855,0.930306,0.003570,0.366574,-215.822571,96.310684,85.151924
732,6.100000,-0.012356,0.930123,0.003301,0.367026,-215.867661,96.309593,85.212997
733,6.108333,-0.011035,0.929748,0.003665,0.368013,-215.946930,96.286316,85.248291
734,6.116667,-0.010224,0.929399,0.003589,0.368917,-216.022278,96.260719,85.289490
735,6.125000,-0.010738,0.928700,0.003259,0.370662,-216.114929,96.236267,85.332092
736,6.133333,-0.011061,0.928283,0.003189,0.371697,-216.191452,96.214874,85.372437
737,6.141667,-0.011571,0.927903,0.003175,0.372630,-216.272217,96.194130,85.417877
738,6.150000,-0.012126,0.927608,0.002787,0.373347,-216.343613,96.173843,85.467781
739,6.158333,-0.012618,0.927314,0.002709,0.374062,-216.407059,96.164665,85.520706
740,6.166667,-0.012352,0.927018,0.002595,0.374806,-216.486282,96.150787,85.570824
741,6.175000,-0.012471,0.926135,0.000979,0.376984,-216.585846,96.135849,85.625336
742,6.183333,-0.012663,0.925739,0.001587,0.377948,-216.676758,96.141098,85.674576
743,6.191667,-0.012660,0.925429,0.001038,0.378709,-216.751999,96.148842,85.729309
744,6.200000,-0.012815,0.925094,0.000582,0.379521,-216.835281,96.146271,85.774033
745,6.208333,-0.013279,0.924776,-0.000455,0.380281,-216.934891,96.140442,85.817665
746,6.216667,-0.014360,0.923967,-0.001645,0.382199,-217.021484,96.145996,85.870178
747,6.225000,-0.014981,0.923474,-0.003209,0.383356,-217.107986,96.157219,85.934410
748,6.233333,-0.014395,0.923182,-0.002061,0.384089,-217.202896,96.183937,85.985825
749,6.241667,-0.013948,0.922904,-0.002721,0.384768,-217.291077,96.204933,86.026611
750,6.250000,-0.011498,0.922435,-0.005304,0.385944,-217.386322,96.231728,86.060455
751,6.258333,-0.011746,0.921670,-0.006993,0.387734,-217.496490,96.245102,86.106636
752,6.266667,-0.014077,0.920771,-0.008950,0.389746,-217.624710,96.271172,86.148926
753,6.275000,-0.015216,0.920203,-0.010593,0.391002,-217.705612,96.301613,86.220909
754,6.283333,-0.015837,0.919860,-0.010399,0.391790,-217.802979,96.320160,86.263245
755,6.291667,-0.015638,0.919492,-0.010335,0.392661,-217.897385,96.328583,86.299622
756,6.300000,-0.016691,0.918975,-0.011079,0.393807,-217.999359,96.343666,86.342751
757,6.308333,-0.018142,0.918336,-0.012059,0.395202,-218.110535,96.350212,86.376991
758,6.316667,-0.019189,0.917705,-0.013234,0.396578,-218.224335,96.348953,86.416832
759,6.325000,-0.019439,0.917058,-0.014192,0.398026,-218.317551,96.337036,86.455681
760,6.333333,-0.019001,0.916836,-0.013546,0.398581,-218.423325,96.332504,86.486855
761,6.341667,-0.019446,0.916553,-0.013377,0.399217,-218.541031,96.323853,86.531036
762,6.350000,-0.019282,0.915753,-0.013121,0.401063,-218.656784,96.303703,86.564293
763,6.358333,-0.018640,0.915123,-0.013236,0.402527,-218.768188,96.279755,86.606354
764,6.366667,-0.019067,0.914720,-0.014417,0.403380,-218.872528,96.257668,86.642471
765,6.375000,-0.019148,0.913983,-0.015062,0.405020,-218.980576,96.231308,86.669312
766,6.383333,-0.019207,0.912893,-0.015816,0.407439,-219.100266,96.208450,86.702797
767,6.391667,-0.019499,0.912442,-0.014644,0.408479,-219.208115,96.200325,86.736404
768,6.400000,-0.019773,0.912373,-0.014082,0.408639,-219.334061,96.176926,86.774765
769,6.408333,-0.019124,0.911788,-0.013917,0.409980,-219.455032,96.139610,86.802933
770,6.416667,-0.019311,0.911323,-0.014052,0.410998,-219.559647,96.110687,86.831963
771,6.425000,-0.019551,0.910416,-0.015209,0.412951,-219.669266,96.081749,86.873947
772,6.433333,-0.019500,0.909459,-0.016075,0.415025,-219.789978,96.049675,86.910690
773,6.441667,-0.019403,0.909048,-0.014431,0.415989,-219.910339,96.033768,86.938210
774,6.450000,-0.020205,0.908601,-0.014019,0.416940,-220.018585,96.017258,86.965088
775,6.458333,-0.020045,0.907933,-0.014159,0.418396,-220.129532,95.994637,86.982117
776,6.466667,-0.018065,0.907388,-0.014225,0.419666,-220.246552,95.946663,87.006042
777,6.475000,-0.018690,0.907170,-0.014648,0.420093,-220.361374,95.924980,87.047081
778,6.483333,-0.018490,0.906302,-0.015890,0.421928,-220.483810,95.884315,87.084923
779,6.491667,-0.018085,0.905247,-0.016112,0.424195,-220.605286,95.846169,87.118080
780,6.500000,-0.017852,0.904909,-0.013806,0.425006,-220.732635,95.831879,87.147697
781,6.508333,-0.017657,0.904232,-0.014041,0.426446,-220.866058,95.797127,87.165001
782,6.516667,-0.017853,0.903413,-0.013953,0.428173,-220.995117,95.767006,87.188210
783,6.525000,-0.015242,0.902377,-0.015709,0.430391,-221.124771,95.765343,87.205658
784,6.533333,-0.015331,0.901455,-0.015917,0.432309,-221.267960,95.738625,87.222954
785,6.541667,-0.014651,0.900978,-0.017364,0.433269,-221.392517,95.700996,87.253662
786,6.550000,-0.014889,0.900163,-0.017985,0.434928,-221.512268,95.670532,87.274841
787,6.558333,-0.014906,0.899672,-0.015224,0.436046,-221.662109,95.656143,87.302010
788,6.566667,-0.014734,0.899056,-0.015377,0.437316,-221.797058,95.624107,87.322823
789,6.575000,-0.014938,0.898061,-0.015271,0.439353,-221.936661,95.583435,87.334785
790,6.583333,-0.014936,0.897349,-0.014862,0.440819,-222.066620,95.546921,87.354767
791,6.591667,-0.014646,0.896466,-0.016670,0.442557,-222.198990,95.504578,87.374908
792,6.600000,-0.015358,0.895547,-0.017612,0.444353,-222.325562,95.471931,87.395142
793,6.608333,-0.015228,0.895118,-0.014616,0.445329,-222.463486,95.466621,87.419029
794,6.616667,-0.014424,0.894324,-0.016642,0.446877,-222.601776,95.436203,87.442474
795,6.625000,-0.015388,0.893401,-0.018315,0.448622,-222.733398,95.405891,87.465836
796,6.633333,-0.015288,0.892615,-0.018363,0.450185,-222.862656,95.372757,87.477234
797,6.641667,-0.015719,0.891905,-0.018105,0.451587,-223.001221,95.336128,87.483047
798,6.650000,-0.015236,0.891374,-0.018228,0.452646,-223.134995,95.299774,87.503014
799,6.658333,-0.015064,0.890464,-0.017446,0.454471,-223.276093,95.263115,87.513802
800,6.666667,-0.015529,0.889680,-0.017176,0.455996,-223.410980,95.243187,87.536880
801,6.675000,-0.016107,0.888836,-0.017129,0.457622,-223.553604,95.224312,87.541283
802,6.683333,-0.016986,0.887991,-0.017605,0.459209,-223.684097,95.201859,87.541412
803,6.691667,-0.017765,0.887336,-0.018465,0.460410,-223.803665,95.186150,87.537231
804,6.700000,-0.016509,0.886762,-0.017861,0.461586,-223.940521,95.143501,87.543961
805,6.708333,-0.016578,0.886455,-0.017847,0.462173,-224.061417,95.109215,87.554329
806,6.716667,-0.016547,0.885823,-0.017824,0.463385,-224.180130,95.071404,87.556427
807,6.725000,-0.016720,0.884718,-0.017897,0.465483,-224.323273,95.033058,87.562592
808,6.733333,-0.017142,0.883808,-0.018140,0.467184,-224.452591,95.003166,87.580276
809,6.741667,-0.016977,0.882703,-0.016578,0.469332,-224.596222,94.963852,87.586174
810,6.750000,-0.016649,0.882310,-0.016578,0.470082,-224.711533,94.928825,87.593964
811,6.758333,-0.015660,0.881583,-0.016311,0.471487,-224.854141,94.885620,87.586540
812,6.766667,-0.015268,0.880906,-0.016041,0.472772,-224.984924,94.851006,87.588226
813,6.775000,-0.015523,0.879977,-0.016364,0.474480,-225.124710,94.820320,87.584129
814,6.783333,-0.015906,0.878938,-0.016904,0.476372,-225.275375,94.792549,87.582024
815,6.791667,-0.016706,0.878235,-0.017243,0.477626,-225.410339,94.770134,87.583481
816,6.800000,-0.012431,0.877086,-0.018568,0.479814,-225.568390,94.754272,87.574249
817,6.808333,-0.012298,0.876664,-0.017563,0.480625,-225.691345,94.727257,87.587715
818,6.816667,-0.012254,0.875515,-0.016421,0.482757,-225.837891,94.687675,87.570518
819,6.825000,-0.012395,0.874852,-0.016830,0.483939,-225.958084,94.654991,87.571266
820,6.833333,-0.012146,0.873952,-0.016756,0.485571,-226.104279,94.614639,87.553261
821,6.841667,-0.012254,0.873066,-0.017257,0.487142,-226.232697,94.586906,87.551651
822,6.850000,-0.012587,0.871924,-0.016513,0.489200,-226.391937,94.546951,87.536331
823,6.858333,-0.012886,0.871707,-0.016205,0.489590,-226.495148,94.521263,87.530884
824,6.866667,-0.012415,0.871164,-0.016664,0.490552,-226.616119,94.491943,87.515244
825,6.875000,-0.011220,0.869997,-0.013368,0.492749,-226.763626,94.462944,87.477646
826,6.883333,-0.011859,0.869840,-0.014782,0.492970,-226.831223,94.441475,87.489548
827,6.891667,-0.011439,0.869240,-0.012372,0.494104,-226.955170,94.415245,87.473595
828,6.900000,-0.012312,0.868630,-0.012259,0.495157,-227.047272,94.396011,87.465126
829,6.908333,-0.012269,0.867729,-0.014623,0.496671,-227.135468,94.354744,87.459099
830,6.916667,-0.011931,0.866787,-0.014787,0.498316,-227.248901,94.312828,87.439995
831,6.925000,-0.012370,0.866164,-0.014393,0.499400,-227.341431,94.291016,87.423500
832,6.933333,-0.012399,0.865499,-0.014034,0.500561,-227.437973,94.261940,87.408218
833,6.941667,-0.012162,0.864821,-0.013612,0.501749,-227.548172,94.223030,87.381187
834,6.950000,-0.012521,0.864618,-0.013239,0.502099,-227.624863,94.193237,87.367546
835,6.958333,-0.011893,0.863230,-0.012509,0.504516,-227.751190,94.142166,87.333023
836,6.966667,-0.011185,0.863108,-0.009264,0.504810,-227.848953,94.104752,87.310478
837,6.975000,-0.011813,0.863260,-0.008965,0.504542,-227.913925,94.079002,87.299820
838,6.983333,-0.011213,0.862287,-0.009747,0.506203,-228.018097,94.019630,87.271393
839,6.991667,-0.010236,0.861033,-0.009734,0.508353,-228.133209,93.963531,87.235031
840,7.000000,-0.009403,0.861230,-0.010240,0.508025,-228.202271,93.922577,87.220276
841,7.008333,-0.009343,0.860869,-0.007449,0.508686,-228.291916,93.904137,87.198547
842,7.016667,-0.009345,0.859978,-0.008252,0.510178,-228.371506,93.875137,87.179909
843,7.025000,-0.010815,0.859780,-0.009101,0.510469,-228.411621,93.865868,87.175331
844,7.033333,-0.010553,0.859406,-0.006740,0.511141,-228.506287,93.845718,87.150116
845,7.041667,-0.010238,0.858765,-0.005780,0.512234,-228.598190,93.815399,87.132828
846,7.050000,-0.009392,0.858245,-0.006200,0.513117,-228.678772,93.790428,87.117073
847,7.058333,-0.010414,0.857885,-0.005528,0.513706,-228.737610,93.790482,87.119545
848,7.066667,-0.009313,0.857143,-0.004884,0.514971,-228.846573,93.762115,87.100281
849,7.075000,-0.009057,0.856535,-0.004699,0.515989,-228.954147,93.738640,87.088799
850,7.083333,-0.011044,0.856576,-0.005443,0.515875,-229.014999,93.732597,87.088737
851,7.091667,-0.011021,0.855539,-0.005145,0.517596,-229.113358,93.709641,87.067047
852,7.100000,-0.007616,0.854624,-0.006243,0.519155,-229.203033,93.710152,87.049088
853,7.108333,-0.005849,0.854042,-0.006591,0.520129,-229.294937,93.695335,87.029190
854,7.116667,-0.005195,0.853436,-0.006407,0.521133,-229.389618,93.669121,87.006004
855,7.125000,-0.005263,0.853000,-0.006667,0.521842,-229.484741,93.646111,86.982811
856,7.133333,-0.006059,0.852296,-0.007254,0.522974,-229.570419,93.641129,86.972115
857,7.141667,-0.006156,0.851103,-0.007182,0.524914,-229.668304,93.623802,86.960449
858,7.150000,-0.006551,0.850577,-0.006771,0.525767,-229.752869,93.606369,86.948029
859,7.158333,-0.006851,0.850338,-0.006557,0.526152,-229.838425,93.588905,86.933823
860,7.166667,-0.007093,0.849656,-0.006762,0.527247,-229.933334,93.574402,86.912582
861,7.175000,-0.007257,0.849096,-0.006323,0.528151,-230.011887,93.563202,86.901817
862,7.183333,-0.007593,0.848472,-0.006256,0.529148,-230.090958,93.553032,86.885475
863,7.191667,-0.007583,0.847948,-0.007525,0.529971,-230.170685,93.537262,86.874107
864,7.200000,-0.007814,0.846890,-0.007337,0.531660,-230.271790,93.518585,86.845482
865,7.208333,-0.007291,0.846038,-0.006774,0.533029,-230.371429,93.500992,86.820557
866,7.216667,-0.007694,0.846693,-0.005788,0.531995,-230.422455,93.508591,86.816475
867,7.225000,-0.007764,0.846178,-0.005476,0.532816,-230.491119,93.495499,86.802849
868,7.233333,-0.007160,0.844887,-0.005485,0.534868,-230.591553,93.470657,86.782814
869,7.241667,-0.007655,0.844930,-0.006247,0.534786,-230.654144,93.459366,86.771164
870,7.250000,-0.007481,0.844631,-0.006654,0.535256,-230.728271,93.448143,86.757919
871,7.258333,-0.007992,0.844170,-0.006935,0.535971,-230.797150,93.441299,86.744804
872,7.266667,-0.008254,0.842901,-0.006779,0.537962,-230.888672,93.425537,86.720711
873,7.275000,-0.008378,0.842812,-0.006747,0.538101,-230.954926,93.405403,86.711197
874,7.283333,-0.008211,0.842384,-0.006982,0.538770,-231.027939,93.387352,86.694260
875,7.291667,-0.007829,0.841390,-0.006673,0.540331,-231.127899,93.362831,86.668816
876,7.300000,-0.007563,0.840327,-0.005241,0.542002,-231.223053,93.334564,86.639717
877,7.308333,-0.008124,0.840743,-0.005801,0.541342,-231.277847,93.322662,86.626266
878,7.316667,-0.008169,0.840328,-0.006225,0.541981,-231.355331,93.311096,86.614914
879,7.325000,-0.005154,0.838687,-0.006998,0.544544,-231.452652,93.306229,86.586594
880,7.333333,-0.004316,0.837535,-0.006159,0.546331,-231.542664,93.280998,86.560623
881,7.341667,-0.005252,0.838477,-0.006867,0.544869,-231.575607,93.276840,86.548820
882,7.350000,-0.005522,0.838299,-0.006866,0.545140,-231.632141,93.259583,86.532295
883,7.358333,-0.004903,0.836809,-0.005768,0.547443,-231.727768,93.227524,86.500343
884,7.366667,-0.004072,0.835985,-0.004796,0.548717,-231.806519,93.191216,86.476959
885,7.375000,-0.004286,0.835704,-0.005153,0.549139,-231.856064,93.176224,86.463219
886,7.383333,-0.005918,0.836708,-0.007085,0.547571,-231.864166,93.187767,86.460976
887,7.391667,-0.005232,0.835216,-0.005692,0.549868,-231.958466,93.158508,86.432976
888,7.400000,-0.004233,0.834043,-0.004425,0.551665,-232.045273,93.123566,86.410973
889,7.408333,-0.003595,0.833698,-0.003884,0.552195,-232.117004,93.098640,86.387566
890,7.416667,-0.004246,0.833682,-0.004367,0.552211,-232.161209,93.089935,86.379570
891,7.425000,-0.004758,0.832784,-0.005380,0.553551,-232.243729,93.070389,86.353729
892,7.433333,-0.004908,0.831950,-0.005554,0.554802,-232.330948,93.030212,86.325348
893,7.441667,-0.004755,0.831739,-0.004832,0.555125,-232.418869,92.998695,86.297974
894,7.450000,-0.004995,0.831211,-0.004759,0.555914,-232.506653,92.961815,86.269257
895,7.458333,-0.005350,0.830637,-0.003880,0.556775,-232.597931,92.907883,86.251068
896,7.466667,-0.005209,0.830257,-0.002878,0.557350,-232.684784,92.853691,86.229271
897,7.475000,-0.005700,0.829312,-0.002154,0.558752,-232.799316,92.800507,86.187691
898,7.483333,-0.004548,0.827697,-0.001402,0.561155,-232.910110,92.759186,86.134041
899,7.491667,-0.004685,0.827038,-0.001304,0.562125,-233.023163,92.726006,86.078804
900,7.500000,-0.004392,0.826170,-0.000858,0.563403,-233.131378,92.694763,86.029335
901,7.508333,-0.004377,0.825292,0.000120,0.564689,-233.250290,92.668083,85.976059
902,7.516667,-0.004099,0.824606,0.000524,0.565693,-233.370239,92.638741,85.923042
903,7.525000,-0.003825,0.823502,0.001108,0.567299,-233.498764,92.602310,85.866898
904,7.533333,-0.002822,0.822496,0.002280,0.568759,-233.627182,92.579803,85.817245
905,7.541667,-0.002316,0.821352,0.003486,0.570406,-233.758240,92.558113,85.755516
906,7.550000,-0.002276,0.820548,0.005811,0.571544,-233.889725,92.563942,85.698174
907,7.558333,0.001748,0.818927,0.004389,0.573879,-234.018036,92.593178,85.624992
908,7.566667,0.000600,0.818021,0.003606,0.575177,-234.130402,92.601982,85.567017
909,7.575000,-0.000903,0.817342,0.002677,0.576146,-234.235886,92.617455,85.516525
910,7.583333,-0.001895,0.816898,0.002212,0.576775,-234.331818,92.624619,85.470253
911,7.591667,-0.002663,0.816199,0.002443,0.577760,-234.429001,92.610466,85.429588
912,7.600000,-0.002900,0.815383,0.002888,0.578907,-234.523087,92.591446,85.392914
913,7.608333,-0.002789,0.815029,0.003142,0.579405,-234.614914,92.572609,85.352493
914,7.616667,-0.002278,0.814635,0.003176,0.579961,-234.704666,92.566368,85.306274
915,7.625000,-0.002125,0.813722,0.003203,0.581242,-234.780334,92.568932,85.266342
916,7.633333,-0.002187,0.812970,0.002999,0.582293,-234.848923,92.578850,85.227234
917,7.641667,0.001384,0.811899,0.001322,0.583795,-234.924652,92.614838,85.181519
918,7.650000,0.002448,0.811393,0.001009,0.584495,-234.990509,92.619614,85.147018
919,7.658333,0.002396,0.811138,0.000992,0.584850,-235.050720,92.610199,85.120667
920,7.666667,0.001998,0.810688,0.000890,0.585474,-235.108765,92.594551,85.095940
921,7.675000,0.001352,0.810069,0.000921,0.586332,-235.168427,92.585220,85.069481
922,7.683333,0.000729,0.809728,0.001208,0.586804,-235.223572,92.582184,85.040245
923,7.691667,0.000019,0.809872,0.004523,0.586590,-235.281555,92.601578,85.010963
924,7.700000,-0.001058,0.809631,0.004684,0.586920,-235.331375,92.614906,84.986397
925,7.708333,-0.002677,0.809234,0.003113,0.587472,-235.375549,92.628365,84.964249
926,7.716667,-0.003071,0.808977,0.002501,0.587827,-235.410568,92.628441,84.950676
927,7.725000,-0.002786,0.808781,0.002681,0.588097,-235.440445,92.619400,84.937988
928,7.733333,-0.002380,0.808519,0.003046,0.588457,-235.468430,92.606644,84.928810
929,7.741667,-0.002286,0.808351,0.003451,0.588687,-235.495667,92.601517,84.919998
930,7.750000,-0.002311,0.808241,0.003729,0.588836,-235.520905,92.600418,84.908798
931,7.758333,-0.002237,0.808059,0.003406,0.589087,-235.536057,92.607338,84.897530
932,7.766667,-0.002410,0.807818,0.002834,0.589420,-235.546524,92.611107,84.890846
933,7.775000,-0.002168,0.807756,0.002548,0.589507,-235.547546,92.610909,84.884567
934,7.783333,-0.002793,0.807000,0.002999,0.590538,-235.543472,92.597755,84.871361
935,7.791667,-0.001153,0.806833,0.002827,0.590772,-235.532379,92.592995,84.873268
936,7.800000,-0.000203,0.806894,0.002598,0.590690,-235.512848,92.590141,84.877457
937,7.808333,0.000198,0.806899,0.002027,0.590686,-235.484818,92.577103,84.871651
938,7.816667,-0.002113,0.805899,-0.002137,0.592045,-235.471298,92.571632,84.882408
939,7.825000,0.000814,0.806180,-0.002107,0.591666,-235.438065,92.523315,84.864098
940,7.833333,0.003097,0.806159,-0.002503,0.591686,-235.413773,92.497429,84.857384
941,7.841667,0.004703,0.805796,-0.002250,0.592171,-235.393829,92.488594,84.869492
942,7.850000,0.006276,0.805756,-0.001372,0.592213,-235.376816,92.484467,84.891579
943,7.858333,0.007189,0.805853,-0.000724,0.592071,-235.366440,92.480827,84.913246
944,7.866667,0.004919,0.805971,-0.001607,0.591932,-235.370056,92.507568,84.952370
945,7.875000,0.004968,0.806055,-0.001352,0.591818,-235.368805,92.507507,84.973228
946,7.883333,0.005157,0.805998,-0.000812,0.591895,-235.369690,92.500671,84.994820
947,7.891667,0.006606,0.806332,-0.000234,0.591426,-235.373047,92.490540,85.022011
948,7.900000,0.007129,0.806325,0.000267,0.591430,-235.389755,92.482170,85.053902
949,7.908333,0.007124,0.806261,0.001309,0.591515,-235.404892,92.476059,85.087120
950,7.916667,0.008080,0.806311,0.003779,0.591425,-235.417084,92.479630,85.133049
951,7.925000,0.010681,0.806072,0.005457,0.591696,-235.418991,92.467918,85.194267
952,7.933333,0.012652,0.806026,0.007001,0.591703,-235.421890,92.460480,85.240295
953,7.941667,0.014003,0.805926,0.008426,0.591791,-235.435669,92.455795,85.288231
954,7.950000,0.013989,0.806363,0.010300,0.591166,-235.448868,92.441612,85.356544
955,7.958333,0.015537,0.806632,0.011732,0.590733,-235.465790,92.429482,85.422508
956,7.966667,0.016685,0.807328,0.012822,0.589727,-235.490921,92.429993,85.489151
957,7.975000,0.018850,0.808273,0.015104,0.588313,-235.514709,92.417511,85.552071
958,7.983333,0.017683,0.808687,0.017578,0.587711,-235.548660,92.447823,85.645706
959,7.991667,0.015564,0.810451,0.021550,0.585203,-235.541061,92.409676,85.704201
960,8.000000,0.016029,0.811978,0.023150,0.583009,-235.544174,92.402229,85.744034
961,8.008333,0.016530,0.813528,0.024023,0.580794,-235.548233,92.401543,85.775200
962,8.016667,0.016632,0.814944,0.026588,0.578691,-235.556717,92.415520,85.785118
963,8.025000,0.016931,0.815652,0.026798,0.577674,-235.560059,92.416336,85.793350
964,8.033333,0.016925,0.815749,0.026712,0.577542,-235.558777,92.414268,85.793762
965,8.041667,0.016734,0.815457,0.026569,0.577965,-235.552719,92.413300,85.792099
966,8.050000,0.016801,0.814571,0.024030,0.579323,-235.540359,92.403030,85.785294
967,8.058333,0.016260,0.813288,0.022647,0.581193,-235.524292,92.394836,85.761848
968,8.066667,0.016012,0.811559,0.021576,0.583653,-235.503860,92.391502,85.740265
969,8.075000,0.017842,0.809554,0.019761,0.586442,-235.477142,92.400780,85.714645
970,8.083333,0.018174,0.806903,0.016509,0.590174,-235.451370,92.426643,85.690506
971,8.091667,0.019474,0.805060,0.014752,0.592690,-235.429474,92.431213,85.662979
972,8.100000,0.018579,0.802817,0.014599,0.595757,-235.417038,92.425873,85.627327
973,8.108333,0.018474,0.801026,0.014252,0.598174,-235.420898,92.428963,85.610184
974,8.116667,0.019412,0.799661,0.014914,0.599953,-235.433701,92.415222,85.599960
975,8.125000,0.019021,0.798353,0.015105,0.601700,-235.469940,92.414955,85.595901
976,8.133333,0.018737,0.797617,0.015675,0.602669,-235.499954,92.411217,85.597969
977,8.141667,0.019050,0.797012,0.018053,0.603393,-235.518600,92.417801,85.617485
978,8.150000,0.019583,0.796331,0.019441,0.604231,-235.521194,92.413887,85.651154
979,8.158333,0.020089,0.795928,0.019854,0.604732,-235.508545,92.411453,85.673317
980,8.166667,0.020852,0.795761,0.019957,0.604923,-235.490494,92.412483,85.693207
981,8.175000,0.021686,0.795902,0.020226,0.604699,-235.470627,92.408493,85.700249
982,8.183333,0.022317,0.796192,0.020269,0.604293,-235.452362,92.405106,85.701309
983,8.191667,0.022290,0.796676,0.019825,0.603670,-235.434341,92.408798,85.686028
984,8.200000,0.022340,0.796864,0.018191,0.603472,-235.419342,92.405212,85.675575
985,8.208333,0.022309,0.797206,0.017408,0.603044,-235.418869,92.403687,85.669968
986,8.216667,0.022043,0.797308,0.017216,0.602924,-235.428955,92.400894,85.666000
987,8.225000,0.021602,0.797337,0.017325,0.602899,-235.444672,92.402145,85.658348
988,8.233333,0.021209,0.797334,0.017227,0.602920,-235.457184,92.401382,85.646149
989,8.241667,0.020861,0.797458,0.017070,0.602772,-235.473495,92.401474,85.632271
990,8.250000,0.020115,0.797705,0.016851,0.602476,-235.492081,92.402367,85.620888
991,8.258333,0.019993,0.797842,0.016562,0.602307,-235.498688,92.399147,85.612785
992,8.266667,0.020176,0.797854,0.016377,0.602291,-235.495636,92.397728,85.619774
993,8.275000,0.020942,0.797676,0.016705,0.602490,-235.480286,92.393852,85.631859
994,8.283333,0.021360,0.797453,0.017017,0.602763,-235.462784,92.396423,85.640244
995,8.291667,0.021560,0.797304,0.017432,0.602941,-235.445984,92.400970,85.647011
996,8.300000,0.021909,0.797187,0.017593,0.603079,-235.436707,92.403214,85.654579
997,8.308333,0.021836,0.797174,0.017658,0.603096,-235.432739,92.405167,85.659927
998,8.316667,0.021782,0.797153,0.017671,0.603125,-235.432892,92.405174,85.657700
999,8.325000,0.021631,0.797213,0.017527,0.603056,-235.436874,92.401352,85.657234
1000,8.333333,0.021477,0.797260,0.017412,0.603003,-235.445648,92.401764,85.653252
1001,8.341667,0.021242,0.797320,0.017327,0.602934,-235.457611,92.400185,85.643028
1002,8.350000,0.020952,0.797410,0.016984,0.602835,-235.471252,92.400284,85.634903
1003,8.358333,0.020372,0.797553,0.016568,0.602677,-235.486893,92.400047,85.623421
1004,8.366667,0.019978,0.797737,0.016608,0.602446,-235.495850,92.399323,85.620895
1005,8.375000,0.020250,0.797599,0.018605,0.602561,-235.496933,92.407753,85.638786
1006,8.383333,0.020931,0.797262,0.018336,0.602991,-235.481216,92.404129,85.644539
1007,8.391667,0.021064,0.797196,0.017664,0.603094,-235.466309,92.402863,85.647217
1008,8.400000,0.021217,0.797174,0.017268,0.603130,-235.454819,92.401031,85.642731
1009,8.408333,0.021434,0.797298,0.017171,0.602961,-235.452240,92.398766,85.644608
1010,8.416667,0.021406,0.797340,0.017085,0.602908,-235.454865,92.399086,85.645630
1011,8.425000,0.021192,0.797304,0.017178,0.602961,-235.458069,92.400017,85.639366
1012,8.433333,0.020995,0.797379,0.017298,0.602866,-235.465332,92.401588,85.634972
1013,8.441667,0.020603,0.797407,0.017324,0.602841,-235.476807,92.401741,85.626350
1014,8.450000,0.020480,0.797553,0.017102,0.602659,-235.485794,92.401978,85.622391
1015,8.458333,0.020529,0.797574,0.016669,0.602641,-235.482437,92.397949,85.625587
1016,8.466667,0.020854,0.797510,0.016593,0.602716,-235.472916,92.396721,85.631981
1017,8.475000,0.021175,0.797343,0.016930,0.602918,-235.464645,92.399887,85.637756
1018,8.483333,0.021166,0.797254,0.017350,0.603023,-235.460327,92.400665,85.642319
1019,8.491667,0.020855,0.797223,0.019098,0.603022,-235.463593,92.409683,85.647598
1020,8.500000,0.020868,0.797061,0.018541,0.603253,-235.464951,92.409744,85.643829
1021,8.508333,0.020772,0.797122,0.017920,0.603194,-235.470963,92.406746,85.637764
1022,8.516667,0.020148,0.797382,0.017372,0.602889,-235.479568,92.403534,85.630226
1023,8.525000,0.020518,0.797537,0.016812,0.602687,-235.481400,92.398277,85.628868
1024,8.533333,0.020820,0.797534,0.018924,0.602617,-235.480591,92.405632,85.640892
1025,8.541667,0.020906,0.797213,0.018391,0.603056,-235.469406,92.404152,85.638412
1026,8.550000,0.021013,0.797166,0.017711,0.603134,-235.464615,92.403046,85.636864
1027,8.558333,0.020897,0.797279,0.017019,0.603009,-235.468887,92.402344,85.633995
1028,8.566667,0.020578,0.797404,0.016717,0.602864,-235.475449,92.401085,85.626274
1029,8.575000,0.020356,0.797512,0.016574,0.602731,-235.477570,92.399254,85.625587
1030,8.583333,0.020623,0.797504,0.016503,0.602735,-235.474152,92.397766,85.627434
1031,8.591667,0.020772,0.797477,0.016684,0.602760,-235.471390,92.397667,85.630577
1032,8.600000,0.020780,0.797424,0.016682,0.602830,-235.472794,92.399376,85.630440
1033,8.608333,0.020522,0.797364,0.016876,0.602914,-235.476944,92.401909,85.626526
1034,8.616667,0.020583,0.797406,0.016724,0.602861,-235.477188,92.401283,85.626915
1035,8.625000,0.020728,0.797451,0.016691,0.602796,-235.474686,92.400238,85.628242
1036,8.633333,0.020843,0.797419,0.016737,0.602834,-235.474045,92.399834,85.630768
1037,8.641667,0.020630,0.797396,0.016871,0.602868,-235.476349,92.400742,85.629295
1038,8.650000,0.020555,0.797411,0.016925,0.602849,-235.477097,92.399551,85.626617
1039,8.658333,0.020783,0.797474,0.016673,0.602765,-235.476562,92.398003,85.629349
1040,8.666667,0.020789,0.797469,0.016634,0.602773,-235.476013,92.396286,85.628044
1041,8.675000,0.020436,0.797447,0.016519,0.602816,-235.479385,92.401245,85.628601
1042,8.683333,0.020499,0.797477,0.016609,0.602772,-235.478043,92.399719,85.629585
1043,8.691667,0.020638,0.797511,0.016769,0.602718,-235.476807,92.398857,85.628952
1044,8.700000,0.020642,0.797448,0.016839,0.602799,-235.478790,92.399994,85.625900
1045,8.708333,0.020651,0.797464,0.016879,0.602777,-235.477524,92.398285,85.626411
1046,8.716667,0.020645,0.797420,0.016688,0.602841,-235.476929,92.399513,85.628281
1047,8.725000,0.020434,0.797468,0.016623,0.602786,-235.477585,92.400749,85.626434
1048,8.733333,0.020567,0.797458,0.016535,0.602797,-235.476929,92.399666,85.625748
1049,8.741667,0.020640,0.797444,0.016540,0.602812,-235.476166,92.398872,85.625748
1050,8.750000,0.020461,0.797495,0.016586,0.602750,-235.476654,92.400047,85.623917
1051,8.758333,0.020527,0.797492,0.016613,0.602752,-235.475281,92.398018,85.625954
1052,8.766667,0.020574,0.797417,0.016646,0.602848,-235.475800,92.400215,85.622993
1053,8.775000,0.020576,0.797414,0.016681,0.602851,-235.475952,92.401703,85.624924
1054,8.783333,0.020709,0.797413,0.016700,0.602847,-235.474045,92.400688,85.623276
1055,8.791667,0.020758,0.797404,0.016571,0.602861,-235.475204,92.401306,85.622963
1056,8.800000,0.020606,0.797465,0.016591,0.602786,-235.475327,92.399292,85.624245
1057,8.808333,0.020623,0.797472,0.016710,0.602772,-235.475739,92.398766,85.622475
1058,8.816667,0.020597,0.797449,0.016825,0.602800,-235.476685,92.399368,85.624863
1059,8.825000,0.020606,0.797423,0.016780,0.602835,-235.475708,92.399559,85.623703
1060,8.833333,0.020608,0.797460,0.016653,0.602790,-235.476044,92.399475,85.623825
1061,8.841667,0.020541,0.797482,0.016676,0.602763,-235.476593,92.400352,85.623100
1062,8.850000,0.020631,0.797508,0.016844,0.602720,-235.475739,92.397629,85.623344
1063,8.858333,0.020666,0.797453,0.016736,0.602795,-235.475586,92.397995,85.623322
1064,8.866667,0.020555,0.797466,0.016674,0.602783,-235.475296,92.398697,85.623512
1065,8.875000,0.020746,0.797407,0.016606,0.602857,-235.475540,92.399010,85.623543
1066,8.883333,0.020826,0.797401,0.016531,0.602864,-235.475403,92.399696,85.624107
1067,8.891667,0.020738,0.797416,0.016530,0.602847,-235.474213,92.399948,85.623589
1068,8.900000,0.020650,0.797486,0.016681,0.602753,-235.474609,92.400581,85.625198
1069,8.908333,0.020504,0.797485,0.016635,0.602761,-235.474869,92.399582,85.623604
1070,8.916667,0.020604,0.797489,0.016743,0.602749,-235.475800,92.400513,85.624847
1071,8.925000,0.020654,0.797396,0.016757,0.602870,-235.475800,92.400566,85.624710
1072,8.933333,0.020509,0.797455,0.016743,0.602798,-235.474945,92.400459,85.625885
1073,8.941667,0.020494,0.797465,0.016674,0.602786,-235.475250,92.400864,85.627396
1074,8.950000,0.020481,0.797451,0.016717,0.602804,-235.475922,92.400650,85.627022
1075,8.958333,0.020549,0.797436,0.016780,0.602821,-235.476608,92.400574,85.626907
1076,8.966667,0.020568,0.797207,0.016658,0.603126,-235.482925,92.400307,85.619995
1077,8.975000,0.020442,0.797230,0.016855,0.603094,-235.486984,92.396965,85.618881
1078,8.983333,0.020006,0.797228,0.016984,0.603107,-235.490067,92.394493,85.617569
1079,8.991667,0.019725,0.797227,0.016956,0.603119,-235.491821,92.392769,85.615845
1080,9.000000,0.019772,0.797253,0.016994,0.603081,-235.492401,92.392746,85.617264
1081,9.008333,0.019789,0.797236,0.016938,0.603105,-235.492020,92.394142,85.616776
1082,9.016667,0.019885,0.797214,0.017006,0.603130,-235.492188,92.395470,85.617157
1083,9.025000,0.019804,0.797227,0.017074,0.603113,-235.491653,92.396461,85.618248
1084,9.033333,0.019775,0.797177,0.017036,0.603181,-235.490723,92.395241,85.617233
1085,9.041667,0.019685,0.797161,0.017018,0.603206,-235.490341,92.395172,85.617569
1086,9.050000,0.019961,0.797179,0.017094,0.603170,-235.489838,92.394669,85.616760
1087,9.058333,0.019841,0.797178,0.017071,0.603177,-235.489731,92.394188,85.615852
1088,9.066667,0.019929,0.797216,0.016825,0.603130,-235.489532,92.394737,85.615746
1089,9.075000,0.019959,0.797196,0.016843,0.603156,-235.489746,92.393448,85.614983
1090,9.083333,0.019818,0.797160,0.016881,0.603207,-235.490448,92.395386,85.615501
1091,9.091667,0.019912,0.797160,0.016960,0.603202,-235.488983,92.394440,85.617233
1092,9.100000,0.019904,0.797151,0.017078,0.603210,-235.490112,92.395035,85.616249
1093,9.108333,0.019957,0.797137,0.017117,0.603226,-235.491135,92.395393,85.615898
1094,9.116667,0.019788,0.797136,0.017043,0.603235,-235.491760,92.394035,85.617455
1095,9.125000,0.019687,0.797171,0.017148,0.603189,-235.491806,92.393425,85.616615
1096,9.133333,0.019669,0.797162,0.017020,0.603205,-235.493088,92.393532,85.615707
1097,9.141667,0.019547,0.797214,0.017061,0.603140,-235.494019,92.393692,85.616127
1098,9.150000,0.019496,0.797222,0.017032,0.603131,-235.494736,92.393036,85.615234
1099,9.158333,0.019418,0.797212,0.017082,0.603145,-235.495544,92.391747,85.614502
1100,9.166667,0.019281,0.797218,0.017161,0.603139,-235.496429,92.392555,85.614388
1101,9.175000,0.019242,0.797189,0.017102,0.603181,-235.496231,92.392578,85.614449
1102,9.183333,0.019221,0.797223,0.017171,0.603135,-235.496140,92.392570,85.614838
1103,9.191667,0.019114,0.797212,0.017165,0.603153,-235.496765,92.392059,85.612228
1104,9.200000,0.019048,0.797210,0.017036,0.603161,-235.496902,92.391548,85.612427
1105,9.208333,0.018927,0.797233,0.017112,0.603132,-235.496811,92.389992,85.613823
1106,9.216667,0.019100,0.797219,0.017154,0.603144,-235.497238,92.389397,85.613136
1107,9.225000,0.018858,0.797164,0.017113,0.603226,-235.497787,92.389893,85.612938
1108,9.233333,0.019132,0.797135,0.017070,0.603256,-235.496429,92.389580,85.612259
1109,9.241667,0.019189,0.797190,0.017099,0.603182,-235.496490,92.390167,85.612938
1110,9.250000,0.019001,0.797240,0.017052,0.603123,-235.496658,92.391510,85.613701
1111,9.258333,0.019180,0.797231,0.017138,0.603126,-235.495880,92.390633,85.612953
1112,9.266667,0.019337,0.797223,0.017044,0.603134,-235.495758,92.392746,85.614044
