Format Version,1.25,Take Name,Take 2025-11-27 05.13.15 PM,Take Notes,,Capture Frame Rate,120.000000,Export Frame Rate,120.000000,Capture Start Time,2025-11-27 05.13.15.968 PM,Capture Start Frame,63580,Total Frames in Take,1042,Total Exported Frames,1042,Rotation Type,Quaternion,Length Units,Centimeters,Coordinate Space,Global

,Type,Rigid Body,Rigid Body,Rigid Body,Rigid Body,Rigid Body,Rigid Body,Rigid Body
,Name,SEE_large,SEE_large,SEE_large,SEE_large,SEE_large,SEE_large,SEE_large
,ID,B4680608301811F031C44B617C10C291,B4680608301811F031C44B617C10C291,B4680608301811F031C44B617C10C291,B4680608301811F031C44B617C10C291,B4680608301811F031C44B617C10C291,B4680608301811F031C44B617C10C291,B4680608301811F031C44B617C10C291
,Parent,,,,,,,
,,Rotation,Rotation,Rotation,Rotation,Position,Position,Position
Frame,Time (Seconds),X,Y,Z,W,X,Y,Z
0,0.000000,-0.005313,0.931070,0.027211,0.363785,-215.538864,92.194328,84.260765
1,0.008333,-0.005466,0.931079,0.027176,0.363764,-215.539337,92.195412,84.260567
2,0.016667,-0.005298,0.931069,0.027173,0.363792,-215.538162,92.194054,84.261009
3,0.025000,-0.005257,0.931089,0.027153,0.363743,-215.538666,92.194427,84.261429
4,0.033333,-0.005332,0.931074,0.027169,0.363779,-215.537979,92.194977,84.261635
5,0.041667,-0.005254,0.931068,0.027141,0.363798,-215.538147,92.195633,84.261543
6,0.050000,-0.005236,0.931068,0.027198,0.363793,-215.537018,92.195358,84.261703
7,0.058333,-0.005199,0.931072,0.027279,0.363777,-215.535263,92.195168,84.261238
8,0.066667,-0.005215,0.931089,0.027214,0.363738,-215.534241,92.194786,84.261093
9,0.075000,-0.005244,0.931091,0.027256,0.363729,-215.531845,92.194420,84.260269
10,0.083333,-0.005108,0.931113,0.027115,0.363686,-215.530640,92.194717,84.259125
11,0.091667,-0.005255,0.931113,0.027078,0.363688,-215.530441,92.194595,84.259399
12,0.100000,-0.005227,0.931105,0.027143,0.363703,-215.530426,92.192856,84.260406
13,0.108333,-0.005329,0.931071,0.027147,0.363788,-215.530304,92.193207,84.259262
14,0.116667,-0.005402,0.931076,0.027208,0.363769,-215.530136,92.192963,84.259361
15,0.125000,-0.005239,0.931080,0.027062,0.363772,-215.531738,92.195282,84.257103
16,0.133333,-0.005234,0.931098,0.027195,0.363717,-215.532608,92.194618,84.258690
17,0.141667,-0.005287,0.931099,0.027212,0.363713,-215.532089,92.194298,84.259201
18,0.150000,-0.005250,0.931068,0.027155,0.363795,-215.533142,92.194603,84.260727
19,0.158333,-0.005393,0.931060,0.027000,0.363826,-215.534424,92.196152,84.260811
20,0.166667,-0.005602,0.931062,0.027132,0.363809,-215.534241,92.194695,84.262344
21,0.175000,-0.005490,0.931042,0.027070,0.363865,-215.534302,92.195702,84.262253
22,0.183333,-0.005373,0.931054,0.027171,0.363830,-215.533783,92.195496,84.261948
23,0.191667,-0.005360,0.931059,0.027210,0.363812,-215.534286,92.195129,84.262016
24,0.200000,-0.005393,0.931073,0.027265,0.363773,-215.533859,92.195427,84.261024
25,0.208333,-0.005423,0.931098,0.027301,0.363707,-215.532349,92.194656,84.261169
26,0.216667,-0.005399,0.931083,0.027236,0.363750,-215.531326,92.194855,84.261490
27,0.225000,-0.005315,0.931088,0.027111,0.363748,-215.529388,92.195053,84.260803
28,0.233333,-0.005328,0.931091,0.027052,0.363745,-215.528961,92.194672,84.259727
29,0.241667,-0.005409,0.931106,0.027162,0.363697,-215.528488,92.193054,84.260338
30,0.250000,-0.005231,0.931077,0.027198,0.363769,-215.529968,92.193527,84.259895
31,0.258333,-0.005201,0.931086,0.027249,0.363743,-215.530853,92.194519,84.259323
32,0.266667,-0.005209,0.931102,0.027257,0.363702,-215.532135,92.194817,84.259560
33,0.275000,-0.005297,0.931074,0.027157,0.363781,-215.533356,92.196037,84.258591
34,0.283333,-0.005309,0.931094,0.027336,0.363714,-215.534332,92.194435,84.259460
35,0.291667,-0.005371,0.931112,0.027244,0.363675,-215.537354,92.195839,84.259377
36,0.300000,-0.005511,0.931121,0.027250,0.363649,-215.537170,92.195198,84.260277
37,0.308333,-0.005526,0.931110,0.027131,0.363687,-215.537979,92.194756,84.259972
38,0.316667,-0.005542,0.931103,0.027220,0.363697,-215.538956,92.194496,84.259880
39,0.325000,-0.005485,0.931117,0.027174,0.363665,-215.539139,92.194977,84.260330
40,0.333333,-0.005632,0.931130,0.027253,0.363624,-215.537994,92.194046,84.260956
41,0.341667,-0.005663,0.931098,0.027208,0.363708,-215.537338,92.194519,84.260452
42,0.350000,-0.005409,0.931083,0.027172,0.363754,-215.536377,92.194664,84.261391
43,0.358333,-0.005422,0.931079,0.027125,0.363768,-215.536636,92.193863,84.261017
44,0.366667,-0.005547,0.931082,0.027073,0.363762,-215.535385,92.193565,84.260674
45,0.375000,-0.005413,0.931092,0.027070,0.363739,-215.535217,92.193413,84.260918
46,0.383333,-0.005379,0.931067,0.027182,0.363794,-215.535385,92.193687,84.259377
47,0.391667,-0.005278,0.931107,0.027170,0.363695,-215.535385,92.193512,84.259766
48,0.400000,-0.005361,0.931078,0.027226,0.363764,-215.535309,92.193474,84.259949
49,0.408333,-0.005404,0.931080,0.027142,0.363763,-215.536377,92.195587,84.258934
50,0.416667,-0.005415,0.931081,0.027150,0.363760,-215.537476,92.195694,84.258812
51,0.425000,-0.005349,0.931078,0.027117,0.363772,-215.538055,92.195007,84.258614
52,0.433333,-0.005546,0.931108,0.027179,0.363688,-215.538574,92.194481,84.259850
53,0.441667,-0.005571,0.931105,0.027118,0.363700,-215.538834,92.195091,84.259155
54,0.450000,-0.005545,0.931110,0.027136,0.363685,-215.539215,92.194542,84.259811
55,0.458333,-0.005524,0.931113,0.027104,0.363681,-215.539307,92.194763,84.260490
56,0.466667,-0.005480,0.931102,0.027077,0.363710,-215.539261,92.194656,84.259125
57,0.475000,-0.005456,0.931088,0.027160,0.363742,-215.539337,92.194214,84.259003
58,0.483333,-0.005493,0.931091,0.027148,0.363733,-215.539383,92.194237,84.259071
59,0.491667,-0.005447,0.931088,0.027222,0.363736,-215.538834,92.193367,84.260246
60,0.500000,-0.005461,0.931093,0.027205,0.363726,-215.538910,92.194092,84.260162
61,0.508333,-0.005498,0.931106,0.027112,0.363699,-215.538818,92.194283,84.260475
62,0.516667,-0.005349,0.931084,0.027016,0.363765,-215.539551,92.195305,84.261101
63,0.525000,-0.005336,0.931095,0.027071,0.363732,-215.539246,92.195007,84.259521
64,0.533333,-0.005451,0.931114,0.027150,0.363676,-215.539719,92.195122,84.258774
65,0.541667,-0.005410,0.931122,0.027160,0.363656,-215.540909,92.195282,84.259254
66,0.550000,-0.005325,0.931108,0.027098,0.363697,-215.540695,92.194946,84.258774
67,0.558333,-0.005475,0.931114,0.027068,0.363680,-215.541748,92.194305,84.257034
68,0.566667,-0.005323,0.931117,0.027085,0.363674,-215.541489,92.194191,84.256859
69,0.575000,-0.005347,0.931135,0.027159,0.363624,-215.541931,92.194756,84.255859
70,0.583333,-0.005379,0.931147,0.027345,0.363579,-215.541382,92.194397,84.256432
71,0.591667,-0.005344,0.931114,0.027272,0.363667,-215.541840,92.195145,84.255760
72,0.600000,-0.005319,0.931122,0.027375,0.363640,-215.540741,92.194275,84.257469
73,0.608333,-0.005612,0.931120,0.027278,0.363649,-215.540894,92.195389,84.256294
74,0.616667,-0.005437,0.931114,0.027231,0.363670,-215.540222,92.194710,84.258156
75,0.625000,-0.005490,0.931132,0.027190,0.363626,-215.539841,92.193970,84.260506
76,0.633333,-0.005478,0.931125,0.027115,0.363651,-215.539886,92.193642,84.260452
77,0.641667,-0.005254,0.931076,0.027131,0.363778,-215.539688,92.194489,84.259880
78,0.650000,-0.005383,0.931106,0.027165,0.363697,-215.539856,92.193642,84.260849
79,0.658333,-0.005382,0.931118,0.027125,0.363668,-215.540222,92.193642,84.261345
80,0.666667,-0.005460,0.931124,0.027125,0.363653,-215.539093,92.194138,84.260292
81,0.675000,-0.005287,0.931093,0.027091,0.363735,-215.538071,92.194092,84.259842
82,0.683333,-0.005382,0.931119,0.027119,0.363666,-215.537506,92.194260,84.259476
83,0.691667,-0.005245,0.931100,0.027220,0.363709,-215.536911,92.194786,84.258430
84,0.700000,-0.005273,0.931107,0.027179,0.363693,-215.536972,92.195969,84.258179
85,0.708333,-0.005387,0.931113,0.027290,0.363669,-215.535980,92.194977,84.259232
86,0.716667,-0.005473,0.931117,0.027266,0.363659,-215.536118,92.195549,84.258568
87,0.725000,-0.005370,0.931116,0.027238,0.363664,-215.536331,92.194496,84.258324
88,0.733333,-0.005371,0.931122,0.027284,0.363646,-215.535645,92.194252,84.258110
89,0.741667,-0.005381,0.931152,0.027224,0.363573,-215.537521,92.193489,84.257439
90,0.750000,-0.005225,0.931150,0.027259,0.363578,-215.538116,92.193787,84.257523
91,0.758333,-0.005325,0.931176,0.027250,0.363510,-215.539520,92.194824,84.257919
92,0.766667,-0.005252,0.931162,0.027269,0.363546,-215.539795,92.195473,84.258553
93,0.775000,-0.005260,0.931125,0.027336,0.363637,-215.539627,92.195473,84.258026
94,0.783333,-0.005279,0.931131,0.027228,0.363628,-215.540359,92.196098,84.259712
95,0.791667,-0.005450,0.931129,0.027201,0.363633,-215.538956,92.195518,84.259872
96,0.800000,-0.005441,0.931129,0.027197,0.363634,-215.537933,92.195221,84.261604
97,0.808333,-0.005685,0.931063,0.027134,0.363804,-215.538406,92.197533,84.264603
98,0.816667,-0.005467,0.931076,0.027126,0.363775,-215.535858,92.197655,84.263130
99,0.825000,-0.005571,0.931100,0.027159,0.363709,-215.534622,92.197014,84.261986
100,0.833333,-0.005399,0.931114,0.027146,0.363677,-215.535156,92.195969,84.260521
101,0.841667,-0.005307,0.931126,0.027266,0.363637,-215.535568,92.195465,84.259979
102,0.850000,-0.005315,0.931142,0.027300,0.363594,-215.535904,92.194763,84.259705
103,0.858333,-0.005307,0.931142,0.027316,0.363593,-215.536591,92.195152,84.259491
104,0.866667,-0.005299,0.931154,0.027288,0.363564,-215.537262,92.196075,84.257767
105,0.875000,-0.005451,0.931188,0.027379,0.363469,-215.537476,92.196381,84.256813
106,0.883333,-0.005267,0.931178,0.027473,0.363490,-215.537506,92.195633,84.257584
107,0.891667,-0.005408,0.931170,0.027356,0.363518,-215.538239,92.196114,84.257645
108,0.900000,-0.005390,0.931161,0.027282,0.363545,-215.539291,92.195908,84.258881
109,0.908333,-0.005303,0.931134,0.027121,0.363628,-215.539215,92.195221,84.259300
110,0.916667,-0.005256,0.931135,0.027053,0.363632,-215.539978,92.195145,84.258865
111,0.925000,-0.005323,0.931130,0.027101,0.363639,-215.540054,92.194931,84.260208
112,0.933333,-0.005344,0.931149,0.027121,0.363589,-215.540649,92.195282,84.260239
113,0.941667,-0.005207,0.931162,0.027067,0.363563,-215.541718,92.196190,84.261147
114,0.950000,-0.005375,0.931148,0.027302,0.363578,-215.540665,92.195572,84.261612
115,0.958333,-0.005383,0.931117,0.027336,0.363654,-215.539124,92.195381,84.260712
116,0.966667,-0.005334,0.931131,0.027291,0.363624,-215.539291,92.195450,84.262299
117,0.975000,-0.005365,0.931101,0.027326,0.363696,-215.538162,92.196220,84.261887
118,0.983333,-0.005471,0.931111,0.027328,0.363670,-215.537018,92.196037,84.263710
119,0.991667,-0.005434,0.931109,0.027289,0.363679,-215.535599,92.195755,84.265511
120,1.000000,-0.005388,0.931093,0.027267,0.363721,-215.533325,92.195633,84.265800
121,1.008333,-0.005407,0.931109,0.027101,0.363694,-215.533142,92.196167,84.266777
122,1.016667,-0.005338,0.931074,0.027074,0.363784,-215.532227,92.196518,84.264717
123,1.025000,-0.005480,0.931099,0.027190,0.363711,-215.533096,92.194656,84.266022
124,1.033333,-0.005423,0.931100,0.027335,0.363698,-215.533447,92.194298,84.264275
125,1.041667,-0.005353,0.931111,0.027210,0.363681,-215.535919,92.195877,84.260712
126,1.050000,-0.005281,0.931112,0.027239,0.363676,-215.537445,92.195457,84.260384
127,1.058333,-0.005370,0.931124,0.027228,0.363646,-215.538147,92.194801,84.258606
128,1.066667,-0.005293,0.931125,0.027149,0.363651,-215.539246,92.195572,84.258064
129,1.075000,-0.005438,0.931125,0.027234,0.363641,-215.539093,92.194344,84.258148
130,1.083333,-0.005310,0.931126,0.027196,0.363643,-215.540192,92.194107,84.257278
131,1.091667,-0.005433,0.931153,0.027110,0.363578,-215.540787,92.195511,84.255173
132,1.100000,-0.005381,0.931149,0.027206,0.363583,-215.540344,92.194695,84.254631
133,1.108333,-0.005407,0.931156,0.027179,0.363567,-215.541153,92.196053,84.253716
134,1.116667,-0.005430,0.931144,0.027217,0.363593,-215.541763,92.196838,84.253380
135,1.125000,-0.005246,0.931143,0.027256,0.363596,-215.542099,92.196167,84.254112
136,1.133333,-0.005342,0.931179,0.027236,0.363503,-215.541748,92.195267,84.253815
137,1.141667,-0.005276,0.931180,0.027171,0.363508,-215.541656,92.194054,84.253784
138,1.150000,-0.005236,0.931151,0.027233,0.363579,-215.542725,92.195000,84.255363
139,1.158333,-0.005423,0.931138,0.027316,0.363601,-215.541489,92.195168,84.255585
140,1.166667,-0.005384,0.931146,0.027323,0.363582,-215.541702,92.195824,84.256851
141,1.175000,-0.005404,0.931135,0.027311,0.363610,-215.540985,92.195946,84.257332
142,1.183333,-0.005443,0.931127,0.027316,0.363631,-215.540482,92.195389,84.256844
143,1.191667,-0.005476,0.931140,0.027255,0.363600,-215.540497,92.195236,84.256081
144,1.200000,-0.005428,0.931138,0.027216,0.363609,-215.540482,92.194649,84.256783
145,1.208333,-0.005369,0.931155,0.027172,0.363571,-215.540665,92.195908,84.256607
146,1.216667,-0.005317,0.931113,0.027164,0.363678,-215.539886,92.195114,84.256622
147,1.225000,-0.005414,0.931130,0.027143,0.363635,-215.539963,92.194717,84.256905
148,1.233333,-0.005458,0.931140,0.027264,0.363599,-215.539505,92.194214,84.257248
149,1.241667,-0.005443,0.931134,0.027315,0.363611,-215.539200,92.195023,84.257469
150,1.250000,-0.005422,0.931124,0.027250,0.363643,-215.540741,92.196075,84.257286
151,1.258333,-0.005468,0.931133,0.027287,0.363617,-215.540451,92.195770,84.257462
152,1.266667,-0.005352,0.931157,0.027317,0.363555,-215.540054,92.194855,84.256927
153,1.275000,-0.005344,0.931149,0.027296,0.363576,-215.540131,92.194168,84.257675
154,1.283333,-0.005475,0.931155,0.027412,0.363551,-215.539963,92.193695,84.259384
155,1.291667,-0.005385,0.931112,0.027450,0.363658,-215.539505,92.194649,84.259872
156,1.300000,-0.005457,0.931139,0.027408,0.363592,-215.539078,92.194817,84.261047
157,1.308333,-0.005412,0.931137,0.027368,0.363600,-215.539474,92.194519,84.262489
158,1.316667,-0.005367,0.931137,0.027388,0.363600,-215.539810,92.195450,84.262009
159,1.325000,-0.005288,0.931132,0.027387,0.363615,-215.540054,92.195488,84.263199
160,1.333333,-0.005475,0.931116,0.027303,0.363658,-215.540009,92.196495,84.263351
161,1.341667,-0.005415,0.931106,0.027289,0.363686,-215.539627,92.195961,84.262810
162,1.350000,-0.005405,0.931111,0.027273,0.363675,-215.540817,92.195007,84.262428
163,1.358333,-0.005393,0.931110,0.027300,0.363676,-215.541245,92.194275,84.262428
164,1.366667,-0.005503,0.931118,0.027254,0.363657,-215.542099,92.195084,84.261360
165,1.375000,-0.005545,0.931116,0.027252,0.363661,-215.542938,92.194977,84.260284
166,1.383333,-0.005479,0.931121,0.027232,0.363651,-215.543320,92.194214,84.260445
167,1.391667,-0.005284,0.931116,0.027287,0.363663,-215.542130,92.194336,84.261032
168,1.400000,-0.005357,0.931117,0.027458,0.363645,-215.540268,92.193748,84.259079
169,1.408333,-0.005319,0.931133,0.027465,0.363606,-215.538712,92.193947,84.258018
170,1.416667,-0.005339,0.931140,0.027314,0.363598,-215.539261,92.194572,84.258392
171,1.425000,-0.005357,0.931135,0.027306,0.363611,-215.539719,92.193489,84.259361
172,1.433333,-0.005383,0.931124,0.027305,0.363640,-215.542145,92.194572,84.260864
173,1.441667,-0.005430,0.931120,0.027255,0.363653,-215.543152,92.194519,84.262329
174,1.450000,-0.005355,0.931085,0.027324,0.363738,-215.542465,92.194077,84.262863
175,1.458333,-0.005381,0.931115,0.027290,0.363664,-215.541962,92.194000,84.263115
176,1.466667,-0.005156,0.931127,0.027179,0.363643,-215.540176,92.195206,84.262451
177,1.475000,-0.005184,0.931162,0.027248,0.363548,-215.538208,92.194633,84.262726
178,1.483333,-0.005189,0.931153,0.027180,0.363576,-215.537994,92.194031,84.261780
179,1.491667,-0.005130,0.931137,0.027142,0.363622,-215.537445,92.194092,84.260841
180,1.500000,-0.005093,0.931141,0.027211,0.363606,-215.536667,92.193237,84.261787
181,1.508333,-0.005091,0.931143,0.027404,0.363586,-215.534622,92.192039,84.265747
182,1.516667,-0.005328,0.931075,0.027692,0.363736,-215.533417,92.195038,84.275787
183,1.525000,-0.005252,0.931084,0.027906,0.363697,-215.526031,92.195595,84.282242
184,1.533333,-0.005166,0.931030,0.028039,0.363826,-215.520020,92.198059,84.292801
185,1.541667,-0.005540,0.931148,0.028639,0.363472,-215.511032,92.195091,84.308617
186,1.550000,-0.005465,0.931207,0.028782,0.363311,-215.503052,92.196587,84.321594
187,1.558333,-0.005179,0.931245,0.028932,0.363207,-215.493149,92.198006,84.340378
188,1.566667,-0.004806,0.931246,0.028976,0.363205,-215.481781,92.200264,84.357498
189,1.575000,-0.004707,0.931273,0.029295,0.363111,-215.473267,92.203278,84.372627
190,1.583333,-0.002994,0.931469,0.028616,0.362682,-215.467621,92.212318,84.390732
191,1.591667,-0.002103,0.931701,0.030260,0.361957,-215.464569,92.219292,84.410339
192,1.600000,-0.000456,0.931834,0.030905,0.361566,-215.452057,92.213669,84.434624
193,1.608333,0.000659,0.931911,0.031410,0.361325,-215.434692,92.210197,84.470520
194,1.616667,0.001841,0.931945,0.031550,0.361221,-215.413712,92.212914,84.504150
195,1.625000,0.002673,0.931914,0.032222,0.361236,-215.389877,92.212173,84.535431
196,1.633333,0.003206,0.931795,0.032635,0.361501,-215.370255,92.215118,84.562439
197,1.641667,0.003474,0.931662,0.033073,0.361800,-215.352936,92.216888,84.585297
198,1.650000,0.002826,0.931463,0.033412,0.362288,-215.344833,92.225128,84.605240
199,1.658333,0.003152,0.931369,0.033615,0.362507,-215.339539,92.223419,84.616837
200,1.666667,0.003420,0.931337,0.033814,0.362568,-215.337463,92.224838,84.624908
201,1.675000,0.004240,0.931445,0.033946,0.362270,-215.331100,92.219368,84.625916
202,1.683333,0.003507,0.931364,0.034032,0.362479,-215.336090,92.224548,84.635147
203,1.691667,0.003707,0.931321,0.034114,0.362579,-215.338547,92.223000,84.636909
204,1.700000,0.003799,0.931299,0.034111,0.362634,-215.339279,92.220947,84.638443
205,1.708333,0.003820,0.931297,0.034187,0.362632,-215.339828,92.221046,84.640434
206,1.716667,0.003865,0.931316,0.034174,0.362584,-215.337952,92.220078,84.645668
207,1.725000,0.003905,0.931297,0.034203,0.362631,-215.335724,92.221275,84.651756
208,1.733333,0.003881,0.931322,0.034563,0.362533,-215.334564,92.223358,84.662895
209,1.741667,0.003980,0.931317,0.034821,0.362520,-215.334366,92.226364,84.675278
210,1.750000,0.005434,0.931404,0.035098,0.362250,-215.328186,92.212395,84.684723
211,1.758333,0.006001,0.931438,0.035155,0.362147,-215.331787,92.211517,84.691689
212,1.766667,0.006134,0.931444,0.035555,0.362093,-215.339188,92.209534,84.694725
213,1.775000,0.006086,0.931459,0.035777,0.362032,-215.349533,92.207947,84.694534
214,1.783333,0.005898,0.931484,0.035878,0.361962,-215.357758,92.207047,84.690857
215,1.791667,0.004039,0.931306,0.035570,0.362475,-215.373810,92.224312,84.692139
216,1.800000,0.003520,0.931211,0.035346,0.362747,-215.380600,92.225281,84.679825
217,1.808333,0.003136,0.931182,0.034745,0.362882,-215.382126,92.226318,84.659576
218,1.816667,0.003106,0.931357,0.034182,0.362485,-215.379379,92.221611,84.628113
219,1.825000,0.002524,0.931437,0.033655,0.362334,-215.386108,92.220909,84.597374
220,1.833333,0.002128,0.931599,0.033329,0.361949,-215.397003,92.221489,84.570236
221,1.841667,0.001836,0.931730,0.032927,0.361652,-215.408463,92.220100,84.544167
222,1.850000,0.001853,0.931817,0.032624,0.361454,-215.422318,92.216003,84.544624
223,1.858333,0.002119,0.931745,0.033770,0.361533,-215.433319,92.225555,84.569519
224,1.866667,0.002442,0.931635,0.034814,0.361715,-215.436981,92.251915,84.594070
225,1.875000,0.002839,0.931548,0.035585,0.361862,-215.434021,92.291420,84.609230
226,1.883333,0.003632,0.931427,0.035852,0.362139,-215.424484,92.337029,84.610268
227,1.891667,0.004001,0.931407,0.038419,0.361924,-215.417816,92.398193,84.610207
228,1.900000,0.003141,0.931392,0.037975,0.362017,-215.419479,92.465805,84.615448
229,1.908333,0.002720,0.931490,0.037292,0.361840,-215.420792,92.522408,84.631454
230,1.916667,0.005472,0.931437,0.035033,0.362170,-215.421982,92.589973,84.646004
231,1.925000,0.005245,0.931542,0.034394,0.361966,-215.409775,92.645241,84.659729
232,1.933333,0.005182,0.931549,0.033853,0.361999,-215.403961,92.694885,84.667084
233,1.941667,0.002586,0.931325,0.033273,0.362656,-215.413925,92.764816,84.684738
234,1.950000,0.002996,0.931424,0.032971,0.362426,-215.410309,92.800255,84.686584
235,1.958333,0.003504,0.931524,0.033469,0.362120,-215.411469,92.842834,84.695892
236,1.966667,0.003916,0.931569,0.034150,0.361937,-215.406342,92.890099,84.707047
237,1.975000,0.004254,0.931725,0.034328,0.361514,-215.397171,92.943054,84.714821
238,1.983333,0.002843,0.931813,0.033354,0.361391,-215.394180,93.007690,84.715591
239,1.991667,0.002890,0.931716,0.033024,0.361673,-215.390640,93.065796,84.725113
240,2.000000,0.005452,0.931280,0.030742,0.362965,-215.397354,93.145981,84.717636
241,2.008333,0.004826,0.931184,0.029952,0.363286,-215.397934,93.210373,84.718201
242,2.016667,0.004577,0.931229,0.029390,0.363219,-215.390594,93.268471,84.723022
243,2.025000,0.002588,0.931500,0.029923,0.362499,-215.378387,93.317955,84.739342
244,2.033333,0.001034,0.931640,0.029691,0.362166,-215.368240,93.387535,84.747986
245,2.041667,0.000592,0.931786,0.029527,0.361804,-215.356308,93.448135,84.758667
246,2.050000,0.000759,0.931765,0.029443,0.361866,-215.349152,93.499466,84.764961
247,2.058333,0.000748,0.931748,0.030408,0.361830,-215.353302,93.558525,84.756577
248,2.066667,0.001659,0.931863,0.030375,0.361532,-215.361603,93.610558,84.756020
249,2.075000,0.001751,0.931766,0.030395,0.361781,-215.369766,93.654617,84.752480
250,2.083333,0.004905,0.931575,0.028231,0.362419,-215.378860,93.711136,84.750206
251,2.091667,0.004965,0.931552,0.026946,0.362574,-215.382462,93.757248,84.757591
252,2.100000,0.004654,0.931646,0.026350,0.362380,-215.378448,93.803391,84.770309
253,2.108333,0.003824,0.931745,0.026048,0.362158,-215.371536,93.851906,84.775826
254,2.116667,0.002984,0.931794,0.026377,0.362016,-215.364868,93.899246,84.780945
255,2.125000,0.001568,0.931809,0.026574,0.361972,-215.361496,93.959114,84.785416
256,2.133333,0.001326,0.931659,0.026462,0.362367,-215.356476,94.016846,84.788719
257,2.141667,0.001229,0.931614,0.027778,0.362385,-215.355560,94.079849,84.793114
258,2.150000,-0.000072,0.931574,0.027014,0.362546,-215.358978,94.148087,84.787407
259,2.158333,0.000150,0.931700,0.026119,0.362289,-215.352036,94.200066,84.777794
260,2.166667,0.000029,0.931890,0.024958,0.361882,-215.345139,94.248459,84.768013
261,2.175000,0.003306,0.932089,0.025969,0.361281,-215.355972,94.334969,84.754730
262,2.183333,0.002534,0.932164,0.025519,0.361128,-215.352722,94.383324,84.748909
263,2.191667,0.000192,0.932048,0.024759,0.361488,-215.357925,94.449242,84.747108
264,2.200000,0.000342,0.932101,0.023305,0.361448,-215.344284,94.482155,84.735413
265,2.208333,-0.000216,0.932050,0.021757,0.361676,-215.336060,94.523880,84.733910
266,2.216667,-0.002102,0.931810,0.020256,0.362374,-215.337921,94.583221,84.728394
267,2.225000,-0.002473,0.931716,0.019790,0.362639,-215.332748,94.625679,84.730301
268,2.233333,-0.002372,0.931876,0.021384,0.362139,-215.332672,94.677475,84.731415
269,2.241667,-0.002301,0.932023,0.021676,0.361742,-215.331299,94.720284,84.731255
270,2.250000,-0.002517,0.932050,0.020818,0.361722,-215.329025,94.758530,84.728935
271,2.258333,-0.002626,0.932146,0.019717,0.361537,-215.325546,94.794556,84.726044
272,2.266667,0.000062,0.931922,0.017188,0.362252,-215.328903,94.845116,84.708923
273,2.275000,-0.000164,0.931982,0.016643,0.362122,-215.330750,94.876129,84.699837
274,2.283333,-0.002402,0.931844,0.016530,0.362474,-215.340454,94.929848,84.697250
275,2.291667,-0.003198,0.931804,0.016422,0.362576,-215.339691,94.968246,84.693932
276,2.300000,-0.002340,0.932148,0.019101,0.361565,-215.333740,95.010445,84.682976
277,2.308333,-0.002546,0.932221,0.019111,0.361375,-215.324905,95.042534,84.682030
278,2.316667,-0.004005,0.932373,0.018352,0.361010,-215.289886,95.088669,84.693268
279,2.325000,-0.005129,0.932401,0.016866,0.360995,-215.291336,95.132935,84.681633
280,2.333333,-0.004699,0.932405,0.015574,0.361050,-215.292068,95.154213,84.679176
281,2.341667,-0.003786,0.932531,0.016166,0.360709,-215.297699,95.180283,84.673820
282,2.350000,-0.003536,0.932626,0.016028,0.360471,-215.298889,95.204063,84.669388
283,2.358333,-0.003568,0.932594,0.015758,0.360565,-215.295761,95.226578,84.667007
284,2.366667,-0.003819,0.932522,0.015662,0.360753,-215.293121,95.248192,84.668480
285,2.375000,-0.003842,0.932457,0.015730,0.360919,-215.289062,95.268066,84.670227
286,2.383333,-0.004053,0.932406,0.015464,0.361058,-215.286118,95.285645,84.671036
287,2.391667,-0.004010,0.932373,0.015623,0.361137,-215.281921,95.300636,84.674118
288,2.400000,-0.004078,0.932358,0.015634,0.361175,-215.278549,95.317085,84.675842
289,2.408333,-0.003868,0.932325,0.015504,0.361269,-215.277771,95.336868,84.676483
290,2.416667,-0.003930,0.932275,0.015349,0.361402,-215.277283,95.361588,84.675385
291,2.425000,-0.001514,0.932099,0.013702,0.361942,-215.280914,95.402031,84.668816
292,2.433333,-0.001602,0.932116,0.013319,0.361912,-215.277451,95.429245,84.668991
293,2.441667,-0.002119,0.932175,0.013039,0.361766,-215.269379,95.455208,84.665092
294,2.450000,-0.003817,0.932064,0.012494,0.362058,-215.272980,95.494797,84.676437
295,2.458333,-0.004396,0.932181,0.012496,0.361750,-215.268661,95.519432,84.674736
296,2.466667,-0.004660,0.932291,0.012475,0.361464,-215.260269,95.542732,84.674622
297,2.475000,-0.003792,0.932510,0.012451,0.360911,-215.243988,95.555733,84.667480
298,2.483333,-0.003742,0.932627,0.012529,0.360606,-215.235825,95.570854,84.666321
299,2.491667,-0.003755,0.932681,0.012484,0.360466,-215.232300,95.588806,84.665230
300,2.500000,-0.003824,0.932688,0.012558,0.360445,-215.232040,95.606438,84.664383
301,2.508333,-0.004500,0.932809,0.014387,0.360056,-215.246826,95.651878,84.651970
302,2.516667,-0.004474,0.932815,0.014469,0.360038,-215.250732,95.676643,84.648415
303,2.525000,-0.004524,0.932816,0.014245,0.360043,-215.249588,95.697693,84.645203
304,2.533333,-0.004538,0.932776,0.013999,0.360157,-215.247772,95.721336,84.640732
305,2.541667,-0.004728,0.932802,0.013796,0.360095,-215.245010,95.739273,84.637703
306,2.550000,-0.004846,0.932843,0.013717,0.359991,-215.241119,95.753395,84.638222
307,2.558333,-0.004889,0.932846,0.013645,0.359984,-215.236832,95.766945,84.639374
308,2.566667,-0.004915,0.932832,0.013472,0.360026,-215.234238,95.783409,84.639076
309,2.575000,-0.004732,0.932847,0.013201,0.359999,-215.231400,95.800293,84.639465
310,2.583333,-0.004935,0.932856,0.013128,0.359977,-215.227676,95.815033,84.638573
311,2.591667,-0.004870,0.932879,0.013052,0.359921,-215.224487,95.830315,84.641289
312,2.600000,-0.005024,0.932871,0.012999,0.359942,-215.220810,95.844398,84.642899
313,2.608333,-0.004988,0.932875,0.013014,0.359931,-215.216110,95.856926,84.646729
314,2.616667,-0.005219,0.932915,0.013037,0.359824,-215.211151,95.870659,84.647743
315,2.625000,-0.005221,0.932979,0.012922,0.359661,-215.202881,95.894402,84.644363
316,2.633333,-0.005397,0.933031,0.012679,0.359531,-215.189941,95.931129,84.637360
317,2.641667,-0.003450,0.932852,0.010367,0.360093,-215.174225,96.000656,84.623238
318,2.650000,-0.005309,0.932742,0.009178,0.360387,-215.158249,96.079582,84.619263
319,2.658333,-0.007930,0.932971,0.007059,0.359795,-215.113800,96.164284,84.596214
320,2.666667,-0.008396,0.933211,0.005529,0.359189,-215.086319,96.226807,84.581635
321,2.675000,-0.008012,0.933409,0.004839,0.358692,-215.066559,96.275070,84.568146
322,2.683333,-0.008456,0.933523,0.004281,0.358392,-215.039154,96.326317,84.565689
323,2.691667,-0.008061,0.933523,0.003977,0.358404,-215.038803,96.359459,84.557457
324,2.700000,-0.007530,0.933449,0.003289,0.358616,-215.050690,96.388939,84.549423
325,2.708333,-0.007710,0.933297,0.002847,0.359010,-215.062683,96.419884,84.542824
326,2.716667,-0.008142,0.933133,0.001979,0.359433,-215.072510,96.453979,84.537888
327,2.725000,-0.010179,0.932861,0.001040,0.360092,-215.083282,96.502762,84.536682
328,2.733333,-0.008199,0.932572,-0.000684,0.360889,-215.087585,96.542892,84.529671
329,2.741667,-0.009083,0.932669,-0.001030,0.360618,-215.066284,96.574966,84.529457
330,2.750000,-0.007601,0.933737,0.006149,0.357825,-215.094406,96.631226,84.497765
331,2.758333,-0.008356,0.933845,0.006042,0.357529,-215.108612,96.652039,84.483925
332,2.766667,-0.008586,0.933865,0.005739,0.357476,-215.115402,96.661674,84.481834
333,2.775000,-0.008682,0.933882,0.005494,0.357433,-215.119125,96.669640,84.480583
334,2.783333,-0.008858,0.933867,0.005398,0.357469,-215.120819,96.677483,84.478981
335,2.791667,-0.009109,0.933887,0.005315,0.357412,-215.120575,96.683807,84.479614
336,2.800000,-0.009036,0.933876,0.005192,0.357446,-215.117233,96.687752,84.478745
337,2.808333,-0.008998,0.933873,0.004960,0.357458,-215.113708,96.689980,84.477798
338,2.816667,-0.008963,0.933882,0.005032,0.357432,-215.111664,96.686958,84.479774
339,2.825000,-0.009062,0.933851,0.005041,0.357511,-215.110703,96.680412,84.481850
340,2.833333,-0.009064,0.933833,0.005024,0.357558,-215.110260,96.677109,84.482605
341,2.841667,-0.008991,0.933850,0.005026,0.357517,-215.109467,96.676163,84.481903
342,2.850000,-0.009036,0.933812,0.004970,0.357616,-215.107559,96.680328,84.478958
343,2.858333,-0.008985,0.933844,0.004815,0.357536,-215.105789,96.683983,84.478065
344,2.866667,-0.008913,0.933843,0.004719,0.357540,-215.104324,96.687050,84.477165
345,2.875000,-0.009002,0.933846,0.004731,0.357532,-215.103989,96.685516,84.478111
346,2.883333,-0.009147,0.933852,0.004887,0.357510,-215.104584,96.680710,84.480164
347,2.891667,-0.008933,0.933841,0.005041,0.357542,-215.105911,96.677574,84.482132
348,2.900000,-0.009005,0.933845,0.004860,0.357531,-215.107544,96.678856,84.481796
349,2.908333,-0.008924,0.933814,0.004871,0.357614,-215.108276,96.680901,84.480537
350,2.916667,-0.008971,0.933826,0.004801,0.357584,-215.109177,96.683434,84.480515
351,2.925000,-0.009115,0.933834,0.004837,0.357557,-215.109894,96.684387,84.480576
352,2.933333,-0.009054,0.933843,0.004916,0.357534,-215.111023,96.682999,84.481834
353,2.941667,-0.009057,0.933825,0.004929,0.357581,-215.111801,96.678909,84.482971
354,2.950000,-0.008949,0.933851,0.005017,0.357514,-215.111786,96.677391,84.483505
355,2.958333,-0.008929,0.933811,0.004964,0.357621,-215.113373,96.679321,84.482040
356,2.966667,-0.009090,0.933840,0.004987,0.357540,-215.111893,96.680206,84.480659
357,2.975000,-0.009094,0.933860,0.004964,0.357490,-215.110733,96.682083,84.481445
358,2.983333,-0.008888,0.933844,0.004914,0.357537,-215.109436,96.683052,84.481255
359,2.991667,-0.009044,0.933852,0.004877,0.357511,-215.108063,96.682251,84.480560
360,3.000000,-0.008942,0.933851,0.004885,0.357517,-215.106445,96.680183,84.481773
361,3.008333,-0.009119,0.933854,0.004905,0.357506,-215.104889,96.679214,84.481583
362,3.016667,-0.008986,0.933848,0.004863,0.357525,-215.104645,96.681229,84.481323
363,3.025000,-0.009014,0.933834,0.004697,0.357563,-215.104202,96.684090,84.478882
364,3.033333,-0.008942,0.933836,0.004722,0.357559,-215.103958,96.684631,84.478882
365,3.041667,-0.008966,0.933841,0.004849,0.357543,-215.103867,96.683327,84.479660
366,3.050000,-0.009103,0.933860,0.004922,0.357490,-215.105316,96.681854,84.480133
367,3.058333,-0.008977,0.933819,0.004917,0.357600,-215.107086,96.680695,84.480576
368,3.066667,-0.009148,0.933840,0.005061,0.357539,-215.109467,96.679726,84.480652
369,3.075000,-0.009091,0.933861,0.005053,0.357485,-215.110367,96.679893,84.480812
370,3.083333,-0.009081,0.933847,0.005006,0.357522,-215.111282,96.680954,84.480904
371,3.091667,-0.009070,0.933841,0.004993,0.357540,-215.111847,96.683243,84.479256
372,3.100000,-0.009188,0.933841,0.005071,0.357536,-215.112122,96.683296,84.480408
373,3.108333,-0.009185,0.933836,0.004988,0.357549,-215.111420,96.681580,84.480873
374,3.116667,-0.009121,0.933847,0.004928,0.357523,-215.111069,96.680695,84.481796
375,3.125000,-0.009063,0.933836,0.004967,0.357553,-215.109634,96.679970,84.481606
376,3.133333,-0.009163,0.933853,0.004923,0.357507,-215.109161,96.682755,84.480438
377,3.141667,-0.009080,0.933836,0.004725,0.357555,-215.108414,96.683365,84.481186
378,3.150000,-0.008957,0.933829,0.004785,0.357575,-215.106583,96.683769,84.480576
379,3.158333,-0.008946,0.933824,0.004766,0.357589,-215.105774,96.683243,84.480843
380,3.166667,-0.009074,0.933829,0.004847,0.357570,-215.104645,96.681305,84.481308
381,3.175000,-0.009055,0.933839,0.004818,0.357547,-215.103867,96.680923,84.481827
382,3.183333,-0.008973,0.933849,0.004800,0.357522,-215.103989,96.681206,84.481613
383,3.191667,-0.008923,0.933857,0.004896,0.357502,-215.103912,96.680862,84.480667
384,3.200000,-0.008928,0.933820,0.004698,0.357600,-215.105438,96.682549,84.479942
385,3.208333,-0.008958,0.933830,0.004752,0.357572,-215.106293,96.681808,84.480240
386,3.216667,-0.008991,0.933839,0.004930,0.357546,-215.107178,96.681335,84.480453
387,3.225000,-0.009088,0.933857,0.005008,0.357497,-215.108673,96.680336,84.480507
388,3.233333,-0.009041,0.933836,0.004958,0.357553,-215.110489,96.679977,84.480072
389,3.241667,-0.008994,0.933836,0.005067,0.357552,-215.111725,96.680550,84.481155
390,3.250000,-0.008931,0.933823,0.004912,0.357590,-215.113022,96.681938,84.480141
391,3.258333,-0.009038,0.933830,0.004924,0.357570,-215.113480,96.682808,84.478958
392,3.266667,-0.009045,0.933842,0.004983,0.357536,-215.113068,96.682053,84.479912
393,3.275000,-0.009060,0.933849,0.004941,0.357519,-215.111786,96.681023,84.479866
394,3.283333,-0.009148,0.933848,0.004937,0.357520,-215.111115,96.681252,84.479652
395,3.291667,-0.008989,0.933841,0.004935,0.357542,-215.109711,96.680641,84.479523
396,3.300000,-0.008945,0.933832,0.004927,0.357565,-215.109589,96.682198,84.480011
397,3.308333,-0.008967,0.933847,0.004796,0.357529,-215.108871,96.682251,84.480911
398,3.316667,-0.009056,0.933861,0.004902,0.357488,-215.107819,96.680870,84.481194
399,3.325000,-0.009148,0.933837,0.004808,0.357550,-215.107269,96.682449,84.480026
400,3.333333,-0.008954,0.933833,0.004834,0.357565,-215.106247,96.680817,84.480957
401,3.341667,-0.008913,0.933823,0.004817,0.357593,-215.106506,96.681053,84.481110
402,3.350000,-0.008921,0.933828,0.004745,0.357580,-215.106888,96.682266,84.481087
403,3.358333,-0.008964,0.933827,0.004739,0.357581,-215.107224,96.681900,84.480492
404,3.366667,-0.009047,0.933865,0.004810,0.357479,-215.108246,96.682396,84.482155
405,3.375000,-0.009093,0.933814,0.004793,0.357612,-215.108994,96.681961,84.480766
406,3.383333,-0.008977,0.933818,0.004844,0.357603,-215.109009,96.681770,84.482422
407,3.391667,-0.008974,0.933839,0.004951,0.357546,-215.109131,96.680626,84.483643
408,3.400000,-0.009057,0.933844,0.004925,0.357531,-215.109116,96.681297,84.482918
409,3.408333,-0.008987,0.933838,0.004782,0.357551,-215.109207,96.681427,84.482208
410,3.416667,-0.008938,0.933825,0.004818,0.357586,-215.109711,96.681877,84.480804
411,3.425000,-0.008795,0.933826,0.004840,0.357587,-215.109772,96.681374,84.479706
412,3.433333,-0.008877,0.933835,0.004866,0.357560,-215.109970,96.681541,84.480667
413,3.441667,-0.008959,0.933827,0.004901,0.357578,-215.109711,96.680573,84.480522
414,3.450000,-0.008992,0.933817,0.004864,0.357606,-215.109634,96.681114,84.479576
415,3.458333,-0.009111,0.933835,0.004851,0.357556,-215.109512,96.682838,84.479561
416,3.466667,-0.009009,0.933838,0.004819,0.357551,-215.107391,96.684082,84.479050
417,3.475000,-0.009057,0.933872,0.004785,0.357461,-215.106888,96.686844,84.479889
418,3.483333,-0.009019,0.933867,0.004664,0.357477,-215.106674,96.690125,84.481522
419,3.491667,-0.009258,0.933883,0.004526,0.357431,-215.105225,96.695068,84.483101
420,3.500000,-0.009012,0.933853,0.004253,0.357517,-215.104675,96.701584,84.485527
421,3.508333,-0.009247,0.933894,0.004353,0.357405,-215.103241,96.708557,84.489517
422,3.516667,-0.009405,0.933940,0.004114,0.357283,-215.102722,96.717461,84.492775
423,3.525000,-0.010001,0.933761,0.001441,0.357756,-215.094040,96.707497,84.502014
424,3.533333,-0.010375,0.933551,-0.000002,0.358295,-215.085480,96.704811,84.514328
425,3.541667,-0.010360,0.933455,-0.000446,0.358545,-215.078766,96.710190,84.526970
426,3.550000,-0.010437,0.933480,-0.000607,0.358478,-215.074799,96.717377,84.539330
427,3.558333,-0.010321,0.933559,-0.000770,0.358274,-215.070267,96.727646,84.551010
428,3.566667,-0.010256,0.933624,-0.000930,0.358106,-215.066498,96.737823,84.563492
429,3.575000,-0.010018,0.933656,-0.001100,0.358028,-215.063599,96.747215,84.575722
430,3.583333,-0.009870,0.933679,-0.001312,0.357972,-215.060638,96.753952,84.588417
431,3.591667,-0.009812,0.933693,-0.001362,0.357938,-215.058258,96.757759,84.602287
432,3.600000,-0.009762,0.933692,-0.001287,0.357941,-215.055038,96.758667,84.618752
433,3.608333,-0.009811,0.933706,-0.001230,0.357906,-215.050125,96.758499,84.634987
434,3.616667,-0.010561,0.933753,-0.001442,0.357761,-215.031616,96.765862,84.659592
435,3.625000,-0.010658,0.933760,-0.001503,0.357739,-215.020798,96.761879,84.683647
436,3.633333,-0.010610,0.933816,-0.001391,0.357595,-215.008072,96.754349,84.708527
437,3.641667,-0.009860,0.933867,-0.001170,0.357482,-214.998810,96.735497,84.737862
438,3.650000,-0.008508,0.933746,-0.000112,0.357835,-214.978531,96.702591,84.796051
439,3.658333,-0.007024,0.934004,0.000489,0.357193,-214.942886,96.663857,84.826881
440,3.666667,-0.010772,0.934570,0.002663,0.355606,-214.880127,96.625725,84.889565
441,3.675000,-0.011228,0.934836,0.002688,0.354891,-214.843567,96.583519,84.934792
442,3.683333,-0.009792,0.935099,0.001809,0.354245,-214.812134,96.540741,84.977806
443,3.691667,-0.008918,0.935337,0.001551,0.353642,-214.775543,96.494537,85.019028
444,3.700000,-0.007627,0.935770,0.005261,0.352489,-214.746521,96.472153,85.072342
445,3.708333,-0.007750,0.935935,0.006937,0.352018,-214.689255,96.438629,85.156006
446,3.716667,-0.008210,0.936077,0.007187,0.351626,-214.634705,96.335846,85.234482
447,3.725000,-0.008548,0.935978,0.005760,0.351909,-214.582703,96.263084,85.308197
448,3.733333,-0.007452,0.935874,0.005299,0.352216,-214.544586,96.187737,85.372314
449,3.741667,-0.007013,0.935921,0.005814,0.352093,-214.514633,96.117599,85.433640
450,3.750000,-0.003138,0.936321,0.012207,0.350920,-214.488129,96.059593,85.504166
451,3.758333,-0.004605,0.936649,0.015041,0.349916,-214.442795,95.978859,85.574707
452,3.766667,-0.004835,0.936751,0.013695,0.349696,-214.398239,95.909103,85.638748
453,3.775000,-0.006413,0.936845,0.012512,0.349462,-214.334579,95.869370,85.715080
454,3.783333,-0.005766,0.936900,0.012925,0.349310,-214.299530,95.824219,85.777618
455,3.791667,-0.002499,0.936876,0.013045,0.349411,-214.257385,95.760155,85.847664
456,3.800000,-0.002798,0.936698,0.012292,0.349912,-214.231781,95.728508,85.909325
457,3.808333,-0.004583,0.937330,0.012906,0.348175,-214.182907,95.674385,85.966721
458,3.816667,-0.005204,0.937695,0.012916,0.347180,-214.142609,95.647003,86.026817
459,3.825000,-0.005332,0.938019,0.012952,0.346301,-214.099640,95.632111,86.085030
460,3.833333,-0.004731,0.938302,0.012071,0.345573,-214.058426,95.633102,86.152771
461,3.841667,-0.005127,0.938333,0.012399,0.345472,-214.016602,95.632317,86.221710
462,3.850000,-0.005409,0.938241,0.012081,0.345730,-213.969879,95.638779,86.282639
463,3.858333,-0.005891,0.938374,0.010854,0.345400,-213.918686,95.647575,86.339478
464,3.866667,-0.006530,0.938654,0.009219,0.344675,-213.857681,95.665451,86.400078
465,3.875000,-0.006665,0.938886,0.007619,0.344078,-213.800980,95.681198,86.458679
466,3.883333,-0.006718,0.939101,0.006778,0.343509,-213.750702,95.700851,86.514297
467,3.891667,-0.006869,0.939310,0.006217,0.342944,-213.700180,95.730057,86.571472
468,3.900000,-0.007280,0.939672,0.005496,0.341955,-213.639755,95.765907,86.631775
469,3.908333,-0.007421,0.939907,0.004627,0.341320,-213.589905,95.801682,86.691208
470,3.916667,-0.007759,0.939894,0.004027,0.341354,-213.545685,95.836113,86.753235
471,3.925000,-0.008552,0.940032,0.002280,0.340971,-213.495377,95.885139,86.811790
472,3.933333,-0.011285,0.940463,0.001510,0.339706,-213.436462,95.924545,86.882416
473,3.941667,-0.012178,0.940701,0.000086,0.339019,-213.386017,95.973991,86.942581
474,3.950000,-0.010884,0.940849,-0.003121,0.338636,-213.340134,96.046837,87.004890
475,3.958333,-0.011741,0.941072,-0.004036,0.337978,-213.284470,96.097198,87.053001
476,3.966667,-0.012578,0.941221,-0.004541,0.337527,-213.234497,96.141106,87.098679
477,3.975000,-0.012852,0.941333,-0.005352,0.337193,-213.185974,96.182159,87.157135
478,3.983333,-0.013242,0.941653,-0.006531,0.336261,-213.127594,96.224129,87.217728
479,3.991667,-0.013425,0.941815,-0.007462,0.335780,-213.070938,96.262276,87.268639
480,4.000000,-0.013570,0.942025,-0.008113,0.335169,-213.014648,96.299278,87.323296
481,4.008333,-0.014985,0.942191,-0.009252,0.334612,-212.936813,96.346283,87.387299
482,4.016667,-0.015417,0.942290,-0.010436,0.334281,-212.877899,96.373489,87.443611
483,4.025000,-0.014799,0.942819,-0.007299,0.332895,-212.851761,96.418777,87.480072
484,4.033333,-0.015735,0.943080,-0.008028,0.332096,-212.788528,96.450073,87.530388
485,4.041667,-0.015809,0.943448,-0.008557,0.331032,-212.728470,96.472130,87.575851
486,4.050000,-0.015355,0.943644,-0.009192,0.330478,-212.669556,96.485840,87.622475
487,4.058333,-0.015669,0.943689,-0.009803,0.330316,-212.617462,96.494087,87.664276
488,4.066667,-0.018393,0.944057,-0.009127,0.329144,-212.558884,96.493324,87.712372
489,4.075000,-0.019213,0.944359,-0.009529,0.328216,-212.499664,96.499817,87.756531
490,4.083333,-0.019611,0.944638,-0.009833,0.327381,-212.434647,96.497574,87.802536
491,4.091667,-0.019617,0.945009,-0.009212,0.326326,-212.386917,96.483536,87.846680
492,4.100000,-0.020072,0.945005,-0.009034,0.326315,-212.345718,96.476494,87.892090
493,4.108333,-0.021614,0.945265,-0.008517,0.325474,-212.281418,96.487000,87.928368
494,4.116667,-0.021577,0.945488,-0.008089,0.324840,-212.215851,96.475929,87.975418
495,4.125000,-0.022735,0.945794,-0.008382,0.323863,-212.156891,96.469162,88.013649
496,4.133333,-0.020019,0.945726,-0.011088,0.324158,-212.089035,96.407227,88.072990
497,4.141667,-0.019452,0.945692,-0.013802,0.324188,-212.030792,96.369728,88.112381
498,4.150000,-0.018820,0.946252,-0.009834,0.322733,-211.982681,96.374695,88.143761
499,4.158333,-0.019212,0.946487,-0.009352,0.322035,-211.925598,96.351730,88.179184
500,4.166667,-0.019170,0.946910,-0.008985,0.320802,-211.864807,96.322205,88.228432
501,4.175000,-0.019024,0.947144,-0.008307,0.320136,-211.816101,96.286057,88.267372
502,4.183333,-0.020207,0.947262,-0.006273,0.319760,-211.748840,96.257721,88.313850
503,4.191667,-0.021136,0.947519,-0.006032,0.318942,-211.691925,96.233452,88.346619
504,4.200000,-0.020573,0.947764,-0.007208,0.318225,-211.638168,96.219566,88.378433
505,4.208333,-0.017554,0.947608,-0.010032,0.318796,-211.566620,96.149048,88.435448
506,4.216667,-0.016962,0.947529,-0.012870,0.318959,-211.496384,96.113731,88.482071
507,4.225000,-0.019482,0.947562,-0.012670,0.318725,-211.439087,96.069756,88.512398
508,4.233333,-0.020289,0.947737,-0.012650,0.318157,-211.374207,96.051178,88.547729
509,4.241667,-0.019230,0.948727,-0.008247,0.315403,-211.335129,96.059814,88.576256
510,4.250000,-0.019648,0.949039,-0.006488,0.314479,-211.275360,96.038963,88.607994
511,4.258333,-0.018288,0.949169,-0.006670,0.314165,-211.220245,96.017754,88.653595
512,4.266667,-0.016485,0.949305,-0.006189,0.313864,-211.155014,95.982101,88.696358
513,4.275000,-0.017336,0.949450,-0.006928,0.313362,-211.069946,95.976143,88.743279
514,4.283333,-0.016645,0.949690,-0.007222,0.312664,-211.010574,95.956924,88.777992
515,4.291667,-0.015611,0.949961,-0.007749,0.311882,-210.956070,95.939102,88.811798
516,4.300000,-0.017634,0.950231,-0.006511,0.310978,-210.898514,95.899323,88.847054
517,4.308333,-0.019746,0.950171,-0.009047,0.310973,-210.823227,95.876572,88.882286
518,4.316667,-0.021381,0.950100,-0.011463,0.311002,-210.747437,95.854881,88.916328
519,4.325000,-0.021714,0.950223,-0.012563,0.310560,-210.678604,95.840797,88.954353
520,4.333333,-0.019727,0.951018,-0.005676,0.308454,-210.633774,95.856354,88.986633
521,4.341667,-0.019090,0.951265,-0.005098,0.307742,-210.586258,95.835213,89.013847
522,4.350000,-0.017959,0.951256,-0.005497,0.307831,-210.529251,95.805206,89.057503
523,4.358333,-0.017797,0.951514,-0.006007,0.307031,-210.472519,95.793411,89.080017
524,4.366667,-0.017163,0.951803,-0.006318,0.306164,-210.402802,95.778389,89.118454
525,4.375000,-0.016689,0.952067,-0.006492,0.305366,-210.327271,95.774513,89.159752
526,4.383333,-0.019280,0.952445,-0.005163,0.304055,-210.221222,95.750916,89.194992
527,4.391667,-0.019665,0.952738,-0.004489,0.303122,-210.156937,95.739761,89.217651
528,4.400000,-0.019107,0.953028,-0.004430,0.302246,-210.104294,95.718086,89.244865
529,4.408333,-0.017990,0.953414,-0.005466,0.301077,-210.049255,95.694153,89.283264
530,4.416667,-0.017606,0.953687,-0.006221,0.300221,-209.979630,95.672279,89.318771
531,4.425000,-0.018435,0.953656,-0.009412,0.300186,-209.904648,95.638969,89.349274
532,4.433333,-0.016352,0.954128,-0.005726,0.298896,-209.839508,95.633034,89.388512
533,4.441667,-0.017271,0.954221,-0.005861,0.298548,-209.750122,95.638168,89.433502
534,4.450000,-0.017026,0.954252,-0.005660,0.298466,-209.683655,95.629196,89.473862
535,4.458333,-0.016410,0.954361,-0.006320,0.298139,-209.631607,95.618698,89.499161
536,4.466667,-0.018903,0.954659,-0.004693,0.297065,-209.561752,95.589478,89.526001
537,4.475000,-0.019722,0.954909,-0.005311,0.296195,-209.491776,95.575890,89.554443
538,4.483333,-0.020234,0.955115,-0.005683,0.295488,-209.396912,95.560181,89.592056
539,4.491667,-0.020546,0.955340,-0.004996,0.294752,-209.333176,95.542564,89.618668
540,4.500000,-0.020072,0.955614,-0.003687,0.293915,-209.278412,95.526421,89.642578
541,4.508333,-0.020662,0.955762,-0.003447,0.293394,-209.205765,95.519867,89.678635
542,4.516667,-0.021508,0.955865,-0.003920,0.292993,-209.142685,95.507568,89.704742
543,4.525000,-0.021584,0.955794,-0.006746,0.293168,-209.063751,95.453568,89.746567
544,4.533333,-0.019950,0.956192,-0.004020,0.292033,-209.006546,95.440628,89.777122
545,4.541667,-0.019106,0.956544,-0.003830,0.290936,-208.945343,95.426331,89.803436
546,4.550000,-0.019937,0.956678,-0.004792,0.290427,-208.857697,95.424042,89.844093
547,4.558333,-0.020399,0.956913,-0.005150,0.289611,-208.785980,95.410370,89.874039
548,4.566667,-0.019778,0.957232,-0.005051,0.288601,-208.725433,95.394714,89.899399
549,4.575000,-0.021847,0.957548,-0.004467,0.287409,-208.651688,95.397827,89.927673
550,4.583333,-0.021459,0.957759,-0.004524,0.286736,-208.580322,95.378586,89.960419
551,4.591667,-0.021797,0.957942,-0.004667,0.286096,-208.516403,95.365479,89.985046
552,4.600000,-0.022098,0.958017,-0.004571,0.285822,-208.453110,95.344635,90.011864
553,4.608333,-0.021442,0.958242,-0.003996,0.285124,-208.382065,95.316490,90.028061
554,4.616667,-0.021112,0.958451,-0.003399,0.284455,-208.286118,95.298828,90.068542
555,4.625000,-0.020622,0.958714,-0.003352,0.283602,-208.207611,95.285042,90.101372
556,4.633333,-0.020675,0.958916,-0.003713,0.282912,-208.146362,95.278595,90.128014
557,4.641667,-0.020272,0.959094,-0.003687,0.282337,-208.080215,95.261314,90.153023
558,4.650000,-0.021963,0.959361,-0.003870,0.281301,-207.994080,95.266357,90.180397
559,4.658333,-0.021663,0.959455,-0.004397,0.280993,-207.932877,95.244774,90.213852
560,4.666667,-0.020650,0.959745,-0.004519,0.280077,-207.861786,95.209198,90.235107
561,4.675000,-0.020250,0.960009,-0.004587,0.279200,-207.792313,95.191971,90.254089
562,4.683333,-0.020698,0.960208,-0.004150,0.278487,-207.724167,95.180222,90.275383
563,4.691667,-0.021918,0.960304,-0.003835,0.278067,-207.635376,95.176468,90.315941
564,4.700000,-0.021757,0.960470,-0.003565,0.277510,-207.568909,95.160751,90.341393
565,4.708333,-0.020404,0.960719,-0.003017,0.276754,-207.496811,95.133682,90.365829
566,4.716667,-0.019826,0.960917,-0.003162,0.276106,-207.428787,95.121994,90.380447
567,4.725000,-0.021141,0.961138,-0.003756,0.275233,-207.337158,95.123039,90.410789
568,4.733333,-0.021255,0.961275,-0.004016,0.274742,-207.267731,95.104752,90.448730
569,4.741667,-0.020314,0.961461,-0.004036,0.274159,-207.201889,95.081116,90.481094
570,4.750000,-0.020825,0.961769,-0.003777,0.273044,-207.128113,95.075104,90.497444
571,4.758333,-0.020527,0.962107,-0.003950,0.271870,-207.054428,95.071747,90.513939
572,4.766667,-0.020484,0.962325,-0.004481,0.271092,-206.978943,95.066078,90.537476
573,4.775000,-0.019553,0.962681,-0.005307,0.269880,-206.896347,95.048706,90.559723
574,4.783333,-0.018338,0.962934,-0.006223,0.269041,-206.824799,95.035225,90.581993
575,4.791667,-0.019761,0.963319,-0.004902,0.267584,-206.744553,95.015266,90.613243
576,4.800000,-0.020820,0.963403,-0.004596,0.267210,-206.662537,95.009346,90.639969
577,4.808333,-0.020290,0.963479,-0.004190,0.266980,-206.597214,94.982704,90.663017
578,4.816667,-0.020104,0.963534,-0.004260,0.266795,-206.529022,94.954872,90.682281
579,4.825000,-0.020102,0.963688,-0.004220,0.266239,-206.466171,94.937706,90.700188
580,4.833333,-0.022138,0.963785,-0.003748,0.265733,-206.407928,94.942383,90.723053
581,4.841667,-0.022266,0.963991,-0.004721,0.264960,-206.340912,94.933807,90.746254
582,4.850000,-0.020909,0.964299,-0.005642,0.263928,-206.257004,94.914040,90.762833
583,4.858333,-0.019844,0.964608,-0.006025,0.262871,-206.183594,94.903793,90.786331
584,4.866667,-0.020751,0.964849,-0.004481,0.261947,-206.105545,94.887581,90.804466
585,4.875000,-0.022765,0.964930,-0.003612,0.261494,-206.017899,94.897072,90.832184
586,4.883333,-0.022931,0.965084,-0.003784,0.260908,-205.948135,94.888672,90.845093
587,4.891667,-0.023440,0.965305,-0.004226,0.260036,-205.876740,94.876740,90.862946
588,4.900000,-0.022957,0.965505,-0.004673,0.259329,-205.803650,94.854645,90.882454
589,4.908333,-0.023150,0.965722,-0.004543,0.258505,-205.731155,94.848991,90.898766
590,4.916667,-0.022216,0.966054,-0.004746,0.257339,-205.644684,94.826683,90.915771
591,4.925000,-0.020539,0.966357,-0.004649,0.256341,-205.563278,94.803978,90.933784
592,4.933333,-0.021765,0.966687,-0.004864,0.254989,-205.474777,94.796181,90.950195
593,4.941667,-0.023609,0.966739,-0.004488,0.254633,-205.402618,94.798546,90.977097
594,4.950000,-0.023875,0.966913,-0.003655,0.253962,-205.324966,94.780746,90.997971
595,4.958333,-0.024644,0.967056,-0.004046,0.253337,-205.251190,94.772804,91.015312
596,4.966667,-0.024704,0.967194,-0.004609,0.252793,-205.167740,94.765274,91.038017
597,4.975000,-0.023536,0.967692,-0.005111,0.250983,-205.072784,94.742378,91.046242
598,4.983333,-0.023282,0.968034,-0.005389,0.249677,-204.995438,94.736496,91.057953
599,4.991667,-0.023493,0.968275,-0.005825,0.248714,-204.917526,94.729683,91.072235
600,5.000000,-0.023997,0.968302,-0.006347,0.248546,-204.837173,94.718842,91.084351
601,5.008333,-0.024289,0.968457,-0.006403,0.247912,-204.762985,94.709282,91.105972
602,5.016667,-0.025304,0.968684,-0.006479,0.246918,-204.685257,94.701401,91.125748
603,5.025000,-0.025508,0.968947,-0.006230,0.245871,-204.607574,94.697273,91.146263
604,5.033333,-0.025709,0.969117,-0.006372,0.245177,-204.525375,94.697441,91.166725
605,5.041667,-0.025040,0.969300,-0.006700,0.244511,-204.442947,94.687134,91.184937
606,5.050000,-0.023779,0.969565,-0.007687,0.243555,-204.361542,94.671440,91.199554
607,5.058333,-0.024708,0.969838,-0.006728,0.242403,-204.278992,94.641235,91.219124
608,5.066667,-0.026659,0.970216,-0.006882,0.240672,-204.193634,94.636360,91.220093
609,5.075000,-0.026572,0.970058,-0.006856,0.241319,-204.120941,94.612831,91.246582
610,5.083333,-0.028253,0.970000,-0.006911,0.241361,-204.048584,94.606384,91.266685
611,5.091667,-0.028724,0.970111,-0.006850,0.240858,-203.972382,94.600075,91.288849
612,5.100000,-0.025596,0.970280,-0.004703,0.240583,-203.886490,94.570480,91.322517
613,5.108333,-0.024702,0.970550,-0.004193,0.239594,-203.806824,94.561264,91.339973
614,5.116667,-0.021723,0.970976,-0.002962,0.238170,-203.720566,94.516441,91.346344
615,5.125000,-0.023039,0.971075,-0.004150,0.237624,-203.639221,94.503860,91.360016
616,5.133333,-0.024471,0.971237,-0.004975,0.236803,-203.555588,94.496574,91.381523
617,5.141667,-0.024628,0.971372,-0.004739,0.236235,-203.473022,94.487610,91.406662
618,5.150000,-0.025841,0.971677,-0.005040,0.234843,-203.388794,94.488602,91.415009
619,5.158333,-0.025912,0.971974,-0.005034,0.233601,-203.305023,94.482140,91.414459
620,5.166667,-0.026238,0.972334,-0.005109,0.232060,-203.213547,94.484032,91.424019
621,5.175000,-0.026088,0.972401,-0.004771,0.231804,-203.140381,94.477837,91.447159
622,5.183333,-0.025596,0.972655,-0.004431,0.230797,-203.065399,94.467628,91.461670
623,5.191667,-0.025302,0.972794,-0.004716,0.230236,-202.976151,94.449005,91.470619
624,5.200000,-0.025416,0.972982,-0.005347,0.229417,-202.887466,94.427155,91.475548
625,5.208333,-0.024905,0.973311,-0.005122,0.228079,-202.800323,94.410698,91.488907
626,5.216667,-0.024404,0.973508,-0.004819,0.227298,-202.733566,94.397430,91.505341
627,5.225000,-0.023765,0.973556,-0.005095,0.227151,-202.667709,94.386032,91.520340
628,5.233333,-0.024129,0.973581,-0.005188,0.227006,-202.594208,94.384727,91.536621
629,5.241667,-0.026039,0.973761,-0.003812,0.226046,-202.509338,94.364479,91.539146
630,5.250000,-0.025084,0.973821,-0.002258,0.225917,-202.441376,94.335205,91.540184
631,5.258333,-0.024710,0.973818,-0.002071,0.225973,-202.373917,94.317497,91.537163
632,5.266667,-0.025511,0.973966,-0.002270,0.225243,-202.299164,94.314522,91.536636
633,5.275000,-0.025223,0.974281,-0.002681,0.223903,-202.219849,94.315125,91.540283
634,5.283333,-0.025392,0.974628,-0.003820,0.222355,-202.146118,94.320938,91.532539
635,5.291667,-0.023504,0.974866,-0.003116,0.221529,-202.082901,94.307854,91.524033
636,5.300000,-0.023908,0.975089,-0.003192,0.220497,-202.014954,94.312462,91.520332
637,5.308333,-0.024058,0.975158,-0.003689,0.220168,-201.951859,94.312958,91.520409
638,5.316667,-0.024235,0.975188,-0.004306,0.220006,-201.892090,94.310417,91.518578
639,5.325000,-0.024738,0.975260,-0.005209,0.219609,-201.831741,94.302071,91.512444
640,5.333333,-0.025083,0.975302,-0.005681,0.219374,-201.770279,94.289520,91.502258
641,5.341667,-0.022671,0.975372,-0.004589,0.219352,-201.735352,94.254715,91.490440
642,5.350000,-0.022144,0.975524,-0.004454,0.218729,-201.686646,94.245255,91.486671
643,5.358333,-0.023361,0.975606,-0.003160,0.218258,-201.632172,94.224937,91.479805
644,5.366667,-0.024488,0.975835,-0.003320,0.217106,-201.566360,94.219780,91.466415
645,5.375000,-0.025727,0.975972,-0.003676,0.216342,-201.500229,94.214188,91.454300
646,5.383333,-0.026945,0.976087,-0.003520,0.215673,-201.452591,94.207016,91.444672
647,5.391667,-0.025061,0.976277,-0.002328,0.215058,-201.413269,94.169540,91.425285
648,5.400000,-0.022668,0.976335,-0.001712,0.215068,-201.352173,94.128937,91.429504
649,5.408333,-0.022974,0.976439,-0.001842,0.214560,-201.294785,94.112877,91.424736
650,5.416667,-0.023571,0.976662,-0.002102,0.213477,-201.248413,94.102196,91.411743
651,5.425000,-0.023632,0.976790,-0.002277,0.212882,-201.197601,94.084320,91.408714
652,5.433333,-0.023186,0.976999,-0.002129,0.211968,-201.151581,94.057198,91.399025
653,5.441667,-0.019920,0.977111,-0.000488,0.211795,-201.138992,93.993309,91.367172
654,5.450000,-0.019625,0.977158,-0.000046,0.211608,-201.098755,93.952332,91.356941
655,5.458333,-0.021630,0.977199,-0.000813,0.211221,-201.041504,93.929672,91.346832
656,5.466667,-0.023720,0.977396,-0.002135,0.210071,-200.985886,93.925171,91.330811
657,5.475000,-0.023054,0.977479,-0.002302,0.209755,-200.944977,93.905518,91.321014
658,5.483333,-0.024256,0.977679,-0.000729,0.208699,-200.893997,93.869385,91.310501
659,5.491667,-0.021067,0.977676,0.001405,0.209055,-200.852707,93.804390,91.310310
660,5.500000,-0.019735,0.977757,0.002833,0.208792,-200.814743,93.755936,91.302055
661,5.508333,-0.021014,0.977942,0.002752,0.207800,-200.778275,93.721458,91.277740
662,5.516667,-0.022026,0.978043,0.002234,0.207223,-200.732162,93.687859,91.269218
663,5.525000,-0.022385,0.978081,0.001693,0.207010,-200.681061,93.652634,91.269981
664,5.533333,-0.019510,0.978098,0.002921,0.207207,-200.660583,93.589363,91.256325
665,5.541667,-0.018295,0.978142,0.004245,0.207088,-200.599167,93.525673,91.272018
666,5.550000,-0.017112,0.978213,0.005951,0.206814,-200.554321,93.468048,91.271950
667,5.558333,-0.018427,0.978425,0.006098,0.205688,-200.492508,93.433228,91.266426
668,5.566667,-0.017841,0.978673,0.006382,0.204549,-200.431274,93.394440,91.261497
669,5.575000,-0.016786,0.978903,0.006918,0.203515,-200.378708,93.356445,91.261063
670,5.583333,-0.014127,0.979099,0.008401,0.202718,-200.333984,93.297958,91.245842
671,5.591667,-0.016198,0.979053,0.008361,0.202785,-200.301880,93.291878,91.248444
672,5.600000,-0.016756,0.979083,0.008284,0.202601,-200.254440,93.274025,91.241142
673,5.608333,-0.017013,0.979094,0.008573,0.202515,-200.206253,93.256554,91.231560
674,5.616667,-0.017087,0.979106,0.008889,0.202436,-200.160400,93.242882,91.228340
675,5.625000,-0.015977,0.979037,0.009068,0.202854,-200.101730,93.230331,91.256073
676,5.633333,-0.018414,0.979287,0.008934,0.201439,-200.038101,93.239876,91.264778
677,5.641667,-0.017574,0.979312,0.009573,0.201367,-199.996643,93.227425,91.270927
678,5.650000,-0.017723,0.979466,0.009429,0.200606,-199.954575,93.223839,91.261147
679,5.658333,-0.017457,0.979580,0.009744,0.200061,-199.909607,93.220284,91.258293
680,5.666667,-0.016851,0.979770,0.009694,0.199182,-199.858597,93.222549,91.260132
681,5.675000,-0.016536,0.979884,0.009976,0.198633,-199.809875,93.226517,91.263290
682,5.683333,-0.017475,0.980124,0.009592,0.197384,-199.751434,93.248016,91.257133
683,5.691667,-0.017466,0.980164,0.008957,0.197215,-199.689835,93.270958,91.259453
684,5.700000,-0.017450,0.980236,0.008908,0.196861,-199.638031,93.293289,91.259911
685,5.708333,-0.017711,0.980307,0.008520,0.196501,-199.589081,93.315956,91.263222
686,5.716667,-0.018105,0.980437,0.008034,0.195836,-199.539474,93.329361,91.264877
687,5.725000,-0.018194,0.980530,0.007419,0.195385,-199.489594,93.335533,91.268082
688,5.733333,-0.018247,0.980567,0.007134,0.195205,-199.440384,93.338844,91.269020
689,5.741667,-0.018329,0.980667,0.007435,0.194682,-199.389999,93.341156,91.266472
690,5.750000,-0.018345,0.980806,0.007404,0.193979,-199.340836,93.347214,91.265640
691,5.758333,-0.018267,0.980883,0.007432,0.193595,-199.295395,93.355247,91.263092
692,5.766667,-0.018371,0.981002,0.007634,0.192974,-199.248856,93.361305,91.262657
693,5.775000,-0.017816,0.980927,0.007727,0.193402,-199.189041,93.361099,91.275253
694,5.783333,-0.017438,0.980959,0.007793,0.193273,-199.136093,93.353661,91.281738
695,5.791667,-0.017743,0.981021,0.007812,0.192931,-199.087265,93.346626,91.283211
696,5.800000,-0.018151,0.981175,0.007840,0.192108,-199.046524,93.337479,91.270744
697,5.808333,-0.019271,0.981538,0.006836,0.190171,-198.983582,93.335350,91.254547
698,5.816667,-0.018544,0.981724,0.006240,0.189301,-198.921051,93.315903,91.248528
699,5.825000,-0.016860,0.981801,0.006330,0.189055,-198.862244,93.294937,91.250816
700,5.833333,-0.017917,0.981792,0.006433,0.189001,-198.821533,93.310699,91.256348
701,5.841667,-0.019772,0.981989,0.005934,0.187805,-198.777252,93.328995,91.245338
702,5.850000,-0.018083,0.982137,0.006761,0.187174,-198.745926,93.316467,91.235054
703,5.858333,-0.017667,0.982200,0.007255,0.186863,-198.705811,93.310783,91.234528
704,5.866667,-0.017342,0.982199,0.007431,0.186892,-198.668045,93.302277,91.235405
705,5.875000,-0.017814,0.982293,0.007882,0.186337,-198.623871,93.282097,91.229492
706,5.883333,-0.017907,0.982319,0.007915,0.186190,-198.579697,93.261078,91.221344
707,5.891667,-0.019268,0.982398,0.007037,0.185669,-198.523529,93.250664,91.212776
708,5.900000,-0.020826,0.982451,0.006430,0.185245,-198.466904,93.243828,91.213524
709,5.908333,-0.021492,0.982470,0.005963,0.185084,-198.412979,93.240341,91.222610
710,5.916667,-0.018764,0.982507,0.007313,0.185132,-198.403793,93.205879,91.203766
711,5.925000,-0.018723,0.982588,0.007167,0.184712,-198.370270,93.194839,91.194794
712,5.933333,-0.020021,0.982935,0.006212,0.182754,-198.313736,93.201256,91.176468
713,5.941667,-0.020189,0.983049,0.005912,0.182133,-198.263306,93.192688,91.161911
714,5.950000,-0.020087,0.983119,0.006090,0.181762,-198.223892,93.178650,91.149162
715,5.958333,-0.019283,0.983121,0.006821,0.181811,-198.192078,93.156471,91.145279
716,5.966667,-0.020092,0.983191,0.006529,0.181351,-198.148041,93.150475,91.144669
717,5.975000,-0.020631,0.983188,0.006574,0.181309,-198.104828,93.140366,91.147926
718,5.983333,-0.017372,0.983229,0.008641,0.181341,-198.082611,93.096001,91.137405
719,5.991667,-0.016164,0.983265,0.009640,0.181208,-198.044510,93.058662,91.133713
720,6.000000,-0.016224,0.983151,0.009878,0.181804,-198.002274,93.020218,91.135498
721,6.008333,-0.015250,0.983289,0.010157,0.181127,-197.951035,92.977486,91.128723
722,6.016667,-0.015817,0.983504,0.010871,0.179863,-197.894287,92.935280,91.116501
723,6.025000,-0.016188,0.983629,0.010833,0.179147,-197.835617,92.890915,91.093010
724,6.033333,-0.016121,0.983816,0.010291,0.178157,-197.744797,92.837036,91.067818
725,6.041667,-0.017613,0.983895,0.010146,0.177588,-197.669525,92.806396,91.044983
726,6.050000,-0.015490,0.984022,0.011714,0.176986,-197.597946,92.747681,91.016380
727,6.058333,-0.016240,0.984064,0.010777,0.176744,-197.521484,92.687637,90.968376
728,6.066667,-0.015861,0.984207,0.012513,0.175862,-197.440536,92.652031,90.950478
729,6.075000,-0.016581,0.984642,0.008674,0.173582,-197.330505,92.598656,90.884109
730,6.083333,-0.017760,0.984558,0.006743,0.174025,-197.229599,92.533905,90.834251
731,6.091667,-0.014726,0.985155,0.013127,0.170531,-197.139587,92.545609,90.799820
732,6.100000,-0.013104,0.985220,0.012258,0.170351,-197.043030,92.532837,90.750954
733,6.108333,-0.015567,0.985462,0.011329,0.168803,-196.926300,92.508675,90.706947
734,6.116667,-0.015772,0.985791,0.010426,0.166911,-196.806030,92.482910,90.641731
735,6.125000,-0.014412,0.985857,0.009991,0.166670,-196.706436,92.459938,90.592712
736,6.133333,-0.014436,0.986034,0.013652,0.165358,-196.639862,92.501190,90.568069
737,6.141667,-0.013803,0.986283,0.014143,0.163879,-196.563400,92.514778,90.528275
738,6.150000,-0.013278,0.986681,0.012376,0.161652,-196.456863,92.541885,90.504509
739,6.158333,-0.015089,0.986866,0.007576,0.160658,-196.342987,92.558502,90.459007
740,6.166667,-0.015524,0.986818,0.004069,0.161034,-196.251434,92.538109,90.416573
741,6.175000,-0.014074,0.986859,0.001366,0.160966,-196.186874,92.486748,90.362396
742,6.183333,-0.015120,0.986890,0.002004,0.160671,-196.174042,92.492020,90.320877
743,6.191667,-0.013877,0.986913,0.002781,0.160634,-196.143753,92.479980,90.298882
744,6.200000,-0.009293,0.987414,0.010359,0.157543,-196.114182,92.515175,90.309349
745,6.208333,-0.009113,0.987476,0.009688,0.157211,-196.069031,92.517403,90.286949
746,6.216667,-0.011101,0.987500,0.005340,0.157140,-196.006470,92.509132,90.241714
747,6.225000,-0.011685,0.987522,0.002566,0.157024,-195.966949,92.497147,90.197464
748,6.233333,-0.012058,0.987512,-0.000372,0.157079,-195.938995,92.473358,90.152878
749,6.241667,-0.012290,0.987443,-0.003420,0.157461,-195.924515,92.423698,90.109016
750,6.250000,-0.015574,0.987360,-0.003606,0.157689,-195.908691,92.349068,90.072563
751,6.258333,-0.015783,0.987127,-0.002722,0.159136,-195.921844,92.297737,90.057495
752,6.266667,-0.015515,0.986998,-0.001383,0.159976,-195.937180,92.283546,90.067924
753,6.275000,-0.013842,0.986855,0.000431,0.161013,-195.967178,92.259041,90.089851
754,6.283333,-0.012900,0.986974,0.001537,0.160352,-195.994492,92.246101,90.121613
755,6.291667,-0.012270,0.986960,0.002965,0.160473,-196.025833,92.233879,90.168327
756,6.300000,-0.011137,0.987146,0.004440,0.159371,-196.044388,92.253021,90.235481
757,6.308333,-0.010676,0.987113,0.005573,0.159569,-196.043030,92.262123,90.296188
758,6.316667,-0.011231,0.986932,0.005767,0.160642,-196.037384,92.259445,90.366859
759,6.325000,-0.011230,0.986723,0.006528,0.161895,-196.015945,92.257034,90.436745
760,6.333333,-0.010148,0.986732,0.007398,0.161871,-196.002365,92.250374,90.472290
761,6.341667,-0.009438,0.986685,0.007047,0.162215,-195.971268,92.233833,90.515167
762,6.350000,-0.006412,0.986248,0.006755,0.165011,-195.923203,92.189476,90.578476
763,6.358333,-0.004300,0.985992,0.008270,0.166533,-195.873169,92.178612,90.665451
764,6.366667,-0.002216,0.986230,0.010279,0.165043,-195.817734,92.177460,90.733734
765,6.375000,-0.000653,0.986345,0.012883,0.164187,-195.732986,92.187286,90.816750
766,6.383333,0.001469,0.986637,0.015244,0.162210,-195.650894,92.183037,90.899559
767,6.391667,0.008454,0.987150,0.020423,0.158259,-195.572479,92.162590,90.998123
768,6.400000,0.011999,0.987739,0.024208,0.153761,-195.522430,92.159416,91.072632
769,6.408333,0.013326,0.988306,0.026661,0.149545,-195.483612,92.154221,91.132393
770,6.416667,0.013399,0.988744,0.027925,0.146378,-195.463791,92.152496,91.169533
771,6.425000,0.013317,0.989059,0.028204,0.144187,-195.445053,92.147942,91.203087
772,6.433333,0.013739,0.989247,0.027839,0.142921,-195.427307,92.147034,91.231133
773,6.441667,0.014613,0.989248,0.027688,0.142857,-195.416336,92.149445,91.252426
774,6.450000,0.015080,0.989224,0.027549,0.142999,-195.410049,92.152008,91.264008
775,6.458333,0.015351,0.989212,0.027499,0.143064,-195.411316,92.155197,91.267052
776,6.466667,0.015562,0.989197,0.027396,0.143164,-195.417542,92.157875,91.263580
777,6.475000,0.015328,0.989184,0.027406,0.143282,-195.425552,92.157135,91.247246
778,6.483333,0.014673,0.989205,0.026934,0.143293,-195.439743,92.153175,91.221176
779,6.491667,0.013457,0.989218,0.026551,0.143391,-195.458298,92.146675,91.186371
780,6.500000,0.012820,0.989193,0.025861,0.143751,-195.476486,92.132469,91.146240
781,6.508333,0.011474,0.989216,0.024904,0.143875,-195.500092,92.135391,91.102547
782,6.516667,0.008067,0.989274,0.023765,0.143902,-195.551193,92.163811,91.057663
783,6.525000,0.005423,0.989298,0.022102,0.144123,-195.599823,92.179108,91.004112
784,6.533333,0.003531,0.989357,0.019638,0.144135,-195.653854,92.191940,90.950279
785,6.541667,0.001308,0.989267,0.018186,0.144975,-195.714294,92.205505,90.897438
786,6.550000,0.001064,0.989471,0.016410,0.143791,-195.762238,92.189583,90.806839
787,6.558333,0.000725,0.989695,0.016497,0.142233,-195.795090,92.208359,90.718529
788,6.566667,-0.000011,0.989821,0.014873,0.141541,-195.812820,92.222038,90.653816
789,6.575000,0.000079,0.989801,0.013408,0.141823,-195.850784,92.222839,90.607986
790,6.583333,-0.000592,0.989865,0.011182,0.141567,-195.888519,92.221596,90.568726
791,6.591667,-0.002871,0.989903,0.009134,0.141424,-195.922592,92.232170,90.542343
792,6.600000,-0.004199,0.989877,0.008234,0.141627,-195.944107,92.237404,90.527733
793,6.608333,-0.004669,0.989844,0.008368,0.141837,-195.950775,92.237183,90.526428
794,6.616667,-0.004362,0.989852,0.008793,0.141761,-195.944519,92.235374,90.525726
795,6.625000,-0.004950,0.990089,0.008145,0.140120,-195.912140,92.245079,90.513519
796,6.633333,-0.003519,0.989857,0.008687,0.141757,-195.889603,92.238083,90.546562
797,6.641667,-0.001768,0.989819,0.009474,0.142008,-195.878571,92.227325,90.558937
798,6.650000,-0.000165,0.989833,0.010685,0.141835,-195.857178,92.215828,90.589417
799,6.658333,-0.000035,0.989921,0.012161,0.141099,-195.819229,92.218735,90.632095
800,6.666667,0.001039,0.989868,0.015650,0.141124,-195.809097,92.217979,90.718849
801,6.675000,0.001222,0.989640,0.017444,0.142506,-195.792007,92.199860,90.806923
802,6.683333,0.001399,0.989387,0.018536,0.144111,-195.745422,92.192032,90.882454
803,6.691667,0.001948,0.989357,0.018550,0.144307,-195.691681,92.191132,90.935623
804,6.700000,0.003711,0.989272,0.020287,0.144623,-195.645203,92.180115,90.985313
805,6.708333,0.005446,0.989248,0.022270,0.144441,-195.591339,92.174347,91.026474
806,6.716667,0.006692,0.989075,0.023830,0.145324,-195.531418,92.180908,91.080002
807,6.725000,0.008459,0.989057,0.024598,0.145225,-195.491211,92.183212,91.110886
808,6.733333,0.011671,0.989055,0.025009,0.144945,-195.453568,92.161331,91.131363
809,6.741667,0.013558,0.989062,0.025701,0.144607,-195.438095,92.145882,91.140732
810,6.750000,0.013941,0.989091,0.025933,0.144332,-195.434357,92.138763,91.152748
811,6.758333,0.013958,0.989106,0.026426,0.144137,-195.444016,92.133347,91.160393
812,6.766667,0.012907,0.989133,0.026170,0.144097,-195.464584,92.133827,91.163513
813,6.775000,0.011978,0.989129,0.026040,0.144230,-195.486084,92.136368,91.158257
814,6.783333,0.011356,0.989118,0.026016,0.144358,-195.505310,92.137146,91.141823
815,6.791667,0.010544,0.989170,0.025415,0.144173,-195.516937,92.143265,91.112862
816,6.800000,0.008308,0.989226,0.024860,0.144034,-195.555054,92.166687,91.075302
817,6.808333,0.006480,0.989248,0.023244,0.144242,-195.577454,92.180107,91.026108
818,6.816667,0.005837,0.989237,0.020804,0.144715,-195.606812,92.191383,90.971565
819,6.825000,0.006522,0.989382,0.018630,0.143990,-195.653107,92.181396,90.897751
820,6.833333,0.005756,0.989460,0.017259,0.143662,-195.705765,92.180595,90.825668
821,6.841667,0.002900,0.989470,0.015221,0.143907,-195.743011,92.189034,90.765167
822,6.850000,0.001364,0.989629,0.015591,0.142789,-195.784576,92.213921,90.715744
823,6.858333,-0.000306,0.989631,0.015268,0.142817,-195.828400,92.227242,90.688599
824,6.866667,-0.001514,0.989504,0.015094,0.143709,-195.889862,92.231514,90.674049
825,6.875000,-0.002394,0.989503,0.014524,0.143760,-195.934723,92.230644,90.658035
826,6.883333,-0.002561,0.989549,0.014224,0.143473,-195.959656,92.226830,90.644997
827,6.891667,-0.002545,0.989543,0.014156,0.143523,-195.965225,92.225136,90.641228
828,6.900000,-0.002113,0.989523,0.014183,0.143659,-195.954926,92.223541,90.641228
829,6.908333,-0.001648,0.989465,0.013627,0.144119,-195.926285,92.217712,90.642593
830,6.916667,-0.002202,0.989528,0.012422,0.143787,-195.871490,92.225739,90.639168
831,6.925000,-0.001351,0.989460,0.012496,0.144260,-195.826035,92.228470,90.661552
832,6.933333,0.000926,0.989541,0.013881,0.143578,-195.784897,92.225822,90.688576
833,6.941667,0.002149,0.989461,0.014267,0.144077,-195.753204,92.210846,90.746269
834,6.950000,0.005116,0.989408,0.015454,0.144246,-195.730927,92.177368,90.802979
835,6.958333,0.002401,0.989104,0.016746,0.146245,-195.672958,92.201408,90.901443
836,6.966667,0.003007,0.989083,0.018512,0.146165,-195.631226,92.199944,90.949623
837,6.975000,0.005302,0.989033,0.020488,0.146171,-195.613083,92.187271,90.996185
838,6.983333,0.005453,0.989159,0.022121,0.145074,-195.595551,92.185059,91.035393
839,6.991667,0.006839,0.989039,0.024193,0.145499,-195.579163,92.172775,91.075485
840,7.000000,0.010142,0.988931,0.025066,0.145894,-195.531281,92.145226,91.103714
841,7.008333,0.011098,0.988926,0.025146,0.145845,-195.507462,92.140823,91.113197
842,7.016667,0.012276,0.988914,0.025148,0.145831,-195.494827,92.138618,91.108734
843,7.025000,0.012688,0.988907,0.024532,0.145946,-195.485306,92.139313,91.102829
844,7.033333,0.012855,0.988929,0.024209,0.145839,-195.483734,92.141098,91.090027
845,7.041667,0.008655,0.988819,0.023857,0.146946,-195.511566,92.178253,91.099968
846,7.050000,0.007410,0.988806,0.023824,0.147105,-195.530731,92.184708,91.088554
847,7.058333,0.005671,0.988939,0.023262,0.146377,-195.565903,92.188766,91.052635
848,7.066667,0.004771,0.988946,0.022498,0.146479,-195.609207,92.184700,91.016975
849,7.075000,0.004399,0.988935,0.021090,0.146777,-195.648178,92.188599,90.976425
850,7.083333,0.003264,0.988999,0.019407,0.146606,-195.678741,92.197105,90.927521
851,7.091667,0.001851,0.988941,0.018385,0.147151,-195.712097,92.209961,90.882210
852,7.100000,0.002634,0.989147,0.017074,0.145911,-195.736328,92.200722,90.797348
853,7.108333,0.003611,0.989365,0.016680,0.144447,-195.750031,92.205727,90.719345
854,7.116667,0.003096,0.989552,0.015389,0.143322,-195.759995,92.220596,90.668068
855,7.125000,0.002274,0.989623,0.013971,0.142989,-195.776825,92.230072,90.641006
856,7.133333,0.000978,0.989634,0.012628,0.143056,-195.798965,92.232208,90.625465
857,7.141667,-0.000527,0.989614,0.011786,0.143266,-195.824463,92.230904,90.619606
858,7.150000,-0.001126,0.989381,0.012020,0.144843,-195.869720,92.222198,90.642502
859,7.158333,-0.001387,0.989361,0.014166,0.144782,-195.894165,92.228996,90.684471
860,7.166667,-0.001499,0.989297,0.015861,0.145041,-195.900345,92.230293,90.719719
861,7.175000,-0.001101,0.989227,0.017465,0.145340,-195.895523,92.221466,90.751030
862,7.183333,-0.001069,0.989067,0.018820,0.146259,-195.874008,92.218651,90.793510
863,7.191667,-0.001394,0.989062,0.017651,0.146433,-195.842056,92.203918,90.822220
864,7.200000,-0.001132,0.989018,0.016958,0.146816,-195.806854,92.193459,90.835312
865,7.208333,0.000594,0.988981,0.016960,0.147067,-195.750122,92.184494,90.854263
866,7.216667,0.001622,0.988923,0.017184,0.147424,-195.690247,92.198250,90.889313
867,7.225000,0.006652,0.989096,0.016782,0.146163,-195.637329,92.173233,90.879547
868,7.233333,0.007237,0.989124,0.016939,0.145926,-195.579285,92.188110,90.888176
869,7.241667,0.008006,0.989097,0.017001,0.146065,-195.535843,92.196045,90.895775
870,7.250000,0.008679,0.989111,0.017387,0.145882,-195.511261,92.198715,90.906349
871,7.258333,0.008851,0.989099,0.017755,0.145912,-195.501373,92.199966,90.916267
872,7.266667,0.008736,0.989101,0.018196,0.145851,-195.508392,92.197029,90.927437
873,7.275000,0.008350,0.988968,0.018746,0.146700,-195.534653,92.192169,90.944962
874,7.283333,0.007565,0.988901,0.019081,0.147152,-195.570099,92.189362,90.954224
875,7.291667,0.006052,0.988852,0.019295,0.147522,-195.612228,92.189011,90.955177
876,7.300000,0.003562,0.988904,0.019012,0.147289,-195.655731,92.192673,90.947792
877,7.308333,0.001574,0.988912,0.018801,0.147298,-195.710098,92.192749,90.936211
878,7.316667,0.000800,0.988902,0.018910,0.147359,-195.770096,92.186913,90.912643
879,7.325000,0.000352,0.988927,0.018446,0.147250,-195.802826,92.174751,90.890770
880,7.333333,-0.001072,0.988991,0.017495,0.146935,-195.830780,92.173126,90.864357
881,7.341667,-0.000165,0.989114,0.020786,0.145676,-195.849976,92.199913,90.854980
882,7.350000,-0.000019,0.989090,0.021506,0.145731,-195.849472,92.211624,90.841583
883,7.358333,-0.000090,0.989067,0.021117,0.145945,-195.840118,92.218292,90.824387
884,7.366667,0.000138,0.989104,0.020262,0.145820,-195.822525,92.219963,90.802071
885,7.375000,0.001060,0.989297,0.017678,0.144836,-195.796890,92.202927,90.755684
886,7.383333,0.003193,0.989517,0.017580,0.143308,-195.756668,92.201904,90.703629
887,7.391667,0.003498,0.989689,0.016921,0.142188,-195.711273,92.210358,90.682663
888,7.400000,0.003982,0.989742,0.016248,0.141881,-195.676163,92.212997,90.683746
889,7.408333,0.005073,0.989768,0.016580,0.141632,-195.649094,92.215958,90.706154
890,7.416667,0.007074,0.989679,0.017233,0.142083,-195.629761,92.212234,90.753754
891,7.425000,0.006236,0.989823,0.015213,0.141349,-195.597321,92.213593,90.791115
892,7.433333,0.006095,0.989641,0.015176,0.142629,-195.578308,92.204781,90.850052
893,7.441667,0.005482,0.989554,0.016710,0.143083,-195.591827,92.196434,90.891983
894,7.450000,0.004693,0.989516,0.017994,0.143224,-195.619781,92.189392,90.934860
895,7.458333,0.004028,0.989479,0.019255,0.143334,-195.646240,92.187256,90.967880
896,7.466667,0.002362,0.989512,0.020302,0.143001,-195.667160,92.185883,90.991600
897,7.475000,0.000988,0.989510,0.021045,0.142917,-195.686264,92.183151,91.001099
898,7.483333,0.000062,0.989528,0.020727,0.142844,-195.704071,92.181862,90.999008
899,7.491667,-0.000269,0.989545,0.020138,0.142813,-195.721069,92.180779,90.988739
900,7.500000,-0.000330,0.989581,0.019254,0.142686,-195.739624,92.179520,90.962997
901,7.508333,0.000881,0.989603,0.018282,0.142657,-195.763367,92.176094,90.923668
902,7.516667,0.001009,0.989588,0.017329,0.142879,-195.766464,92.178543,90.896805
903,7.525000,0.000541,0.989639,0.016539,0.142619,-195.759811,92.182030,90.861351
904,7.533333,0.001550,0.989846,0.015986,0.141231,-195.742203,92.178902,90.808395
905,7.541667,0.002244,0.990183,0.014514,0.139006,-195.704193,92.187218,90.743279
906,7.550000,0.002802,0.990231,0.013193,0.138781,-195.671921,92.198448,90.712547
907,7.558333,0.005241,0.990269,0.014932,0.138265,-195.645020,92.221550,90.700455
908,7.566667,0.006757,0.990307,0.015453,0.137871,-195.619034,92.235260,90.708122
909,7.575000,0.008761,0.990217,0.015413,0.138402,-195.609955,92.222122,90.740280
910,7.583333,0.009110,0.990182,0.015121,0.138667,-195.600555,92.206261,90.774414
911,7.591667,0.007823,0.990220,0.015543,0.138424,-195.599869,92.194786,90.806076
912,7.600000,0.004895,0.990412,0.016007,0.137126,-195.598358,92.192871,90.826950
913,7.608333,0.003413,0.990353,0.016933,0.137490,-195.630249,92.191086,90.861252
914,7.616667,0.003957,0.990086,0.018128,0.139228,-195.682343,92.164474,90.909271
915,7.625000,0.002620,0.990046,0.018669,0.139474,-195.721054,92.153511,90.927780
916,7.633333,0.001867,0.990142,0.022820,0.138187,-195.753342,92.186691,90.944962
917,7.641667,0.002056,0.990207,0.024704,0.137388,-195.771652,92.202179,90.956879
918,7.650000,0.002207,0.990255,0.025282,0.136934,-195.784668,92.209389,90.959778
919,7.658333,0.002326,0.990294,0.024930,0.136717,-195.787827,92.208084,90.957886
920,7.666667,0.002051,0.990326,0.024420,0.136581,-195.780090,92.204727,90.953453
921,7.675000,0.002068,0.990322,0.023668,0.136740,-195.759094,92.199730,90.946663
922,7.683333,0.001321,0.990294,0.021549,0.137299,-195.730133,92.187714,90.937584
923,7.691667,0.003087,0.990387,0.019442,0.136915,-195.717209,92.158447,90.890022
924,7.700000,0.003484,0.990470,0.017157,0.136611,-195.674988,92.170349,90.846512
925,7.708333,0.004333,0.990533,0.016190,0.136248,-195.641113,92.179077,90.813736
926,7.716667,0.005302,0.990574,0.015626,0.135980,-195.624771,92.180588,90.779488
927,7.725000,0.006177,0.990565,0.014843,0.136096,-195.624496,92.182602,90.743660
928,7.733333,0.005634,0.990643,0.013337,0.135711,-195.630783,92.193275,90.712807
929,7.741667,0.005327,0.990636,0.012261,0.135877,-195.641510,92.198906,90.704582
930,7.750000,0.004884,0.990655,0.011682,0.135805,-195.651382,92.202278,90.709618
931,7.758333,0.004067,0.990671,0.011731,0.135706,-195.656570,92.205193,90.728424
932,7.766667,0.004361,0.990560,0.013632,0.136331,-195.675140,92.190208,90.777199
933,7.775000,0.003619,0.990487,0.015832,0.136645,-195.689743,92.178139,90.823875
934,7.783333,0.003629,0.990460,0.017757,0.136606,-195.714279,92.153023,90.860870
935,7.791667,0.003099,0.990260,0.018893,0.137910,-195.713669,92.139709,90.903557
936,7.800000,0.002559,0.990228,0.018944,0.138144,-195.716537,92.137650,90.920792
937,7.808333,0.002508,0.990231,0.018805,0.138138,-195.719879,92.137634,90.927101
938,7.816667,0.002610,0.990234,0.018769,0.138123,-195.723602,92.140854,90.923729
939,7.825000,0.000301,0.990182,0.018789,0.138516,-195.722916,92.165764,90.920242
940,7.833333,-0.000312,0.990199,0.018493,0.138436,-195.719528,92.174255,90.900017
941,7.841667,0.000993,0.990339,0.017174,0.137594,-195.715042,92.177589,90.860497
942,7.850000,0.002895,0.990485,0.016183,0.136637,-195.698013,92.173485,90.814133
943,7.858333,0.004018,0.990516,0.015498,0.136458,-195.675201,92.173645,90.781670
944,7.866667,0.004961,0.990526,0.014974,0.136413,-195.650711,92.175110,90.760872
945,7.875000,0.005691,0.990501,0.014630,0.136609,-195.624771,92.177635,90.754105
946,7.883333,0.006189,0.990485,0.014696,0.136697,-195.609192,92.181435,90.768204
947,7.891667,0.006235,0.990503,0.015141,0.136513,-195.603622,92.182549,90.782585
948,7.900000,0.005647,0.990541,0.015685,0.136202,-195.616180,92.181091,90.794090
949,7.908333,0.004939,0.990571,0.016109,0.135962,-195.638382,92.176384,90.794228
950,7.916667,0.003692,0.990594,0.015953,0.135853,-195.672867,92.171570,90.796249
951,7.925000,0.002572,0.990585,0.015980,0.135937,-195.705551,92.167824,90.799721
952,7.933333,0.001911,0.990511,0.016265,0.136454,-195.728821,92.168617,90.811897
953,7.941667,0.001697,0.990482,0.016441,0.136647,-195.735840,92.170952,90.818253
954,7.950000,0.002004,0.990512,0.016094,0.136469,-195.723907,92.168060,90.811729
955,7.958333,0.002285,0.990514,0.016086,0.136450,-195.707123,92.170959,90.810089
956,7.966667,0.002928,0.990492,0.015955,0.136610,-195.678848,92.171547,90.808517
957,7.975000,0.003952,0.990480,0.016272,0.136633,-195.649963,92.175369,90.807518
958,7.983333,0.004970,0.990477,0.016501,0.136598,-195.630081,92.179253,90.798172
959,7.991667,0.005799,0.990520,0.016203,0.136284,-195.623245,92.178787,90.777298
960,8.000000,0.005792,0.990526,0.015351,0.136340,-195.627274,92.180450,90.760078
961,8.008333,0.005655,0.990521,0.014727,0.136455,-195.636612,92.180679,90.756622
962,8.016667,0.005170,0.990516,0.014769,0.136503,-195.649139,92.178604,90.773270
963,8.025000,0.004234,0.990488,0.015730,0.136629,-195.666641,92.174995,90.802155
964,8.033333,0.003319,0.990478,0.016631,0.136624,-195.684830,92.172340,90.823021
965,8.041667,0.002327,0.990430,0.016985,0.136950,-195.704727,92.171219,90.842560
966,8.050000,0.001507,0.990396,0.017657,0.137122,-195.714645,92.166832,90.852921
967,8.058333,0.001198,0.990363,0.018099,0.137303,-195.712219,92.162102,90.858246
968,8.066667,0.002007,0.990336,0.017641,0.137546,-195.705994,92.166191,90.856712
969,8.075000,0.003740,0.990414,0.016944,0.137036,-195.709274,92.158302,90.841087
970,8.083333,0.003280,0.990433,0.016573,0.136955,-195.691742,92.170052,90.827110
971,8.091667,0.003141,0.990439,0.016312,0.136946,-195.677536,92.174179,90.807602
972,8.100000,0.003504,0.990468,0.016039,0.136764,-195.668777,92.174408,90.785080
973,8.108333,0.004007,0.990489,0.015473,0.136663,-195.660507,92.173386,90.769714
974,8.116667,0.004490,0.990488,0.015019,0.136700,-195.650879,92.174026,90.766678
975,8.125000,0.004769,0.990508,0.015396,0.136505,-195.645218,92.175674,90.785637
976,8.133333,0.004338,0.990520,0.015994,0.136364,-195.649307,92.174187,90.804573
977,8.141667,0.003829,0.990521,0.016476,0.136319,-195.663986,92.172852,90.817413
978,8.150000,0.003261,0.990518,0.016614,0.136338,-195.685547,92.170372,90.825844
979,8.158333,0.002583,0.990515,0.016402,0.136401,-195.704956,92.169083,90.827202
980,8.166667,0.002199,0.990501,0.016304,0.136518,-195.714142,92.168388,90.827026
981,8.175000,0.002145,0.990497,0.016090,0.136574,-195.709274,92.169014,90.825058
982,8.183333,0.002620,0.990476,0.016167,0.136706,-195.694824,92.170509,90.821808
983,8.191667,0.003411,0.990469,0.016283,0.136726,-195.674896,92.170990,90.809753
984,8.200000,0.003905,0.990497,0.016006,0.136542,-195.664139,92.171494,90.792763
985,8.208333,0.004242,0.990514,0.015602,0.136457,-195.660889,92.171326,90.780777
986,8.216667,0.004273,0.990521,0.015465,0.136418,-195.660568,92.171219,90.785065
987,8.225000,0.004089,0.990528,0.015718,0.136346,-195.665619,92.170601,90.793678
988,8.233333,0.003568,0.990538,0.016120,0.136242,-195.680740,92.171356,90.800598
989,8.241667,0.003047,0.990544,0.016017,0.136220,-195.697113,92.169891,90.800537
990,8.250000,0.002723,0.990530,0.015776,0.136356,-195.703476,92.167244,90.795990
991,8.258333,0.002951,0.990516,0.015662,0.136471,-195.696014,92.168175,90.790848
992,8.266667,0.003418,0.990529,0.015653,0.136362,-195.683929,92.170364,90.789322
993,8.275000,0.003796,0.990550,0.015805,0.136184,-195.674683,92.170982,90.792877
994,8.283333,0.003737,0.990577,0.015926,0.135973,-195.674530,92.170181,90.794060
995,8.291667,0.003651,0.990597,0.015921,0.135833,-195.685242,92.170403,90.790962
996,8.300000,0.003366,0.990591,0.015721,0.135910,-195.695786,92.169731,90.788841
997,8.308333,0.003212,0.990562,0.015508,0.136149,-195.698624,92.167099,90.788490
998,8.316667,0.003132,0.990537,0.015675,0.136315,-195.693268,92.168114,90.791878
999,8.325000,0.003326,0.990535,0.015794,0.136310,-195.685089,92.168930,90.793449
1000,8.333333,0.003719,0.990553,0.015916,0.136154,-195.679398,92.168274,90.792389
1001,8.341667,0.003698,0.990572,0.015926,0.136014,-195.679382,92.168518,90.793915
1002,8.350000,0.003577,0.990577,0.015814,0.135991,-195.682816,92.168770,90.793488
1003,8.358333,0.003398,0.990562,0.015610,0.136132,-195.686554,92.168198,90.792503
1004,8.366667,0.003198,0.990555,0.015673,0.136177,-195.690781,92.168823,90.792694
1005,8.375000,0.003201,0.990545,0.015720,0.136248,-195.691498,92.169258,90.793076
1006,8.383333,0.003332,0.990552,0.015831,0.136184,-195.689606,92.169624,90.793846
1007,8.391667,0.003396,0.990557,0.015819,0.136147,-195.687027,92.168938,90.794708
1008,8.400000,0.003428,0.990551,0.015853,0.136181,-195.682022,92.168434,90.793007
1009,8.408333,0.003620,0.990554,0.015720,0.136173,-195.678085,92.167755,90.793335
1010,8.416667,0.003684,0.990569,0.015805,0.136047,-195.678207,92.168327,90.792824
1011,8.425000,0.003556,0.990568,0.015810,0.136062,-195.680206,92.167015,90.793350
1012,8.433333,0.003489,0.990576,0.015994,0.135984,-195.682907,92.167709,90.793488
1013,8.441667,0.003445,0.990572,0.015960,0.136017,-195.685577,92.168839,90.794334
1014,8.450000,0.003428,0.990565,0.015940,0.136070,-195.686813,92.169693,90.795227
1015,8.458333,0.003308,0.990563,0.015998,0.136080,-195.688492,92.171021,90.796562
1016,8.466667,0.003260,0.990550,0.015813,0.136199,-195.688660,92.169769,90.795662
1017,8.475000,0.003286,0.990553,0.015830,0.136170,-195.689926,92.169350,90.795097
1018,8.483333,0.003269,0.990554,0.015787,0.136173,-195.689621,92.169136,90.795906
1019,8.491667,0.003258,0.990560,0.015748,0.136132,-195.689117,92.168335,90.795929
1020,8.500000,0.003210,0.990556,0.015757,0.136166,-195.687729,92.167938,90.795647
1021,8.508333,0.003140,0.990554,0.015736,0.136179,-195.687668,92.168083,90.796539
1022,8.516667,0.003207,0.990557,0.015702,0.136163,-195.686966,92.168221,90.796295
1023,8.525000,0.003308,0.990553,0.015822,0.136174,-195.685959,92.168671,90.796074
1024,8.533333,0.003419,0.990554,0.015887,0.136157,-195.683960,92.168182,90.795555
1025,8.541667,0.003408,0.990558,0.015865,0.136133,-195.682831,92.167427,90.794930
1026,8.550000,0.003556,0.990557,0.015922,0.136128,-195.682220,92.167351,90.794853
1027,8.558333,0.003524,0.990563,0.015946,0.136084,-195.681931,92.167801,90.794113
1028,8.566667,0.003430,0.990563,0.015980,0.136079,-195.683533,92.168190,90.795326
1029,8.575000,0.003462,0.990568,0.016012,0.136042,-195.683975,92.167099,90.795174
1030,8.583333,0.003418,0.990567,0.016028,0.136048,-195.684525,92.167633,90.794579
1031,8.591667,0.003492,0.990567,0.016007,0.136045,-195.684891,92.168182,90.793922
1032,8.600000,0.003484,0.990569,0.015844,0.136054,-195.684952,92.167717,90.793671
1033,8.608333,0.003446,0.990564,0.015767,0.136098,-195.684952,92.167786,90.793266
1034,8.616667,0.003419,0.990554,0.015727,0.136179,-195.685638,92.168297,90.794395
1035,8.625000,0.003409,0.990554,0.015788,0.136166,-195.685150,92.169136,90.794296
1036,8.633333,0.003423,0.990554,0.015802,0.136170,-195.684631,92.169159,90.794327
1037,8.641667,0.003340,0.990556,0.015743,0.136160,-195.683701,92.167839,90.794960
1038,8.650000,0.003301,0.990554,0.015946,0.136153,-195.681778,92.168007,90.795532
1039,8.658333,0.003402,0.990552,0.015825,0.136178,-195.680099,92.166451,90.794876
1040,8.666667,0.003513,0.990560,0.015930,0.136107,-195.680359,92.167282,90.795326
1041,8.675000,0.003584,0.990565,0.015889,0.136071,-195.680313,92.167404,90.796310
